rank,lemma,gloss,kind,ref_count,ref_coverage
1,ὁ,the,F,19769,14.3718
2,καί,"and, also",F,8973,20.8951
3,αὐτός,unemph. 3rd pers.pronoun; -self; [the] same,F,5546,24.9269
4,σύ,you (personal pronoun),F,2894,27.0308
5,δέ,but,F,2766,29.0417
6,ἐν,"in, among. c. dat.",F,2733,31.0285
7,ἐγώ,I (first person pronoun),F,2572,32.8984
8,εἰμί,to be,L,2456,34.6838
9,λέγω,to pick; to say,L,2345,36.3886
10,εἰς,"into, to c. acc.",F,1754,37.6638
11,οὐ,not,L,1605,38.8306
12,ὅς,"who, that, which: relative pronoun",F,1408,39.8542
13,οὗτος,this; that,F,1385,40.8610
14,θεός,god,L,1307,41.8112
15,ὅτι,"conj.: that, because",F,1294,42.7519
16,πᾶς,"all, the whole",L,1244,43.6563
17,γάρ,for,F,1039,44.4116
18,μή,not,L,1036,45.1648
19,ἐκ,from out of,F,913,45.8285
20,Ἰησοῦς,,L,906,46.4872
21,ἐπί,"on, upon with gen., dat., and acc.",F,885,47.1306
22,κύριος,"a lord, master",L,713,47.6489
23,ἔχω,to have,L,706,48.1622
24,πρός,"(w. gen.) from; (w. dat.) at, near, in addition to; (w. acc.) to, toward, regarding",F,696,48.6682
25,γίνομαι,,L,667,49.1531
26,διά,through c. gen.; because of c. acc.,F,666,49.6372
27,ἵνα,in order that (conj.); where (rel. adv.),F,662,50.1185
28,ἀπό,"from, away from. c. gen.",F,644,50.5867
29,ἀλλά,"otherwise, but",F,638,51.0505
30,ἔρχομαι,to come,L,631,51.5092
31,ποιέω,"to make, to do",L,568,51.9222
32,τίς,who? which?,F,554,52.3249
33,ἄνθρωπος,"man, person, human",L,550,52.7247
34,τις,"any one, any thing, some one, some thing;",F,530,53.1101
35,Χριστός,to be rubbed on,L,528,53.4939
36,ὡς,"as, how",F,503,53.8596
37,εἰ,"conj. if, whether; part. w/wishes, adv. w/imperatives",F,502,54.2245
38,οὖν,"so, then, therefore",F,494,54.5837
39,ὁράω,to see,L,476,54.9297
40,μετά,"(w gen) with, among; (w acc) after",F,470,55.2714
41,κατά,"down, against with gen.; according to, throughout with acc.",F,469,55.6123
42,ἀκούω,to hear,L,427,55.9228
43,δίδωμι,to give,L,415,56.2245
44,πολύς,"much, many",L,415,56.5262
45,πατήρ,a father,L,413,56.8264
46,ἡμέρα,day,L,389,57.1092
47,πνεῦμα,a blowing,L,379,57.3847
48,υἱός,a son,L,375,57.6574
49,ἤ,either..or; than,F,346,57.9089
50,εἷς,one,L,342,58.1575
51,ἀδελφός,sons of the same mother,L,342,58.4062
52,ἑαυτοῦ,"himself, herself, themselves",F,333,58.6482
53,περί,"around, round about with gen., dat., and acc.",F,332,58.8896
54,ἐάν,if,F,331,59.1302
55,λόγος,the word,L,330,59.3701
56,λαλέω,"to talk, chat, prattle, babble",L,297,59.5861
57,οἶδα,to know,L,296,59.8012
58,οὐρανός,heaven,L,273,59.9997
59,μαθητής,"a learner, pupil",L,262,60.1902
60,λαμβάνω,"to take, seize, receive",L,258,60.3777
61,γῆ,earth,L,248,60.5580
62,πίστις,"trust, belief; pledge, security",L,242,60.7340
63,ἐκεῖνος,"that over there, that",F,242,60.9099
64,πιστεύω,"to trust, trust to",L,241,61.0851
65,μέγας,"big, great",L,240,61.2596
66,ἅγιος,"devoted to the gods, sacred, holy",L,233,61.4290
67,οὐδείς,"not one, nobody",L,232,61.5976
68,ἀποκρίνομαι,,L,232,61.7663
69,ὄνομα,name,L,229,61.9328
70,γινώσκω,,L,221,62.0934
71,ὑπό,"from under, by, c. gen. under, c. dat., towards c. acc.",F,220,62.2534
72,ἀνήρ,a man,L,216,62.4104
73,ἐξέρχομαι,"to go out, come out",L,216,62.5674
74,τέ,,F,213,62.7223
75,γυνή,a woman,L,212,62.8764
76,δύναμαι,"to be able, capable, strong enough",L,209,63.0283
77,θέλω,,L,208,63.1796
78,οὕτως,"so, in this manner",L,207,63.3300
79,ἰδού,,F,200,63.4754
80,Ἰουδαῖος,,L,194,63.6165
81,εἰσέρχομαι,to go in,L,193,63.7568
82,νόμος,"usage, custom, law, ordinance",L,193,63.8971
83,παρά,"from the side of, c. gen., beside, alongside of, c. dat., to the side of, motion alongside of, c. acc.",F,193,64.0374
84,γράφω,"to scratch, draw, write",L,190,64.1755
85,κόσμος,order,L,185,64.3100
86,καθώς,how,F,182,64.4423
87,μέν,"on the one hand, on the other hand",F,178,64.5717
88,εὑρίσκω,to find,L,176,64.6997
89,χείρ,the hand,L,176,64.8276
90,ἄγγελος,"a messenger, envoy",L,175,64.9549
91,ὄχλος,"a moving crowd, a throng, mob",L,174,65.0813
92,ἁμαρτία,"a failure, fault, sin",L,172,65.2064
93,ἄν,modal particle,F,171,65.3307
94,ἔργον,work,L,169,65.4536
95,δόξα,a notion,L,165,65.5735
96,βασιλεία,"a kingdom, dominion",L,162,65.6913
97,πόλις,a city,L,162,65.8091
98,ἔθνος,"a number of people accustomed to live together, a company, body of men",L,160,65.9254
99,τότε,"at that time, then",L,159,66.0410
100,Παῦλος,,L,158,66.1558
101,ἐσθίω,to eat,L,157,66.2700
102,Πέτρος,a stone,L,156,66.3834
103,καρδία,the heart,L,156,66.4968
104,χάρις,"gratitude, favor, grace, charm",L,155,66.6095
105,δέω,"to bind, tie, fetter",L,154,66.7214
106,ἄλλος,"other, another",L,154,66.8334
107,πρῶτος,first,L,153,66.9446
108,ἵστημι,to make to stand,L,153,67.0558
109,πορεύομαι,,L,150,67.1649
110,ὑπέρ,"over, above, w. gen, over, beyond, w. acc.",F,150,67.2739
111,καλέω,"to call, summon",L,148,67.3815
112,σάρξ,flesh,L,147,67.4884
113,νῦν,now at this very time,L,145,67.5938
114,ἕως,(w. aor or as prep.) until; (w. pres) as long as,F,145,67.6992
115,προφήτης,one who speaks for a God and interprets his will,L,144,67.8039
116,ὅστις,indef. relative or indirect interrogative,F,144,67.9086
117,ἀγαπάω,"to treat with affection, to caress, love, be fond of",L,143,68.0126
118,ἀφίημι,"to send forth, discharge",L,143,68.1165
119,ἐγείρω,"to awaken, wake up, rouse",L,143,68.2205
120,οὐδέ,and/but not; not even,F,142,68.3237
121,σῶμα,the body,L,142,68.4269
122,λαός,the people,L,141,68.5295
123,ζάω,to live,L,140,68.6312
124,πάλιν,"back, backwards",L,139,68.7323
125,φωνή,"a sound, tone",L,139,68.8333
126,δύο,two,L,135,68.9315
127,ζωή,a living,L,135,69.0296
128,Ἰωάννης,,L,135,69.1278
129,βλέπω,"to see, have the power of sight",L,133,69.2245
130,ἀποστέλλω,to send off,L,132,69.3204
131,σύν,"along with, in company with, together with",F,129,69.4142
132,νεκρός,"a dead body, corpse",L,128,69.5072
133,ἀμήν,"verily, of a truth, so be it",F,128,69.6003
134,δοῦλος,slave,L,126,69.6919
135,ὅταν,"when, whenever",F,123,69.7813
136,αἰών,"life, lifetime, time; spinal marrow",L,122,69.8700
137,ἀρχιερεύς,"an arch-priest, chief-priest",L,122,69.9587
138,βάλλω,to throw,L,121,70.0467
139,θάνατος,death,L,120,70.1339
140,δύναμις,"power, might, strength",L,119,70.2204
141,παραδίδωμι,"to hand over, to surrender",L,119,70.3069
142,μένω,"to stay at home, stay where one is, not stir",L,118,70.3927
143,ζητέω,"to seek, seek for",L,117,70.4778
144,ἀπέρχομαι,"to go away, depart from",L,117,70.5628
145,ἀγάπη,love,L,116,70.6472
146,βασιλεύς,"a king, chief",L,115,70.7308
147,κρίνω,"to pick out, choose, judge, determine",L,114,70.8136
148,ἐκκλησία,"an assembly of the citizens regularly summoned, the legislative assembly",L,114,70.8965
149,ἴδιος,"one's own, pertaining to oneself",L,114,70.9794
150,οἶκος,"a house, abode, dwelling",L,112,71.0608
151,ἀποθνῄσκω,"to die, be killed",L,111,71.1415
152,ὅσος,as much/many as,F,111,71.2222
153,μόνος,"alone, left alone, forsaken solitary",L,110,71.3022
154,μέλλω,"to think of doing, intend to do, to be about to do",L,109,71.3814
155,παρακαλέω,to call to,L,109,71.4607
156,ἀλήθεια,truth,L,109,71.5399
157,ἀνίστημι,"to make to stand up, raise up",L,108,71.6184
158,ὅλος,"whole, entire, complete in all its parts",L,108,71.6969
159,σῴζω,"to save, keep",L,106,71.7740
160,ὥρα,"time, season, climate",L,106,71.8511
161,πῶς,how? in what way,L,103,71.9259
162,ψυχή,"breath, soul",L,102,72.0001
163,ἐξουσία,power,L,102,72.0742
164,ὅτε,when,F,102,72.1484
165,αἴρω,"to take up, raise, lift up",L,101,72.2218
166,καλός,beautiful,L,101,72.2952
167,ἀγαθός,good,L,101,72.3687
168,ὁδός,"a way, path, track, journey",L,101,72.4421
169,τίθημι,"to set, put, place",L,100,72.5148
170,ἀλλήλων,"of one another, to one another, one another",F,100,72.5875
171,ὀφθαλμός,the eye,L,100,72.6602
172,τέκνον,a child,L,99,72.7322
173,αἷμα,blood,L,97,72.8027
174,γεννάω,"to beget, engender",L,97,72.8732
175,ἄρτος,"bread, loaf of bread",L,97,72.9437
176,ἕτερος,the one; the other (of two),L,97,73.0142
177,Φαρισαῖος,,L,96,73.0840
178,διδάσκω,to teach,L,96,73.1538
179,περιπατέω,"to walk up and down, to walk about",L,95,73.2229
180,φοβέομαι,,L,95,73.2919
181,ἐκεῖ,"there, in that place",L,95,73.3610
182,τόπος,a place,L,94,73.4293
183,ἐνώπιον,,F,94,73.4977
184,οἰκία,"a building, house, dwelling",L,93,73.5653
185,πούς,a foot,L,93,73.6329
186,ἔτι,"yet, as yet, still, besides",L,93,73.7005
187,δικαιοσύνη,"righteousness, justice",L,91,73.7667
188,εἰρήνη,"peace, time of peace",L,91,73.8328
189,κάθημαι,to be seated,L,91,73.8990
190,θάλασσα,the sea,L,90,73.9644
191,μηδείς,"(and not one); not one, no-one",L,90,74.0298
192,πίπτω,"to fall, fall down",L,90,74.0953
193,ἀπόλλυμι,"to destroy, kill; to lose",L,90,74.1607
194,ἀκολουθέω,to follow,L,89,74.2254
195,ἑπτά,seven,L,88,74.2894
196,οὔτε,neither / nor,F,87,74.3526
197,πληρόω,to make full,L,86,74.4151
198,προσέρχομαι,to come,L,86,74.4777
199,ἄρχω,"(to be first) to rule, to begin",L,86,74.5402
200,καιρός,"time; the right moment, opportunity",L,85,74.6020
201,προσεύχομαι,to offer prayers,L,85,74.6638
202,κἀγώ,,F,83,74.7241
203,μήτηρ,a mother,L,83,74.7844
204,ὥστε,so that,F,83,74.8448
205,μᾶλλον,"more, rather",L,81,74.9037
206,ἀναβαίνω,"to go up, mount, to go up to",L,81,74.9626
207,ἐκβάλλω,to throw,L,81,75.0214
208,ἕκαστος,"every, every one, each, each one",L,81,75.0803
209,ὅπου,where,F,81,75.1392
210,καταβαίνω,"to step down, go",L,80,75.1974
211,Μωϋσῆς,,L,79,75.2548
212,δίκαιος,"just, observant of custom, correct, balanced",L,79,75.3122
213,πέμπω,"to send, despatch",L,79,75.3697
214,ἀπόστολος,"a messenger, ambassador, envoy",L,79,75.4271
215,ὑπάγω,to lead,L,79,75.4845
216,πονηρός,"toilsome, painful, grievous",L,78,75.5412
217,στόμα,the mouth,L,78,75.5979
218,βαπτίζω,to dip in,L,77,75.6539
219,σημεῖον,"a sign, a mark, token",L,77,75.7099
220,ἀνοίγω,,L,77,75.7659
221,μαρτυρέω,"to be a witness, to bear witness, give evidence, bear testimony",L,76,75.8211
222,πρόσωπον,"the face, visage, countenance",L,76,75.8764
223,ἐμός,mine,L,76,75.9316
224,Ἰερουσαλήμ,,L,76,75.9869
225,ὕδωρ,water,L,76,76.0421
226,Σίμων,,L,75,76.0967
227,δώδεκα,twelve,L,75,76.1512
228,εὐαγγέλιον,the reward of good tidings,L,75,76.2057
229,κεφαλή,the head,L,75,76.2602
230,χαίρω,"to rejoice, be glad, be delighted",L,74,76.3140
231,ἀποκτείνω,"to kill, slay",L,74,76.3678
232,Ἀβραάμ,,L,73,76.4209
233,ἱερός,"super-human, mighty, divine, wonderful",L,73,76.4740
234,πίνω,to drink,L,72,76.5263
235,φῶς,,L,72,76.5787
236,πῦρ,fire,L,71,76.6303
237,τηρέω,"to watch over, protect, guard",L,71,76.6819
238,αἰτέω,"to ask, beg; postulate",L,70,76.7328
239,αἰώνιος,lasting for an age,L,69,76.7829
240,σάββατον,,L,68,76.8324
241,ἄγω,to lead,L,68,76.8818
242,Ἰσραήλ,,L,68,76.9312
243,πιστός,to be trusted,L,67,76.9799
244,πλοῖον,"a floating vessel, a ship, vessel",L,67,77.0287
245,τρεῖς,three,L,67,77.0774
246,ἀπολύω,to loose from,L,67,77.1261
247,ῥῆμα,"(spoken) word, line, verb",L,67,77.1748
248,καρπός,fruit,L,66,77.2228
249,φέρω,to bear,L,66,77.2707
250,ἐντολή,"an injunction, order, command, behest",L,66,77.3187
251,εἴτε,whether..or (regardless of whether A or B),F,65,77.3660
252,πρεσβύτερος,,L,65,77.4132
253,φημί,"to say, to claim",L,65,77.4605
254,δαιμόνιον,"divine being, spirit",L,63,77.5063
255,Ἱεροσόλυμα,,L,63,77.5521
256,γραμματεύς,"a secretary, clerk",L,62,77.5972
257,δοκέω,"seem, impers. it seems best..",L,62,77.6422
258,θέλημα,will,L,62,77.6873
259,θρόνος,"a seat, chair",L,62,77.7324
260,ἐρωτάω,to ask,L,62,77.7775
261,ἔξω,out,L,62,77.8225
262,ὄρος,"a mountain, hill",L,62,77.8676
263,Γαλιλαία,,L,61,77.9119
264,δοξάζω,"to think, imagine, suppose, fancy, conjecture",L,61,77.9563
265,κηρύσσω,"to be a herald, officiate as herald",L,61,78.0006
266,νύξ,the night,L,61,78.0450
267,ἀγαπητός,beloved,L,61,78.0893
268,ὧδε,"in this wise, so, thus",L,61,78.1337
269,προσκυνέω,to make obeisance,L,60,78.1773
270,ἤδη,already,L,60,78.2209
271,ἱμάτιον,"an outer garment, a cloak",L,60,78.2645
272,ὑπάρχω,to begin; to exist,L,60,78.3082
273,Δαυίδ,,L,59,78.3510
274,εὐθύς,"straight, direct",L,59,78.3939
275,συνάγω,"to bring together, gather together, collect, convene",L,59,78.4368
276,χαρά,"joy, delight",L,59,78.4797
277,ἀσπάζομαι,"to welcome kindly, bid welcome, greet",L,59,78.5226
278,διδάσκαλος,"a teacher, master",L,58,78.5648
279,θεωρέω,"to look at, view, behold",L,58,78.6069
280,λίθος,a stone,L,58,78.6491
281,μηδέ,but not,F,57,78.6906
282,δέχομαι,"to take, accept, receive",L,56,78.7313
283,μέσος,"middle, in the middle",L,56,78.7720
284,συναγωγή,"a bringing together, uniting",L,56,78.8127
285,τοιοῦτος,such as this,F,56,78.8534
286,ἐπερωτάω,"to inquire of, question, consult",L,56,78.8941
287,Πιλᾶτος,,L,55,78.9341
288,κράζω,to croak,L,55,78.9741
289,λοιπός,"remaining, the rest",L,55,79.0141
290,τρίτος,the third,L,55,79.0540
291,ἀρχή,"a beginning, rule, office, empire",L,55,79.0940
292,δεξιός,on the right hand,L,54,79.1333
293,εὐαγγελίζω,,L,54,79.1725
294,διό,"wherefore, on which account",F,53,79.2111
295,οὐχί,,F,53,79.2496
296,χρόνος,time,L,53,79.2881
297,ἐλπίς,"hope, expectation",L,53,79.3267
298,ὅπως,"how, that, in order that, as",F,53,79.3652
299,παιδίον,a child,L,52,79.4030
300,πείθω,"to prevail upon, win over, persuade",L,52,79.4408
301,σπείρω,to sow,L,52,79.4786
302,ἐπαγγελία,a public denunciation,L,52,79.5164
303,ἔσχατος,outermost,L,52,79.5542
304,σοφία,skill,L,51,79.5913
305,γλῶσσα,the tongue,L,50,79.6276
306,κακός,bad,L,50,79.6640
307,μακάριος,"blessed, happy",L,50,79.7003
308,παραβολή,"juxta-position, comparison",L,50,79.7367
309,τυφλός,blind,L,50,79.7730
310,γραφή,"drawing, writing; indictment",L,49,79.8087
311,παραλαμβάνω,to receive from,L,49,79.8443
312,χρεία,"use, advantage, service",L,49,79.8799
313,ἄρα,particle: 'so',F,49,79.9155
314,ἔτος,a year,L,49,79.9511
315,φανερόω,to make manifest,L,48,79.9860
316,ἀποδίδωμι,"to give back, give what is due; (mid.) sell",L,48,80.0209
317,ἔμπροσθεν,"before, in front",F,48,80.0558
318,ἔρημος,,L,48,80.0907
319,κρίσις,"a separating, power of distinguishing",L,47,80.1249
320,κρατέω,"to be strong, mighty, powerful",L,47,80.1591
321,οὐκέτι,"no more, no longer, no further",L,47,80.1932
322,ποῦ,where,L,47,80.2274
323,προσφέρω,to bring to,L,47,80.2616
324,πρό,before,F,47,80.2957
325,φυλακή,a watching,L,47,80.3299
326,φόβος,"fear, panic, flight",L,47,80.3641
327,ἁμαρτωλός,"(adj.) sinful, (n.) sinner",L,47,80.3982
328,ἄχρι,"until, up to; (Hom.) to the uttermost, utterly",F,47,80.4324
329,θηρίον,"a wild animal, beast",L,46,80.4659
330,μικρός,"small, little",L,46,80.4993
331,οὐαί,woe,F,46,80.5327
332,σταυρόω,to fence with pales; to crucify,L,46,80.5662
333,σωτηρία,"a saving, deliverance, preservation, safety",L,46,80.5996
334,διώκω,to pursue,L,45,80.6323
335,θλῖψις,pressure,L,45,80.6650
336,καθίζω,"to make to sit down, seat",L,45,80.6978
337,ναός,"the dwelling of a god, a temple",L,45,80.7305
338,ἀπαγγέλλω,"to bring tidings, report, announce",L,45,80.7632
339,ὅμοιος,"like, resembling",L,45,80.7959
340,δεύτερος,second,L,44,80.8279
341,κατοικέω,to settle; to inhabit,L,44,80.8599
342,ἐπιγινώσκω,,L,44,80.8919
343,Ἰουδαία,,L,44,80.9239
344,Ἰούδας,,L,44,80.9558
345,γενεά,"race, stock, family",L,43,80.9871
346,θαυμάζω,"to wonder, marvel, be astonished",L,43,81.0184
347,θεραπεύω,"to be an attendant, do service",L,43,81.0496
348,σεαυτοῦ,of thyself,F,43,81.0809
349,σπέρμα,"seed, offspring",L,43,81.1121
350,φωνέω,to produce a sound,L,43,81.1434
351,Ἡρῴδης,,L,43,81.1747
352,καινός,"new, fresh",L,42,81.2052
353,λύω,to loose,L,42,81.2357
354,μέρος,"a part, share",L,42,81.2663
355,πάσχω,"to experience, to suffer",L,42,81.2968
356,χωρίς,"separately, asunder, apart, by oneself",F,42,81.3273
357,ἀνάστασις,a raising up,L,42,81.3579
358,ἁμαρτάνω,"to miss, miss the mark",L,42,81.3884
359,ἐγγίζω,"bring near, bring up to",L,42,81.4189
360,Ἰάκωβος,,L,42,81.4495
361,διέρχομαι,"to go through, pass through",L,41,81.4793
362,εὐλογέω,"to speak well of, praise, honour",L,41,81.5091
363,πάντοτε,"at all times, always",L,41,81.5389
364,παρίστημι,to make to stand,L,41,81.5687
365,σήμερον,to-day,L,41,81.5985
366,τιμή,that which is paid in token of worth,L,41,81.6283
367,ἄξιος,worthy,L,41,81.6581
368,ἐργάζομαι,"to work, labour",L,41,81.6879
369,ὀλίγος,"few, little, scanty, small",L,41,81.7177
370,κλαίω,"to weep, lament, wail",L,40,81.7468
371,λογίζομαι,"to count, reckon, calculate, compute",L,40,81.7759
372,μισέω,to hate,L,40,81.8050
373,μνημεῖον,"a memorial, remembrance, monument",L,40,81.8340
374,οἰκοδομέω,to build a house,L,40,81.8631
375,τέλος,the fulfilment,L,40,81.8922
376,τέσσαρες,four,L,40,81.9213
377,ἑτοιμάζω,"to make ready, prepare",L,40,81.9504
378,ἱκανός,"becoming, befitting, sufficing",L,40,81.9794
379,δικαιόω,to set right,L,39,82.0078
380,θύρα,a door,L,39,82.0361
381,περισσεύω,to be over and above,L,39,82.0645
382,πλανάω,"to make to wander, lead wandering about",L,39,82.0929
383,πρόβατον,sheep; small cattle,L,39,82.1212
384,ἅπτω,"to fasten, bind fast; mid. touch",L,39,82.1496
385,ἐπιτίθημι,"to lay, put on; (mid.) to attack",L,39,82.1779
386,εὐχαριστέω,"to be thankful, return thanks",L,38,82.2055
387,πέντε,five,L,38,82.2332
388,πράσσω,"do, (w. adv) fare, (mid.) charge payment",L,38,82.2608
389,ἐπιθυμία,"desire, yearning, longing",L,38,82.2884
390,ὑποτάσσω,to place,L,38,82.3160
391,βούλομαι,"to will, wish, be willing",L,37,82.3429
392,διακονέω,"to minister, serve, do service",L,37,82.3698
393,μαρτυρία,"witness, testimony, evidence",L,37,82.3967
394,πειράζω,to make proof,L,37,82.4236
395,ἄρχων,"a ruler, commander, chief, captain",L,37,82.4505
396,ἐμαυτοῦ,"of me, of myself",F,37,82.4774
397,Σατανᾶς,,L,36,82.5036
398,Φίλιππος,,L,36,82.5298
399,καλῶς,,L,36,82.5559
400,καυχάομαι,"to speak loud, be loud-tongued",L,36,82.5821
401,οὖς,"auris, the ear",L,36,82.6083
402,παραγίνομαι,,L,36,82.6345
403,περιτομή,circumcision,L,36,82.6606
404,προσευχή,prayer,L,36,82.6868
405,ἀγρός,"fields, lands",L,36,82.7130
406,ἄρτι,"just now, recently",L,36,82.7391
407,ἐπιστρέφω,"to turn about, turn round",L,36,82.7653
408,ὀργή,natural impulse,L,36,82.7915
409,ὥσπερ,"just as if, even as",F,36,82.8177
410,διάβολος,"slanderous, backbiting",L,35,82.8431
411,εὐθέως,,L,35,82.8685
412,μάρτυς,a witness,L,35,82.8940
413,Ἰωσήφ,,L,35,82.9194
414,ὀπίσω,backwards,F,35,82.9449
415,ὀφείλω,"to owe, have to pay",L,35,82.9703
416,ὑποστρέφω,"to turn round about, turn back",L,35,82.9958
417,βιβλίον,"a paper, scroll, letter",L,34,83.0205
418,βλασφημέω,to drop evil,L,34,83.0452
419,διακονία,"the office of a διάκονος, service",L,34,83.0699
420,μέλος,a limb; a phrase of song; a song,L,34,83.0946
421,μήτε,neither / nor,F,34,83.1194
422,μετανοέω,to change one's mind,L,34,83.1441
423,οἶνος,wine,L,34,83.1688
424,πτωχός,one who crouches,L,34,83.1935
425,ἀσθενέω,"to be weak, feeble, sickly",L,34,83.2182
426,δείκνυμι,to show,L,33,83.2422
427,διαθήκη,a disposition,L,33,83.2662
428,ναί,"yea, verily",F,33,83.2902
429,ποῖος,of what nature? of what sort?,F,33,83.3142
430,ἀρνέομαι,"to deny, disown",L,33,83.3382
431,ἐκπορεύομαι,,L,33,83.3622
432,δυνατός,"strong, mighty, able",L,32,83.3854
433,παραγγέλλω,to transmit as a message; give orders,L,32,83.4087
434,ἀκάθαρτος,"uncleansed, unclean, impure",L,32,83.4320
435,ἀναγινώσκω,,L,32,83.4552
436,ἅπας,"quite all, the whole",L,32,83.4785
437,ἐλεάω,,L,32,83.5018
438,ἐχθρός,"hated, hateful; enemy",L,32,83.5250
439,ἥλιος,the sun,L,32,83.5483
440,ὑπομονή,a remaining behind,L,32,83.5715
441,καθαρίζω,"to make clean, to cleanse",L,31,83.5941
442,παρρησία,"freespokenness, openness, frankness",L,31,83.6166
443,πλήν,except,F,31,83.6392
444,πλῆθος,"a great number, a throng, crowd, multitude",L,31,83.6617
445,ποτήριον,"a drinking-cup, wine-cup",L,31,83.6842
446,φαίνω,"to bring to light, make to appear",L,31,83.7068
447,φυλάσσω,"to keep watch and ward, keep guard",L,31,83.7293
448,φυλή,"a race, a tribe",L,31,83.7518
449,ἄνεμος,wind,L,31,83.7744
450,ἐλπίζω,"to hope for, look for, expect",L,31,83.7969
451,ἔξεστιν,,L,31,83.8194
452,ἱερεύς,"a priest, sacrificer",L,31,83.8420
453,ὁμοίως,,L,31,83.8645
454,διδαχή,teaching,L,30,83.8863
455,σκανδαλίζω,"to make to stumble, give offence to",L,30,83.9081
456,σκότος,"darkness, gloom",L,30,83.9299
457,συνέρχομαι,"come together, meet",L,30,83.9518
458,συνείδησις,self-consciousness: conscience,L,30,83.9736
459,ἀγοράζω,to be in the ἀγορά,L,30,83.9954
460,ἀρνίον,a little lamb; a sheep-skin,L,30,84.0172
461,ἐγγύς,"near, nigh, at hand",L,30,84.0390
462,ἐπικαλέω,to call upon,L,30,84.0608
463,ἴδε,,F,30,84.0826
464,Καῖσαρ,,L,29,84.1037
465,γαμέω,to marry,L,29,84.1248
466,γνῶσις,"a (judicial) inquiry, knowledge",L,29,84.1459
467,διάκονος,"a servant, waiting-man",L,29,84.1669
468,μάχαιρα,a large knife,L,29,84.1880
469,μισθός,"wages, pay, hire",L,29,84.2091
470,πάσχα,Passover,L,29,84.2302
471,παράκλησις,"a calling to one's aid, summons",L,29,84.2513
472,παρέρχομαι,"to go by, beside",L,29,84.2724
473,ποτέ,,L,29,84.2934
474,προσκαλέομαι,,L,29,84.3145
475,πόθεν,"whence? (i.e., from where?)",L,29,84.3356
476,φίλος,"friend; loved, beloved, dear",L,29,84.3567
477,φεύγω,"to flee, take flight, run away",L,29,84.3778
478,ἐπιτιμάω,"honor, raise price; blame, rebuke, censure",L,29,84.3989
479,Ἠλίας,,L,29,84.4199
480,ἰσχυρός,"strong, mighty",L,29,84.4410
481,Βαρναβᾶς,,L,28,84.4614
482,Μαρία,,L,28,84.4817
483,θυγάτηρ,a daughter,L,28,84.5021
484,θυσία,"burnt offering, sacrifice",L,28,84.5224
485,νικάω,"to conquer, prevail, vanquish",L,28,84.5428
486,πλούσιος,"rich, wealthy, opulent",L,28,84.5632
487,προφητεύω,to be an interpreter,L,28,84.5835
488,τελέω,"to complete, fulfil, accomplish",L,28,84.6039
489,χώρα,land,L,28,84.6242
490,ἀδικέω,to do wrong,L,28,84.6446
491,ἀληθινός,agreeable to truth,L,28,84.6649
492,ἁγιάζω,"hallow, make sacred",L,28,84.6853
493,ἐνδύω,to go into,L,28,84.7056
494,ἡγέομαι,"to lead; to consider, believe",L,28,84.7260
495,ἰσχύω,to be strong,L,28,84.7464
496,βαστάζω,"to lift, lift up, raise",L,27,84.7660
497,καταργέω,to leave unemployed,L,27,84.7856
498,κρίμα,"decision, judgement",L,27,84.8052
499,κώμη,country town,L,27,84.8249
500,πόσος,how much? how many?,F,27,84.8445
501,σταυρός,an upright pale,L,27,84.8641
502,ἐκεῖθεν,"from that place, thence",L,27,84.8838
503,ἐκχέω,to pour out,L,27,84.9034
504,ἔλεος,"pity, mercy, compassion",L,27,84.9230
505,ἥκω,"to have come, be present, be here",L,27,84.9426
506,Ἰακώβ,,L,27,84.9623
507,Μαριάμ,,L,26,84.9812
508,δουλεύω,to be a slave,L,26,85.0001
509,καθαρός,"clear of dirt, clean, spotless, unsoiled",L,26,85.0190
510,λυπέω,"to give pain to, to pain, distress, grieve, vex, annoy",L,26,85.0379
511,μυστήριον,a mystery,L,26,85.0568
512,οὔπω,not yet,L,26,85.0757
513,πνευματικός,"of spirit, spiritual",L,26,85.0946
514,στρατιώτης,a citizen bound to military service;,L,26,85.1135
515,συνίημι,to bring together; understand,L,26,85.1324
516,φρονέω,"to think, to have understanding, to be sage, wise, prudent",L,26,85.1513
517,χήρα,"bereft of a husband, a widow",L,26,85.1702
518,ἀληθής,"unconcealed, true",L,26,85.1891
519,ἀποκαλύπτω,to uncover,L,26,85.2080
520,ἀσθενής,"without strength, weak, feeble, weakly",L,26,85.2269
521,ἐπεί,"after, since, when",F,26,85.2458
522,ἰάομαι,"to heal, cure",L,26,85.2647
523,ὀμνύω,,L,26,85.2836
524,ὁμολογέω,"agree, say the same thing as",L,26,85.3025
525,Αἴγυπτος,,L,25,85.3207
526,δέκα,ten,L,25,85.3388
527,δένδρον,a tree,L,25,85.3570
528,κελεύω,to urge,L,25,85.3752
529,λευκός,"light, bright, clear",L,25,85.3934
530,μήποτε,"never, on no account",F,25,85.4115
531,μανθάνω,to learn,L,25,85.4297
532,νεφέλη,a cloud,L,25,85.4479
533,οὗ,"him, her (οὗ οἷ ἕ)",L,25,85.4661
534,πάρειμι,be present,L,25,85.4842
535,πορνεία,"fornication, prostitution",L,25,85.5024
536,σός,your,L,25,85.5206
537,φιλέω,"to love, regard with affection",L,25,85.5388
538,ἀδελφή,a sister,L,25,85.5569
539,ἀδικία,injustice,L,25,85.5751
540,ἀναβλέπω,to look up,L,25,85.5933
541,ἑορτή,a feast,L,25,85.6115
542,Ἕλλην,,L,25,85.6296
543,Τιμόθεος,,L,24,85.6471
544,γνωρίζω,"to make known, point out, explain",L,24,85.6645
545,κεῖμαι,to lie; to have been set/put (as perf. pass. of τίθημι),L,24,85.6820
546,νοῦς,,L,24,85.6994
547,πίμπλημι,to fill full of,L,24,85.7169
548,παρουσία,"a being present, presence",L,24,85.7343
549,παῖς,a child,L,24,85.7518
550,προσέχω,"to hold to, offer",L,24,85.7692
551,σωτήρ,"a saviour, deliverer, preserver",L,24,85.7867
552,ἀκοή,"a hearing, the sound heard",L,24,85.8041
553,ἀναιρέω,to take up; to destroy,L,24,85.8216
554,ἀσθένεια,"want of strength, weakness, feebleness, sickliness",L,24,85.8390
555,ἀστήρ,star,L,24,85.8565
556,ἐπιστολή,"a message, command, commission",L,24,85.8739
557,διότι,"for the reason that, since",F,23,85.8906
558,εἰκών,"a likeness, image, portrait",L,23,85.9074
559,ζῷον,"a living being, animal",L,23,85.9241
560,θυσιαστήριον,an altar,L,23,85.9408
561,καταλείπω,to leave behind,L,23,85.9575
562,κοιλία,"the large cavity of the body, the belly",L,23,85.9742
563,κοπιάω,"to be tired, grow weary",L,23,85.9910
564,κωλύω,"to let, hinder, check, prevent",L,23,86.0077
565,μιμνῄσκομαι,,L,23,86.0244
566,νέος,"young, youthful",L,23,86.0411
567,πέραν,"on the other side, across, beyond",F,23,86.0578
568,πεινάω,"to be hungry, suffer hunger, be famished",L,23,86.0746
569,περιβάλλω,to throw round,L,23,86.0913
570,σκεῦος,a vessel,L,23,86.1080
571,τελειόω,"to make perfect, complete",L,23,86.1247
572,χαρίζομαι,,L,23,86.1414
573,χιλιάς,"the number one thousand, a thousand",L,23,86.1582
574,ἀμπελών,a vineyard,L,23,86.1749
575,ἀνάγω,to lead up; mid. set sail,L,23,86.1916
576,ἄπιστος,not to be trusted,L,23,86.2083
577,ἐκλεκτός,"picked out, select",L,23,86.2250
578,ἐλεύθερος,free,L,23,86.2418
579,Μακεδονία,,L,22,86.2578
580,γρηγορέω,to be awake,L,22,86.2738
581,δοκιμάζω,to assay,L,22,86.2897
582,θεάομαι,"to look on, gaze at, view, behold",L,22,86.3057
583,καθεύδω,"to lie down to sleep, sleep",L,22,86.3217
584,κατεργάζομαι,"to effect by labour, to achieve, accomplish",L,22,86.3377
585,κατηγορέω,"to speak against, to accuse",L,22,86.3537
586,κἀκεῖνος,,F,22,86.3697
587,μετάνοια,"after-thought, repentance",L,22,86.3857
588,πληγή,"a blow, stroke",L,22,86.4017
589,πλοῦτος,"wealth, riches",L,22,86.4177
590,πωλέω,to exchange; to sell,L,22,86.4337
591,συνέδριον,"a body of men assembled in council, a council-board, council",L,22,86.4497
592,τεσσεράκοντα,,L,22,86.4657
593,ἀγνοέω,"not to perceive, be ignorant of",L,22,86.4817
594,ἀντί,"over against, opposite. c. gen.",F,22,86.4977
595,ἐκλέγομαι,,L,22,86.5137
596,Ἠσαΐας,,L,22,86.5297
597,αὐξάνω,"to make large, increase, augment",L,21,86.5449
598,βασιλεύω,"to be king, to rule, reign",L,21,86.5602
599,διδασκαλία,"teaching, instruction, education",L,21,86.5755
600,εὐδοκέω,to be well pleased,L,21,86.5907
601,θερίζω,"to do summer-work, to mow, reap",L,21,86.6060
602,καθίστημι,"to set down, place",L,21,86.6213
603,λατρεύω,to work for hire,L,21,86.6365
604,μηκέτι,"no more, no longer, no further",L,21,86.6518
605,μνημονεύω,"to call to mind, remember",L,21,86.6671
606,πειρασμός,"trial, temptation",L,21,86.6823
607,στρέφω,to turn about,L,21,86.6976
608,τελώνης,a tax collector,L,21,86.7129
609,τιμάω,to honor; to value something at a price (gen.),L,21,86.7281
610,χιλίαρχος,"the commander of a thousand men, a chiliarch",L,21,86.7434
611,ἐνεργέω,"to be in action, to operate",L,21,86.7587
612,ἐφίστημι,"to set on, over; set in charge of",L,21,86.7739
613,ὑπακούω,"to listen, hearken, give ear",L,21,86.7892
614,αἰτία,"a charge, accusation",L,20,86.8037
615,γέ,,F,20,86.8183
616,γένος,"race, stock, family",L,20,86.8328
617,γονεύς,"a begetter, father",L,20,86.8473
618,μαρτύριον,"a testimony, proof",L,20,86.8619
619,νηστεύω,to fast,L,20,86.8764
620,νυνί,"now, at this moment",L,20,86.8910
621,ξύλον,wood,L,20,86.9055
622,προάγω,"to lead forward, on, onward",L,20,86.9200
623,σκηνή,"a covered place, a tent",L,20,86.9346
624,τοσοῦτος,"so large, so tall",F,20,86.9491
625,τρέχω,to run,L,20,86.9637
626,ἀκροβυστία,the foreskin,L,20,86.9782
627,ἀργύριον,"a piece of silver, a silver coin",L,20,86.9927
628,ἐπίγνωσις,full knowledge,L,20,87.0073
629,ἕνεκεν,,F,20,87.0218
630,ἡγεμών,"leader, guide",L,20,87.0364
631,ἰχθύς,a fish,L,20,87.0509
632,Ἰσαάκ,,L,20,87.0654
633,ὑπηρέτης,(an under-rower); a servant,L,20,87.0800
634,ὑψόω,"to lift high, raise up",L,20,87.0945
635,ὡσεί,"just as if, as though",L,20,87.1091
636,βάπτισμα,baptism,L,19,87.1229
637,γεωργός,tilling the ground,L,19,87.1367
638,διακρίνω,to separate one from another,L,19,87.1505
639,δῶρον,"a gift, present",L,19,87.1643
640,κοινωνία,"communion, association, partnership, fellowship",L,19,87.1781
641,κρείττων,,L,19,87.1919
642,κριτής,"a decider, judge, umpire",L,19,87.2058
643,κρύπτω,"to hide, cover, cloak",L,19,87.2196
644,κτίσις,"a founding, foundation",L,19,87.2334
645,μήν,"now verily, full surely",L,19,87.2472
646,μεριμνάω,"to care for, be anxious about, think earnestly upon, scan minutely",L,19,87.2610
647,παλαιός,old in years,L,19,87.2748
648,παράπτωμα,"a false step, a transgression, trespass",L,19,87.2886
649,παρατίθημι,to place beside,L,19,87.3024
650,προφητεία,the gift of interpreting the will of the gods,L,19,87.3163
651,πότε,when? at what time?,L,19,87.3301
652,σοφός,"wise, skilled, clever",L,19,87.3439
653,τέλειος,"having reached its end, finished, complete",L,19,87.3577
654,ἀπέχω,to keep off,L,19,87.3715
655,ἐπάνω,"above, atop, on the upper side",F,19,87.3853
656,ἐπαίρω,to lift up and set on,L,19,87.3991
657,ἐπιλαμβάνομαι,,L,19,87.4129
658,ἐπουράνιος,"in heaven, heavenly",L,19,87.4268
659,βλασφημία,a profane speech,L,18,87.4398
660,δέησις,"an entreating, asking: a prayer, entreaty",L,18,87.4529
661,εἰσπορεύομαι,,L,18,87.4660
662,θυμός,the soul,L,18,87.4791
663,καταγγέλλω,"to denounce, betray",L,18,87.4922
664,κενός,empty,L,18,87.5053
665,κληρονομέω,"to receive a share of an inheritance, to inherit a portion",L,18,87.5184
666,κοιμάομαι,,L,18,87.5314
667,κόπος,"a striking, beating",L,18,87.5445
668,μέχρις,,F,18,87.5576
669,οἰκοδομή,,L,18,87.5707
670,παραχρῆμα,"on the spot, forthwith, straightway",L,18,87.5838
671,ποιμήν,"herdsman, shepherd",L,18,87.5969
672,πολλάκις,"many times, often, oft",L,18,87.6100
673,προστίθημι,"to add, to apply, to close (a door); mid. to join (a group), take as an ally",L,18,87.6230
674,πυλών,"a gateway, gate-house",L,18,87.6361
675,πόλεμος,"battle, fight, war",L,18,87.6492
676,στέφανος,that which surrounds,L,18,87.6623
677,τίκτω,to bring into the world,L,18,87.6754
678,φανερός,"open to sight, visible, manifest, evident",L,18,87.6885
679,ἀληθῶς,,L,18,87.7016
680,ἀπώλεια,destruction,L,18,87.7146
681,ἀριθμός,number,L,18,87.7277
682,Ἀντιόχεια,,L,18,87.7408
683,Ἀσία,,L,18,87.7539
684,ἐπιβάλλω,to throw,L,18,87.7670
685,ἐπιτρέπω,"to turn over to, entrust, command",L,18,87.7801
686,Καισάρεια,,L,17,87.7924
687,βρῶμα,"that which is eaten, food, meat",L,17,87.8048
688,θησαυρός,"a store laid up, treasure",L,17,87.8171
689,κατέχω,to hold fast,L,17,87.8295
690,καταλύω,"to put down, destroy; settle (disputes); lodge, rest",L,17,87.8419
691,κερδαίνω,"to gain, derive profit",L,17,87.8542
692,κρυπτός,"hidden, secret",L,17,87.8666
693,μήτι,,F,17,87.8789
694,νίπτω,,L,17,87.8913
695,οὔ,,F,17,87.9037
696,περιτέμνω,to cut,L,17,87.9160
697,πλήρωμα,a full measure; crew,L,17,87.9284
698,πλησίον,,L,17,87.9407
699,ποταμός,"a river, stream",L,17,87.9531
700,σκοτία,"darkness, gloom",L,17,87.9655
701,ταράσσω,"to stir, stir up, trouble",L,17,87.9778
702,χάρισμα,"a grace, favour: a free gift, gift of God's grace",L,17,87.9902
703,χρυσοῦς,,L,17,88.0025
704,ἀνάγκη,"force, constraint, necessity",L,17,88.0149
705,ἀποκάλυψις,"an uncovering, a revelation",L,17,88.0272
706,ἀρέσκω,"(to make good, make up), to please",L,17,88.0396
707,ἄφεσις,"a letting go, dismissal",L,17,88.0520
708,ἐλέγχω,cross-examine; put to the test; prove; refute,L,17,88.0643
709,ἐμβαίνω,to step in,L,17,88.0767
710,ἐξίστημι,"to put out of its place, to change",L,17,88.0890
711,ἐπαύριον,on the morrow,L,17,88.1014
712,ἑκατοντάρχης,leader of a hundred,L,17,88.1138
713,ἑκατόν,a hundred,L,17,88.1261
714,ἕτοιμος,,L,17,88.1385
715,ἵππος,"a horse, mare",L,17,88.1508
716,ὑποκριτής,"an interpreter, actor",L,17,88.1632
717,ὑπομένω,"to stay behind, survive",L,17,88.1756
718,ὡσαύτως,"in like manner, just so",L,17,88.1879
719,ὦ,O! oh!,F,17,88.2003
720,ῥίζα,a root,L,17,88.2126
721,ῥύομαι,to draw to oneself,L,17,88.2250
722,Καφαρναούμ,,L,16,88.2366
723,γάμος,"a wedding, wedding-feast",L,16,88.2483
724,δέσμιος,binding,L,16,88.2599
725,δεῖπνον,the principal meal,L,16,88.2715
726,δηνάριον,a denary,L,16,88.2831
727,διαλογίζομαι,to balance accounts,L,16,88.2948
728,διατάσσω,to appoint,L,16,88.3064
729,διψάω,to thirst,L,16,88.3180
730,εὐλογία,good,L,16,88.3297
731,ζῆλος,"eager rivalry, zealous imitation, emulation",L,16,88.3413
732,κακῶς,,L,16,88.3529
733,κατακρίνω,to give as sentence against,L,16,88.3646
734,κλέπτης,a thief,L,16,88.3762
735,κλείω,"to shut, close, bar",L,16,88.3878
736,κἄν,"and if, even if, although",L,16,88.3995
737,λύπη,pain of body,L,16,88.4111
738,νυμφίος,"a bridegroom, one lately married",L,16,88.4227
739,οὐδέποτε,never,L,16,88.4344
740,πάθημα,"anything that befals one, a suffering, calamity, misfortune",L,16,88.4460
741,παρέχω,"to furnish, provide, supply",L,16,88.4576
742,πλήρης,filled,L,16,88.4693
743,προσδοκάω,to expect,L,16,88.4809
744,συκῆ,the fig-tree,L,16,88.4925
745,συλλαμβάνω,"to collect, gather together",L,16,88.5042
746,σφραγίς,"a seal, signet, seal-ring",L,16,88.5158
747,τέρας,"a sign, wonder, marvel",L,16,88.5274
748,τολμάω,"to undertake, take heart",L,16,88.5390
749,τροφή,"nourishment, food, victuals",L,16,88.5507
750,ἀθετέω,to set aside,L,16,88.5623
751,ἀνακρίνω,"to examine closely, to question, interrogate",L,16,88.5739
752,ἐκτείνω,to stretch out,L,16,88.5856
753,ἐπιθυμέω,to set one's heart upon,L,16,88.5972
754,ἐργάτης,a workman,L,16,88.6088
755,ἔπειτα,"then, next",L,16,88.6205
756,Ἔφεσος,,L,16,88.6321
757,ὑστερέω,"to be behind, come late",L,16,88.6437
758,Δαμασκός,,L,15,88.6546
759,Λάζαρος,,L,15,88.6655
760,Σαῦλος,"swaggering, straddling",L,15,88.6764
761,γεύομαι,,L,15,88.6874
762,γνωστός,"known, to be known",L,15,88.6983
763,γυμνός,"naked, unclad",L,15,88.7092
764,δέρω,"to skin, flay",L,15,88.7201
765,δεσμός,"anything for binding, a band, bond",L,15,88.7310
766,διαμαρτύρομαι,to protest solemnly,L,15,88.7419
767,εἶτα,"then, next",L,15,88.7528
768,εὐσέβεια,"reverence towards the gods, piety, religion",L,15,88.7637
769,εὐχαριστία,"thankfulness, gratitude",L,15,88.7746
770,θεμέλιος,of or for the foundation; (abs.) foundation (stone),L,15,88.7855
771,θρίξ,the hair of the head,L,15,88.7964
772,κατέρχομαι,to go down from; return from exile,L,15,88.8073
773,κληρονόμος,one who receives a portion,L,15,88.8182
774,κτίζω,to found,L,15,88.8291
775,λῃστής,"a robber, plunderer",L,15,88.8400
776,νομίζω,to have as a custom; to believe,L,15,88.8509
777,ξηραίνω,"to parch up, dry up",L,15,88.8618
778,οἰκουμένη,the inhabited world,L,15,88.8727
779,πέτρα,"a rock, a ledge",L,15,88.8836
780,παρθένος,"a maid, maiden, virgin, girl",L,15,88.8945
781,παύω,to make to cease,L,15,88.9054
782,περισσότερος,,L,15,88.9164
783,ποτίζω,to give to drink,L,15,88.9273
784,προλέγω,pick before; foretell; proclaim,L,15,88.9382
785,σαλεύω,"to cause to rock, make to oscillate, shake to and fro",L,15,88.9491
786,σκάνδαλον,a trap,L,15,88.9600
787,συμφέρω,to bring together; impers. to benefit,L,15,88.9709
788,συνίστημι,"to set together, combine, associate, unite, band together",L,15,88.9818
789,σφραγίζω,to seal,L,15,88.9927
790,τράπεζα,four-legged a table,L,15,89.0036
791,τύπος,a blow,L,15,89.0145
792,χορτάζω,"to feed, fatten",L,15,89.0254
793,χόρτος,a feeding-place; fodder,L,15,89.0363
794,ἀνέχομαι,,L,15,89.0472
795,ἀνομία,lawlessness,L,15,89.0581
796,ἀπάγω,"to lead away, carry off",L,15,89.0690
797,ἐπαγγέλλομαι,,L,15,89.0799
798,ἐπιμένω,"to stay on, tarry",L,15,89.0908
799,Ἰορδάνης,,L,15,89.1017
800,ὁμοιόω,to make like,L,15,89.1126
801,ὅθεν,"from where, whence",F,15,89.1235
802,ὠφελέω,"to help, aid, assist, to be of use",L,15,89.1344
803,ῥαββί,o my master,L,15,89.1454
804,Σαδδουκαῖος,,L,14,89.1555
805,αὔριον,to-morrow,L,14,89.1657
806,γράμμα,"(drawing, scratch) letter, character, writing, document",L,14,89.1759
807,διαλογισμός,a balancing of accounts,L,14,89.1861
808,εὐφραίνω,"to cheer, delight, gladden",L,14,89.1962
809,θύω,to sacrifice,L,14,89.2064
810,κατανοέω,"to observe well, to understand",L,14,89.2166
811,κατεσθίω,"to eat up, devour",L,14,89.2268
812,κλάω,"to break, break off",L,14,89.2370
813,κληρονομία,an inheritance,L,14,89.2471
814,κοινός,"common, shared in common",L,14,89.2573
815,κοινόω,"to make common, communicate, impart",L,14,89.2675
816,κωφός,"blunt, dull, obtuse",L,14,89.2777
817,λύχνος,"a portable light, a lamp",L,14,89.2878
818,μέτρον,that by which anything is measured,L,14,89.2980
819,μακροθυμία,"long-suffering, patience",L,14,89.3082
820,μακρόθεν,from afar,L,14,89.3184
821,μερίζω,"to divide, distribute",L,14,89.3286
822,μοιχεύω,to commit adultery with,L,14,89.3387
823,μύρον,"sweet juice extracted form plants, sweet-oil, unguent, balsam",L,14,89.3489
824,νήπιος,"infant, childish",L,14,89.3591
825,νοέω,"to perceive by the eyes, observe, notice",L,14,89.3693
826,ξένος,"a guest, guest-friend, stranger; foreign",L,14,89.3794
827,οἷος,(such a kind) as; for οἷός τε see οἷος III.2,F,14,89.3896
828,πετεινόν,,L,14,89.3998
829,προσδέχομαι,"to receive favourably, accept",L,14,89.4100
830,πώς,,L,14,89.4202
831,σεισμός,"a shaking, shock",L,14,89.4303
832,σῖτος,"corn, grain",L,14,89.4405
833,τάλαντον,a balance,L,14,89.4507
834,ταπεινόω,to lower,L,14,89.4609
835,φρόνιμος,"in one's right mind, in one's senses",L,14,89.4710
836,φύσις,"the nature, natural qualities, powers, constitution, condition",L,14,89.4812
837,χωλός,lame,L,14,89.4914
838,ἀλλότριος,of/belonging to another,L,14,89.5016
839,ἀμφότεροι,,L,14,89.5118
840,ἀνάκειμαι,to be laid up,L,14,89.5219
841,ἀναγγέλλω,"to carry back tidings of, report",L,14,89.5321
842,ἀναχωρέω,to go back,L,14,89.5423
843,ἀνθίστημι,to set against,L,14,89.5525
844,ἀπειθέω,"to be disobedient, refuse compliance",L,14,89.5626
845,ἀτενίζω,"to look intently, gaze earnestly",L,14,89.5728
846,ἀφίσταμαι,,L,14,89.5830
847,ἁρπάζω,"to snatch away, carry off",L,14,89.5932
848,ἄκανθα,"a thorn, prickle",L,14,89.6034
849,ἅπαξ,once,L,14,89.6135
850,ἐλάχιστος,"the smallest, least",L,14,89.6237
851,ἐλαία,the olive-tree,L,14,89.6339
852,ἐνιαυτός,year,L,14,89.6441
853,ἐντέλλομαι,,L,14,89.6542
854,ἐξαποστέλλω,to send quite away Pass.,L,14,89.6644
855,ἐπίσταμαι,to know,L,14,89.6746
856,ἕκτος,sixth,L,14,89.6848
857,ὀψία,"the latter part of day, evening",L,14,89.6950
858,ὄφις,"a serpent, snake",L,14,89.7051
859,ὑπακοή,obedience,L,14,89.7153
860,Μάρθα,,L,13,89.7248
861,Ναζωραῖος,,L,13,89.7342
862,Τίτος,,L,13,89.7437
863,Φῆστος,,L,13,89.7531
864,δαιμονίζομαι,to be possessed by a demon,L,13,89.7626
865,διαλέγομαι,talk,L,13,89.7720
866,διαφέρω,"to carry through; be different from, excel",L,13,89.7815
867,δράκων,"dragon, serpent",L,13,89.7909
868,ζύμη,leaven,L,13,89.8004
869,θερισμός,"reaping-time, harvest",L,13,89.8098
870,καίω,"to light, kindle",L,13,89.8193
871,καθάπερ,,F,13,89.8287
872,καπνός,smoke,L,13,89.8382
873,καταισχύνω,"to disgrace, dishonour, put to shame",L,13,89.8476
874,καταλαμβάνω,"to seize upon, lay hold of",L,13,89.8571
875,καταντάω,"come down to, arrive",L,13,89.8665
876,καταρτίζω,"to adjust, put in order, in battle array",L,13,89.8760
877,κλέπτω,"to steal, filch, purloin",L,13,89.8854
878,παιδίσκη,"a young girl, maiden",L,13,89.8949
879,παιδεύω,to bring up,L,13,89.9043
880,παράδοσις,"a handing down, transmission",L,13,89.9138
881,πρίν,before; (after negated main clause) until,F,13,89.9232
882,στηρίζω,"to make fast, prop, fix, set",L,13,89.9327
883,συνεργός,"working together, joining",L,13,89.9421
884,τίμιος,valued,L,13,89.9516
885,τρόπος,"a turn, direction, course, way; character",L,13,89.9610
886,τύπτω,"to beat, strike, smite",L,13,89.9705
887,χωρίζω,"to separate, part, sever, divide",L,13,89.9799
888,ἀνά,"up, upon",L,13,89.9894
889,ἀναλαμβάνω,"to take up, take into one's hands",L,13,89.9988
890,ἀναστροφή,"a turning upside down, upsetting",L,13,90.0083
891,ἄνωθεν,"from above, from on high",L,13,90.0177
892,Ἀνδρέας,,L,13,90.0272
893,ἐκπλήσσομαι,,L,13,90.0366
894,ἐλεημοσύνη,"pity, mercy: a charity, alms",L,13,90.0461
895,ἐμπαίζω,"to mock at, mock",L,13,90.0555
896,ἐπιζητέω,"to seek after, wish for, miss",L,13,90.0650
897,ἔξωθεν,from without,L,13,90.0744
898,ἕξ,six,L,13,90.0839
899,ὕψιστος,"highest, loftiest",L,13,90.0933
900,Βαβυλών,,L,12,90.1021
901,Βηθανία,,L,12,90.1108
902,Ζεβεδαῖος,,L,12,90.1195
903,Μαγδαληνή,,L,12,90.1282
904,αὐλή,court,L,12,90.1370
905,βαπτιστής,one that dips: a baptizer,L,12,90.1457
906,βασανίζω,"to put to the test, to torture",L,12,90.1544
907,βοάω,"to cry aloud, to shout",L,12,90.1631
908,βουλή,"will, determination; council, senate",L,12,90.1719
909,βροντή,thunder,L,12,90.1806
910,βῆμα,"a step, pace; a platform",L,12,90.1893
911,γέεννα,ge-hinnom,L,12,90.1980
912,γόνυ,the knee,L,12,90.2068
913,δέομαι,,L,12,90.2155
914,δίκτυον,"a casting-net, a net",L,12,90.2242
915,δεῦτε,hither! come on! come here!,L,12,90.2329
916,διάνοια,"a thought, intention, purpose",L,12,90.2417
917,κάλαμος,a reed,L,12,90.2504
918,κατάκειμαι,"to lie down, lie outstretched",L,12,90.2591
919,κολλάομαι,,L,12,90.2678
920,κράτος,"strength, might",L,12,90.2765
921,λίαν,"very, exceedingly",L,12,90.2853
922,λιμός,"hunger, famine",L,12,90.2940
923,λυχνία,lampstand,L,12,90.3027
924,μάλιστα,most,L,12,90.3114
925,μεταβαίνω,to pass over from one place to another,L,12,90.3202
926,μωρός,"dull, sluggish, stupid",L,12,90.3289
927,οἰκοδεσπότης,"the master of the house, the good man of the house",L,12,90.3376
928,παραιτέομαι,to beg from,L,12,90.3463
929,περισσοτέρως,,L,12,90.3551
930,πιάζω,,L,12,90.3638
931,πληθύνω,"to make full, increase, multiply",L,12,90.3725
932,πλουτέω,"to be rich, wealthy",L,12,90.3812
933,προσλαμβάνομαι,,L,12,90.3900
934,πρωΐ,"early in the day, at morn",L,12,90.3987
935,πρόθεσις,a placing in public,L,12,90.4074
936,πυνθάνομαι,to learn by hearsay,L,12,90.4161
937,πόρνη,a prostitute,L,12,90.4249
938,πῶλος,"a foal, young horse",L,12,90.4336
939,σαλπίζω,"to sound the trumpet, give signal by trumpet",L,12,90.4423
940,σπουδή,"haste, speed",L,12,90.4510
941,συνέχω,"to hold or keep together, secure; mid. to be afflicted",L,12,90.4597
942,τρίς,"thrice, three times",L,12,90.4685
943,τυγχάνω,"(with gen.) to hit the mark, to get; (with pple) to happen to, to actually",L,12,90.4772
944,φιάλη,"a broad, flat vessel, a bowl",L,12,90.4859
945,φονεύω,"to murder, kill, slay",L,12,90.4946
946,χοῖρος,"a young pig, porker",L,12,90.5034
947,χρυσίον,a piece of gold,L,12,90.5121
948,ψεύδομαι,,L,12,90.5208
949,ἀλέκτωρ,a cock,L,12,90.5295
950,ἀναπίπτω,to fall back,L,12,90.5383
951,ἀναπαύω,"to make to cease, to stop",L,12,90.5470
952,ἀσκός,"a leathern-bag, a wine-skin",L,12,90.5557
953,ἄδικος,"wrong-doing, unrighteous, unjust",L,12,90.5644
954,ἐξάγω,to lead out,L,12,90.5732
955,ἔθος,"custom, habit",L,12,90.5819
956,ἔσωθεν,from within,L,12,90.5906
957,ὀδούς,tooth,L,12,90.5993
958,ὅραμα,"that which is seen, a sight, spectacle",L,12,90.6081
959,ὅριον,"a boundary, limit",L,12,90.6168
960,ὑγιαίνω,"to be sound, healthy",L,12,90.6255
961,ῥάβδος,"a rod, wand, stick, switch",L,12,90.6342
962,Ῥωμαῖος,,L,12,90.6429
963,Βαραββᾶς,,L,11,90.6509
964,Γαλιλαῖος,,L,11,90.6589
965,Ζαχαρίας,,L,11,90.6669
966,Θωμᾶς,,L,11,90.6749
967,Σαμάρεια,,L,11,90.6829
968,Τύρος,,L,11,90.6909
969,βρῶσις,meat,L,11,90.6989
970,γέμω,to be full,L,11,90.7069
971,διαμερίζω,to distribute,L,11,90.7149
972,δωρεά,"a gift, present",L,11,90.7229
973,δόλος,"a bait, trap, cunning",L,11,90.7309
974,εἰσάγω,to lead in,L,11,90.7389
975,εἴδωλον,"an image, a phantom",L,11,90.7469
976,εἴκοσιν,,L,11,90.7549
977,ζηλόω,"to rival, vie with, emulate",L,11,90.7629
978,ζῳοποιέω,,L,11,90.7709
979,θάπτω,"to bury, to honour with funeral rites",L,11,90.7789
980,θανατόω,to put to death,L,11,90.7869
981,κέρας,the horn of an animal,L,11,90.7949
982,κακία,badness,L,11,90.8029
983,καταβολή,a throwing,L,11,90.8109
984,κατακαίω,"to burn down, burn completely",L,11,90.8189
985,κατασκευάζω,to equip,L,11,90.8269
986,καύχημα,"a boast, vaunt",L,11,90.8349
987,καύχησις,reason to boast,L,11,90.8429
988,κλάδος,a young slip,L,11,90.8509
989,κλῆρος,"lot, casting of lots, allotment",L,11,90.8589
990,κλῆσις,"a calling, call",L,11,90.8669
991,κράβαττος,,L,11,90.8749
992,λίμνη,a pool of standing water; a lake,L,11,90.8829
993,μακρός,long,L,11,90.8909
994,μετρέω,to measure in any way,L,11,90.8988
995,νόσος,"sickness, disease, malady",L,11,90.9068
996,πηγή,"running waters, streams",L,11,90.9148
997,ποιμαίνω,to be shepherd,L,11,90.9228
998,πραΰτης,,L,11,90.9308
999,πρότερος,"before, earlier",L,11,90.9388
1000,πρᾶγμα,"that which has been done, a deed, act",L,11,90.9468
1001,σάλπιγξ,"a war-trumpet, trump",L,11,90.9548
1002,σπλάγχνον,the inward parts,L,11,90.9628
1003,σπλαγχνίζομαι,,L,11,90.9708
1004,σπουδάζω,to make haste,L,11,90.9788
1005,συγγενής,"born with, congenital, natural, in-born",L,11,90.9868
1006,σφόδρα,"very, very much, exceedingly, violently",L,11,90.9948
1007,σχίζω,"to split, cleave",L,11,91.0028
1008,τελευτάω,"to complete, finish, accomplish; pple. finally, in the end",L,11,91.0108
1009,τριάκοντα,thirty,L,11,91.0188
1010,φυτεύω,to plant,L,11,91.0268
1011,φωτίζω,"to enlighten, illuminate: to instruct, teach",L,11,91.0348
1012,χίλιοι,a thousand,L,11,91.0428
1013,χείρων,"worse, meaner, inferior",L,11,91.0508
1014,χιτών,"the garment worn next the skin, a frock",L,11,91.0588
1015,χράομαι,"use, experience",L,11,91.0668
1016,ψευδοπροφήτης,"false, lying prophet",L,11,91.0748
1017,ἀγαλλιάω,to rejoice exceedingly,L,11,91.0828
1018,ἀγορά,an assembly of the people,L,11,91.0908
1019,ἀνατολή,"a rising, rise",L,11,91.0988
1020,ἀντιλέγω,"to speak against, gainsay, contradict",L,11,91.1068
1021,ἀπαρνέομαι,"to deny utterly, deny",L,11,91.1148
1022,ἀπιστία,"disbelief, distrust, mistrust",L,11,91.1228
1023,ἀρχαῖος,from the beginning,L,11,91.1308
1024,ἄφρων,without sense,L,11,91.1388
1025,ἅλυσις,a chain,L,11,91.1467
1026,Ἀγρίππας,,L,11,91.1547
1027,Ἁνανίας,,L,11,91.1627
1028,ἐάω,"to let, suffer, allow, permit",L,11,91.1707
1029,ἐλευθερία,"freedom, liberty",L,11,91.1787
1030,ἐμβλέπω,"to look in the face, look at",L,11,91.1867
1031,ἐνδείκνυμι,"to mark, point out",L,11,91.1947
1032,ἐξουθενέω,,L,11,91.2027
1033,ἐπαισχύνομαι,to be ashamed at,L,11,91.2107
1034,ἐπιπίπτω,to fall upon,L,11,91.2187
1035,ἐπισκέπτομαι,,L,11,91.2267
1036,ἔλαιον,olive-oil,L,11,91.2347
1037,ἔπαινος,"approval, praise, commendation",L,11,91.2427
1038,ὁμοθυμαδόν,with one accord,L,11,91.2507
1039,ὑγιής,"sound, healthy, hearty, sound in",L,11,91.2587
1040,ὑμέτερος,"your, yours",L,11,91.2667
1041,ὑποκάτω,"below, under",F,11,91.2747
1042,ὑψηλός,"high, lofty, high-raised",L,11,91.2827
1043,βίβλος,the inner bark of the papyrus,L,10,91.2900
1044,βίος,life,L,10,91.2972
1045,δάκρυον,a tear,L,10,91.3045
1046,δεσπότης,"a master, lord, the master of the house",L,10,91.3118
1047,δικαίωμα,an act by which wrong is set right,L,10,91.3190
1048,διωγμός,the chase,L,10,91.3263
1049,θλίβω,"to press, squeeze, pinch",L,10,91.3336
1050,κλητός,"called, invited, welcome",L,10,91.3409
1051,κοινωνός,"a companion, partner",L,10,91.3481
1052,κομίζω,"to take care of, provide for",L,10,91.3554
1053,κοσμέω,"to order, arrange",L,10,91.3627
1054,κἀκεῖ,,F,10,91.3699
1055,κἀκεῖθεν,,F,10,91.3772
1056,μέλει,,L,10,91.3845
1057,μακροθυμέω,to be long-suffering,L,10,91.3917
1058,νεανίσκος,a youth,L,10,91.3990
1059,ξενίζω,"to receive a guest; to surprise, to make strange",L,10,91.4063
1060,οἰκονόμος,one who manages a household,L,10,91.4136
1061,παντοκράτωρ,almighty,L,10,91.4208
1062,παράγω,to lead by,L,10,91.4281
1063,παραλυτικός,paralytic,L,10,91.4354
1064,παρεμβολή,"insertion, interpolation",L,10,91.4426
1065,πατάσσω,"to beat, knock",L,10,91.4499
1066,πενθέω,"to bewail, lament, mourn for",L,10,91.4572
1067,περιστερά,the common pigeon,L,10,91.4644
1068,πλάνη,"a wandering, roaming",L,10,91.4717
1069,πλεονεξία,"greediness, assumption, arrogance",L,10,91.4790
1070,ποικίλος,"many-coloured, spotted, mottled, pied, dappled",L,10,91.4863
1071,προσκαρτερέω,to persist obstinately in,L,10,91.4935
1072,πόρνος,catamite,L,10,91.5008
1073,πύλη,one wing of a pair of double gates,L,10,91.5081
1074,σέβομαι,to feel awe,L,10,91.5153
1075,σιωπάω,to be silent,L,10,91.5226
1076,στρατηγός,the leader,L,10,91.5299
1077,συζητέω,,L,10,91.5371
1078,σφάζω,"to slay, slaughter",L,10,91.5444
1079,σύνδουλος,a fellow-slave,L,10,91.5517
1080,τέταρτος,fourth,L,10,91.5590
1081,ταχέως,,L,10,91.5662
1082,φείδομαι,to spare,L,10,91.5735
1083,χρηστότης,"goodness, honesty",L,10,91.5808
1084,χρυσός,gold,L,10,91.5880
1085,χωρέω,"give way, draw back, retire, withdraw",L,10,91.5953
1086,χωρίον,"a particular place, a place, spot, district",L,10,91.6026
1087,ψεύστης,"a liar, cheat",L,10,91.6098
1088,ψεῦδος,"a falsehood, untruth, lie",L,10,91.6171
1089,ἀγαθοποιέω,to do good,L,10,91.6244
1090,ἀδύνατος,"unable, impossible",L,10,91.6317
1091,ἀκαθαρσία,"uncleanness, impurity",L,10,91.6389
1092,ἀναστρέφω,"to turn upside down, upset",L,10,91.6462
1093,ἀναφέρω,"to bring up, bring back",L,10,91.6535
1094,ἀπολαμβάνω,"to take away, receive one’s due, cut off",L,10,91.6607
1095,ἀπολογέομαι,"to speak in defence, defend oneself",L,10,91.6680
1096,ἀπολύτρωσις,a ransoming,L,10,91.6753
1097,ἀσέλγεια,licentiousness,L,10,91.6825
1098,ἀσεβής,"ungodly, godless, unholy, profane",L,10,91.6898
1099,ἀσπασμός,"a greeting, embrace, salutation",L,10,91.6971
1100,ἀφαιρέω,"to take from, take away from",L,10,91.7043
1101,ἀφορίζω,to mark off by boundaries,L,10,91.7116
1102,ἁγιασμός,"consecration, sanctification",L,10,91.7189
1103,ἅμα,"at once, at the same time",L,10,91.7262
1104,Ἀπολλῶς,,L,10,91.7334
1105,Ἀχαΐα,,L,10,91.7407
1106,ἐγκαταλείπω,to leave behind,L,10,91.7480
1107,ἐκκόπτω,"to cut out, knock out",L,10,91.7552
1108,ἐκπίπτω,to fall out of,L,10,91.7625
1109,ἐμφανίζω,"to make manifest, exhibit",L,10,91.7698
1110,ἐντεῦθεν,hence,L,10,91.7770
1111,ἐξομολογέω,,L,10,91.7843
1112,ἐπειδή,,F,10,91.7916
1113,ἐπιτάσσω,"to put upon one as a duty, to enjoin",L,10,91.7989
1114,ἐπιτελέω,"to complete, finish, accomplish",L,10,91.8061
1115,ἔνατος,ninth,L,10,91.8134
1116,ἔνοχος,held in,L,10,91.8207
1117,ἰσχύς,strength,L,10,91.8279
1118,Ἰόππη,,L,10,91.8352
1119,ὀνειδίζω,to throw a reproach upon,L,10,91.8425
1120,ὄντως,"really, actually > εἰμί",L,10,91.8497
1121,ὅδε,this,F,10,91.8570
1122,ὅρκος,"the object by which one swears, the witness of an oath",L,10,91.8643
1123,ὑπαντάω,to come,L,10,91.8716
1124,ὑπόδημα,"sandal, shoe",L,10,91.8788
1125,ᾅδης,Hades [> ᾍδης],L,10,91.8861
1126,Καϊάφας,,L,9,91.8926
1127,Κηφᾶς,,L,9,91.8992
1128,Σαμαρίτης,,L,9,91.9057
1129,Σαούλ,,L,9,91.9123
1130,Σιδών,,L,9,91.9188
1131,Σολομών,,L,9,91.9254
1132,Σόδομα,,L,9,91.9319
1133,Φῆλιξ,,L,9,91.9384
1134,αἵρεσις,a taking especially,L,9,91.9450
1135,βόσκω,"to feed, tend",L,9,91.9515
1136,γαστήρ,"the paunch, belly",L,9,91.9581
1137,γεμίζω,"to fill full of, to load",L,9,91.9646
1138,γνώμη,"a means of knowing, a mark, token",L,9,91.9712
1139,γωνία,"a corner, angle",L,9,91.9777
1140,δεῦρο,hither,L,9,91.9842
1141,διασκορπίζω,to scatter abroad,L,9,91.9908
1142,διατρίβω,"to rub between, rub hard, rub away, consume, waste",L,9,91.9973
1143,δωρεάν,,L,9,92.0039
1144,εἰδωλόθυτον,,L,9,92.0104
1145,εὐάρεστος,"well-pleasing, acceptable",L,9,92.0170
1146,εὐδοκία,"satisfaction, approval",L,9,92.0235
1147,εὐώνυμος,"of good name, left",L,9,92.0300
1148,θνῄσκω,to die; see also ἀποθνῄσκω,L,9,92.0366
1149,κίνδυνος,"a danger, risk, hazard, venture, enterprise",L,9,92.0431
1150,καθαιρέω,to take down,L,9,92.0497
1151,κατάγω,to lead down,L,9,92.0562
1152,κατάπαυσις,"a putting to rest: a putting down, deposing",L,9,92.0628
1153,καταφρονέω,to think down upon,L,9,92.0693
1154,κλάσμα,"that which is broken off, a fragment, morsel",L,9,92.0758
1155,κλίνη,"that on which one lies, a couch",L,9,92.0824
1156,κλαυθμός,a weeping,L,9,92.0889
1157,κραυγάζω,to bay,L,9,92.0955
1158,κρούω,"to strike, smite: to strike",L,9,92.1020
1159,λέων,a lion,L,9,92.1086
1160,λαμπάς,a torch,L,9,92.1151
1161,λαμπρός,"bright, brilliant, radiant",L,9,92.1216
1162,λεπρός,"scaly, scabby, rough, leprous",L,9,92.1282
1163,μαργαρίτης,a pearl,L,9,92.1347
1164,μεστός,"full, filled, filled full",L,9,92.1413
1165,μεταξύ,"betwixt, between",F,9,92.1478
1166,μεταπέμπομαι,,L,9,92.1544
1167,μνᾶ,"a weight, 1 mina=100 drachmae",L,9,92.1609
1168,μονογενής,"only, single (child)",L,9,92.1674
1169,νομικός,"resting on law, conventional",L,9,92.1740
1170,νῆσος,an island,L,9,92.1805
1171,οἰκέω,"to inhabit, occupy",L,9,92.1871
1172,οἰκονομία,the management of a household,L,9,92.1936
1173,οὐράνιος,"heavenly, of or in heaven, dwelling in heaven",L,9,92.2002
1174,παρρησιάζομαι,"to speak freely, openly, boldly",L,9,92.2067
1175,περίχωρος,round about a place,L,9,92.2132
1176,πιπράσκω,to sell,L,9,92.2198
1177,πλεονάζω,to be more,L,9,92.2263
1178,προπέμπω,"to send before, send on",L,9,92.2329
1179,προσφορά,"a bringing to, applying, application",L,9,92.2394
1180,σελήνη,the moon,L,9,92.2460
1181,σιγάω,to be silent,L,9,92.2525
1182,στάσις,"a standing, the posture of standing",L,9,92.2590
1183,στήκω,to stand,L,9,92.2656
1184,στολή,"an equipment, armament",L,9,92.2721
1185,τάξις,an arranging,L,9,92.2787
1186,ταχύ,,L,9,92.2852
1187,τεῖχος,a wall,L,9,92.2918
1188,τρέφω,"to nourish, rear, maintain",L,9,92.2983
1189,φθείρω,"to ruin, waste, spoil, destroy",L,9,92.3048
1190,φθορά,"destruction, ruin, perdition",L,9,92.3114
1191,φθόνος,"ill-will, envy, jealousy",L,9,92.3179
1192,φόνος,"murder, homicide, slaughter",L,9,92.3245
1193,χάριν,"for the sake of, because of (postposition + gen.)",F,9,92.3310
1194,χρηματίζω,"to negotiate, transact business, have dealings",L,9,92.3376
1195,ἀλείφω,"to anoint with oil, oil",L,9,92.3441
1196,ἀναγκάζω,"to force, compel",L,9,92.3506
1197,ἀνατέλλω,to make to rise up,L,9,92.3572
1198,ἀπαρχή,"the beginning of a sacrifice, the primal offering",L,9,92.3637
1199,ἀποδοκιμάζω,"to reject on scrutiny, to reject for want of qualification",L,9,92.3703
1200,ἀποστρέφω,"to turn back, turn to flight, turn away",L,9,92.3768
1201,ἀρχισυνάγωγος,the ruler of a synagogue,L,9,92.3834
1202,ἀστραπή,"a flash of lightning, lightning",L,9,92.3899
1203,ἄβυσσος,"with no bottom, bottomless, unfathomed",L,9,92.3964
1204,ἄζυμος,unleavened,L,9,92.4030
1205,ἄμπελος,clasping tendrils,L,9,92.4095
1206,ἄνομος,"without law, lawless",L,9,92.4161
1207,ἄνω,"to accomplish, achieve, finish",L,9,92.4226
1208,ἄρσην,male,L,9,92.4292
1209,Ἀδάμ,,L,9,92.4357
1210,ἐκδίκησις,an avenging,L,9,92.4422
1211,ἐντρέπω,to turn about,L,9,92.4488
1212,ἐπέρχομαι,come near; come upon; attack,L,9,92.4553
1213,ἐπιδίδωμι,to give besides,L,9,92.4619
1214,ἐπιποθέω,to yearn after,L,9,92.4684
1215,ἑξήκοντα,sixty,L,9,92.4750
1216,ἔρις,"strife, quarrel, debate, contention",L,9,92.4815
1217,ἔσω,to the interior,L,9,92.4880
1218,ἕβδομος,seventh,L,9,92.4946
1219,Ἐλισάβετ,,L,9,92.5011
1220,Ἰσραηλίτης,,L,9,92.5077
1221,Ἰωνᾶς,,L,9,92.5142
1222,ὀνομάζω,to name,L,9,92.5208
1223,ὀργίζομαι,,L,9,92.5273
1224,ὑστέρημα,"deficiency, need, want",L,9,92.5338
1225,ὕστερος,"latter, last",L,9,92.5404
1226,Βηθλέεμ,,L,8,92.5462
1227,Κιλικία,,L,8,92.5520
1228,Κορνήλιος,,L,8,92.5578
1229,Μελχισέδεκ,,L,8,92.5636
1230,Μᾶρκος,,L,8,92.5695
1231,Νῶε,,L,8,92.5753
1232,Σίλας,,L,8,92.5811
1233,Συρία,,L,8,92.5869
1234,αἰνέω,"(to tell;) to praise, approve, acquiesce in",L,8,92.5927
1235,βάθος,depth,L,8,92.5985
1236,βέβαιος,"firm, steady, steadfast, sure, certain",L,8,92.6044
1237,βεβαιόω,"to make firm, confirm, establish, secure, warrant, make good",L,8,92.6102
1238,βοηθέω,"to come to aid, to succour, assist, aid",L,8,92.6160
1239,βοῦς,cow,L,8,92.6218
1240,βρέφος,the babe in the womb,L,8,92.6276
1241,γογγύζω,"to mutter, murmur",L,8,92.6334
1242,διακόσιοι,two hundred,L,8,92.6393
1243,διανοίγω,to open,L,8,92.6451
1244,διαστέλλομαι,,L,8,92.6509
1245,διασῴζω,to preserve through,L,8,92.6567
1246,διηγέομαι,"to set out in detail, describe in full",L,8,92.6625
1247,δρέπανον,a scythe,L,8,92.6683
1248,εἰσφέρω,"to bring in, to propose (a question, a law), to pay tax (εἰσφορά)",L,8,92.6741
1249,εὐλογητός,blessed,L,8,92.6800
1250,εὐνοῦχος,a eunuch,L,8,92.6858
1251,ζιζάνιον,,L,8,92.6916
1252,ζώνη,"a belt, girdle",L,8,92.6974
1253,θησαυρίζω,to store,L,8,92.7032
1254,κάτω,"down, downwards",L,8,92.7090
1255,κήρυγμα,"that which is cried by a herald, a proclamation, public notice",L,8,92.7149
1256,καλύπτω,to cover with,L,8,92.7207
1257,καρποφορέω,to bear fruit,L,8,92.7265
1258,κατέναντι,,F,8,92.7323
1259,κατηχέω,"to sound, to instruct",L,8,92.7381
1260,κινέω,"to set in motion, to move",L,8,92.7439
1261,κοινωνέω,to have or do in common with,L,8,92.7498
1262,κοράσιον,"a girl, maiden",L,8,92.7556
1263,κόπτω,"to strike, smite, knock down",L,8,92.7614
1264,κύκλῳ,,L,8,92.7672
1265,λιθάζω,to fling stones,L,8,92.7730
1266,μέντοι,"however, nevertheless; of course (answers)",F,8,92.7788
1267,μέτωπον,"the space between the eyes, the brow, forehead",L,8,92.7847
1268,μεγαλύνω,to make great,L,8,92.7905
1269,μεθερμηνεύω,translate,L,8,92.7963
1270,μετέχω,"to partake of, enjoy a share of, share in, take part in",L,8,92.8021
1271,μνῆμα,"a memorial, remembrance, record",L,8,92.8079
1272,μυριάς,"a number of ten thousand, myriad",L,8,92.8137
1273,νουθετέω,"to put in mind, to admonish, warn, advise",L,8,92.8195
1274,νύμφη,"a young wife, bride",L,8,92.8254
1275,ξηρός,dry,L,8,92.8312
1276,πάντως,altogether;,L,8,92.8370
1277,πατρίς,"fatherland, homeland; of one’s father",L,8,92.8428
1278,περιτίθημι,to place round,L,8,92.8486
1279,πορνεύω,to prostitute,L,8,92.8544
1280,πραιτώριον,Castra Praetoriana,L,8,92.8603
1281,προΐστημι,set before,L,8,92.8661
1282,προέρχομαι,"to go forward, go on, advance",L,8,92.8719
1283,προσκόπτω,to strike,L,8,92.8777
1284,προσπίπτω,"to fall upon, strike against",L,8,92.8835
1285,πρωτότοκος,first-born,L,8,92.8893
1286,σαπρός,"rotten, putrid",L,8,92.8952
1287,στράτευμα,"an expedition, campaign",L,8,92.9010
1288,συγκαλέω,"to call to council, convoke, convene",L,8,92.9068
1289,συλλέγω,"to collect, gather",L,8,92.9126
1290,συμβαίνω,"meet, agree, happen",L,8,92.9184
1291,συμβούλιον,counsel,L,8,92.9242
1292,σχίσμα,"a cleft, a rent",L,8,92.9300
1293,τάσσω,"to arrange, put in order",L,8,92.9359
1294,τάχος,"swiftness, speed, fleetness, velocity",L,8,92.9417
1295,ταπεινός,low,L,8,92.9475
1296,τεκνίον,a little,L,8,92.9533
1297,χάραγμα,any mark engraven,L,8,92.9591
1298,ἀδόκιμος,"not standing the test, spurious",L,8,92.9649
1299,ἀναγκαῖος,"necessary, forcible (subst. kin, necessities for life)",L,8,92.9708
1300,ἀντίκειμαι,"to be set over against, lie opposite",L,8,92.9766
1301,ἀπεκδέχομαι,"to expect anxiously, to look for, await",L,8,92.9824
1302,ἀπιστέω,"to disbelieve, distrust; to disobey",L,8,92.9882
1303,ἀποκαθίστημι,,L,8,92.9940
1304,ἀπολογία,"a speech in defence, defence",L,8,92.9998
1305,ἀποτίθημι,"to put away, stow away",L,8,93.0057
1306,ἀργός,"not working the ground, living without labour",L,8,93.0115
1307,ἀρκέω,to ward off; to be sufficient,L,8,93.0173
1308,ἁγνός,full of religious awe,L,8,93.0231
1309,ἄμωμος,"without blame, blameless",L,8,93.0289
1310,ἄπειμι,go away,L,8,93.0347
1311,ἄφθαρτος,"uncorrupted, incorruptible",L,8,93.0406
1312,ἐκτός,outside,L,8,93.0464
1313,ἐκφέρω,to carry out of,L,8,93.0522
1314,ἐκφεύγω,to flee out,L,8,93.0580
1315,ἐνέργεια,"action, operation, energy",L,8,93.0638
1316,ἐναντίος,opposite,L,8,93.0696
1317,ἐνθάδε,"here, in this place, at this point",L,8,93.0754
1318,ἐξαιρέω,to take out of,L,8,93.0813
1319,ἐπιλανθάνομαι,to forget,L,8,93.0871
1320,ἐπισυνάγω,to collect and bring to,L,8,93.0929
1321,ἐσθής,"dress, clothing, raiment",L,8,93.0987
1322,ἔνδυμα,a garment,L,8,93.1045
1323,ἕλκω,"to draw, drag",L,8,93.1103
1324,ἡλικία,"time of life, age",L,8,93.1162
1325,ἴσος,"equal to, the same as; adv. perhaps",L,8,93.1220
1326,Ἰσκαριώτης,,L,8,93.1278
1327,ὀκτώ,eight,L,8,93.1336
1328,ὀξύς,"sharp, keen",L,8,93.1394
1329,ὀσφύς,the loin,L,8,93.1452
1330,ὁρίζω,to divide,L,8,93.1511
1331,ὅσιος,"hallowed, sanctioned by the law of God",L,8,93.1569
1332,ὑπερβολή,a throwing beyond,L,8,93.1627
1333,ῥίπτω,"to throw, cast, hurl",L,8,93.1685
1334,Ῥώμη,"bodily strength, strength, might",L,8,93.1743
1335,Βεελζεβούλ,,L,7,93.1794
1336,Λευί,,L,7,93.1845
1337,Σιών,,L,7,93.1896
1338,Στέφανος,that which surrounds,L,7,93.1947
1339,Συμεών,,L,7,93.1998
1340,βρέχω,"to be wetted, get wet",L,7,93.2049
1341,βρυγμός,biting,L,7,93.2099
1342,γαμίζω,to give in marriage,L,7,93.2150
1343,δάκτυλος,a finger,L,7,93.2201
1344,δηλόω,to make visible,L,7,93.2252
1345,διαστρέφω,"to turn different ways, to twist about, distort",L,7,93.2303
1346,διατίθεμαι,,L,7,93.2354
1347,δοκιμή,"a proof, test: tried character",L,7,93.2405
1348,δουλόω,"to make a slave of, enslave",L,7,93.2456
1349,δόκιμος,"assayed, examined, tested",L,7,93.2507
1350,δῶμα,a house,L,7,93.2557
1351,εἰδωλολάτρης,"an idol-worshipper, idolater",L,7,93.2608
1352,εὐκοπώτερος,,L,7,93.2659
1353,εὔχομαι,"to pray, offer prayers, pay one's vows, make a vow",L,7,93.2710
1354,ζήτησις,"a seeking, seeking for, search for",L,7,93.2761
1355,ζηλωτής,"an emulator, zealous admirer",L,7,93.2812
1356,θαρσέω,"to be of good courage, take courage",L,7,93.2863
1357,θεῖον,brimstone,L,7,93.2914
1358,θόρυβος,"a noise, uproar, clamour",L,7,93.2965
1359,καθέζομαι,"to sit down, take one's seat",L,7,93.3015
1360,καθαρισμός,,L,7,93.3066
1361,καταπίνω,"to gulp, swallow down",L,7,93.3117
1362,κλίνω,"to make to bend, slope; recline",L,7,93.3168
1363,κρεμάννυμι,"to hang, hang up",L,7,93.3219
1364,κτάομαι,"to procure for oneself, to get, gain, acquire",L,7,93.3270
1365,κυριεύω,to be lord,L,7,93.3321
1366,κόκκος,"a grain, seed",L,7,93.3372
1367,λάμπω,"to give light, shine, beam, be bright, brilliant, radiant",L,7,93.3423
1368,λιθοβολέω,"to pelt with stones, stone",L,7,93.3473
1369,μαστιγόω,"to whip, flog",L,7,93.3524
1370,μεθύω,to be drunken with wine,L,7,93.3575
1371,μεταλαμβάνω,to have or get a share of,L,7,93.3626
1372,μνεία,"remembrance, memory",L,7,93.3677
1373,μοιχαλίς,an adulteress,L,7,93.3728
1374,νότος,the south,L,7,93.3779
1375,πάλαι,"long ago, in olden time, in days of yore, in time gone by",L,7,93.3830
1376,πανταχοῦ,everywhere,L,7,93.3881
1377,παράβασις,"a going aside, deviation",L,7,93.3931
1378,πεντήκοντα,fifty,L,7,93.3982
1379,περιβλέπομαι,,L,7,93.4033
1380,πλατεῖα,street,L,7,93.4084
1381,πνέω,to blow,L,7,93.4135
1382,πολεμέω,to be at war,L,7,93.4186
1383,πονηρία,a bad state,L,7,93.4237
1384,ποταπός,,F,7,93.4288
1385,πρέπω,"to be clearly seen, to resemble, to seem (πρέπει it is fitting)",L,7,93.4339
1386,προσμένω,to bide,L,7,93.4389
1387,προστάσσω,to order,L,7,93.4440
1388,προσφωνέω,to call,L,7,93.4491
1389,πτῶμα,a fall,L,7,93.4542
1390,σαρκικός,"fleshly, sensual",L,7,93.4593
1391,σκιά,a shadow,L,7,93.4644
1392,σπεῖρα,"coil, rope; military unit, Roman manipulus",L,7,93.4695
1393,στοιχεῖον,"sound; element, principle",L,7,93.4746
1394,στρατεύομαι,,L,7,93.4797
1395,συγχαίρω,"to rejoice with, take part in joy",L,7,93.4847
1396,συμβιβάζω,to bring together,L,7,93.4898
1397,συνανάκειμαι,to recline together at table,L,7,93.4949
1398,συντρίβω,to rub together,L,7,93.5000
1399,σύνεσις,"comprehension, understanding",L,7,93.5051
1400,τάφος,"a burial, funeral",L,7,93.5102
1401,ταπεινοφροσύνη,"lowliness, humility",L,7,93.5153
1402,τράχηλος,"the neck, throat",L,7,93.5204
1403,φίλημα,a kiss,L,7,93.5255
1404,φθάνω,"to come or do first, before others",L,7,93.5305
1405,φιμόω,"to muzzle, shut up as with a muzzle",L,7,93.5356
1406,φλόξ,a flame,L,7,93.5407
1407,φονεύς,"a murderer, slayer, homicide",L,7,93.5458
1408,φρέαρ,a well,L,7,93.5509
1409,φυσιόω,dispose one naturally,L,7,93.5560
1410,χαλάω,"to slacken, loosen",L,7,93.5611
1411,χεῖλος,lip,L,7,93.5662
1412,χρηστός,"useful, good of its kind, serviceable",L,7,93.5713
1413,ψαλμός,a twitching,L,7,93.5763
1414,ἀήρ,"the lower air, the air",L,7,93.5814
1415,ἀγέλη,a herd,L,7,93.5865
1416,ἀγανακτέω,to feel irritation,L,7,93.5916
1417,ἀγωνίζομαι,to contend for a prize,L,7,93.5967
1418,ἀεί,"always, for ever",L,7,93.6018
1419,ἀνάθεμα,"anything devoted to evil, an accursed thing",L,7,93.6069
1420,ἀνθρώπινος,belonging to mankind; human,L,7,93.6120
1421,ἀνταποδίδωμι,"to give back, repay, tender in repayment",L,7,93.6171
1422,ἀξιόω,to think worthy of; to expect,L,7,93.6221
1423,ἀπάτη,"a trick, fraud, deceit",L,7,93.6272
1424,ἀπείθεια,,L,7,93.6323
1425,ἀποδέχομαι,to accept from,L,7,93.6374
1426,ἀπολείπω,to leave over,L,7,93.6425
1427,ἀτιμάζω,"to hold in no honour, to esteem lightly, dishonour, slight",L,7,93.6476
1428,ἀτιμία,"dishonour, disgrace",L,7,93.6527
1429,ἀφθαρσία,incorruption,L,7,93.6578
1430,ἀφορμή,a starting-point,L,7,93.6629
1431,ἁγνίζω,to cleanse away,L,7,93.6679
1432,ἁπλότης,"singleness: simplicity, frankness",L,7,93.6730
1433,ἄκαρπος,"without fruit, barren",L,7,93.6781
1434,ἅλας,salt,L,7,93.6832
1435,ἐγκαλέω,to call in; bring a charge or accusation,L,7,93.6883
1436,ἐκζητέω,"to seek out, enquire",L,7,93.6934
1437,ἐκλογή,"a picking out, choice, election",L,7,93.6985
1438,ἐλευθερόω,"to free, set free",L,7,93.7036
1439,ἐμπίπτω,to fall in,L,7,93.7087
1440,ἐνίστημι,"to put, set, place in",L,7,93.7137
1441,ἐνδυναμόω,to strengthen,L,7,93.7188
1442,ἐπίγειος,terrestrial,L,7,93.7239
1443,ἐπίκειμαι,"lie on, to be closed, to lie nearby (off the coast of)",L,7,93.7290
1444,ἐπιδείκνυμι,to exhibit as a specimen,L,7,93.7341
1445,ἐπιστάτης,one who stands near,L,7,93.7392
1446,ἐποικοδομέω,to build up,L,7,93.7443
1447,ἐριθεία,,L,7,93.7494
1448,ἔκστασις,"any displacement: entrancement, astonishment",L,7,93.7545
1449,Ἑβραϊστί,,L,7,93.7595
1450,ἡμέτερος,our,L,7,93.7646
1451,ἰατρός,"one who heals, a mediciner, physician",L,7,93.7697
1452,Ἰεριχώ,,L,7,93.7748
1453,ὀφειλέτης,a debtor,L,7,93.7799
1454,ὄπισθεν,"behind, at the back",L,7,93.7850
1455,ὑπομιμνῄσκω,,L,7,93.7901
1456,ὑποπόδιον,a footstool,L,7,93.7952
1457,ᾠδή,"a song, lay, ode",L,7,93.8003
1458,ῥήγνυμι,"to break, break asunder",L,7,93.8053
1459,ῥομφαία,"a large sword, scymitar",L,7,93.8104
1460,Κυρηναῖος,,L,6,93.8148
1461,Κόρινθος,,L,6,93.8192
1462,Λαοδίκεια,,L,6,93.8235
1463,Λύστρα,,L,6,93.8279
1464,Ναζαρέθ,,L,6,93.8322
1465,Ναζαρηνός,,L,6,93.8366
1466,Ναθαναήλ,,L,6,93.8410
1467,Τρῳάς,,L,6,93.8453
1468,αἰγιαλός,"the sea-shore, beach, strand",L,6,93.8497
1469,αἰσχύνη,"shame done one, disgrace, dishonour",L,6,93.8541
1470,βάρβαρος,barbarous,L,6,93.8584
1471,βάρος,weight,L,6,93.8628
1472,βάτος,a bramble-bush,L,6,93.8671
1473,βαρέω,"to weigh down, depress",L,6,93.8715
1474,βαρύς,heavy,L,6,93.8759
1475,βασανισμός,torture,L,6,93.8802
1476,βδέλυγμα,an abomination,L,6,93.8846
1477,βουλεύομαι,,L,6,93.8889
1478,δίς,"twice, doubly",L,6,93.8933
1479,διάλεκτος,"discourse: discussion, debate, arguing",L,6,93.8977
1480,διαπεράω,to go over,L,6,93.9020
1481,διαφθείρω,"to destroy, ruin; to corrupt",L,6,93.9064
1482,διαφθορά,"destruction, ruin, blight, death.",L,6,93.9108
1483,διεγείρω,wake up,L,6,93.9151
1484,διερμηνεύω,"to interpret, expound",L,6,93.9195
1485,δοκός,a bearing-beam,L,6,93.9238
1486,εἰκῇ,without plan,L,6,93.9282
1487,εἴπερ,"strengthd. for εἰ, if indeed",F,6,93.9326
1488,ζημιόω,to cause loss,L,6,93.9369
1489,ζυγός,,L,6,93.9413
1490,θαρρέω,,L,6,93.9457
1491,θαυμαστός,"wondrous, wonderful, marvellous",L,6,93.9500
1492,θερμαίνομαι,,L,6,93.9544
1493,θνητός,"liable to death, mortal",L,6,93.9587
1494,θυμίαμα,that which is burnt as incense,L,6,93.9631
1495,κάμηλος,a camel,L,6,93.9675
1496,κάρφος,a dry stalk,L,6,93.9718
1497,καθότι,in what manner,F,6,93.9762
1498,κακόω,"to treat ill, maltreat, afflict, distress",L,6,93.9805
1499,κατάρα,a curse,L,6,93.9849
1500,καταλλάσσω,to change,L,6,93.9893
1501,καταπέτασμα,"a curtain, veil",L,6,93.9936
1502,καταφιλέω,"to kiss tenderly, to caress",L,6,93.9980
1503,κιβωτός,"a wooden box, chest, coffer",L,6,94.0024
1504,κλείς,"bar, bolt, key; collar bone; clausula",L,6,94.0067
1505,κραυγή,"a crying, screaming, shrieking, shouting",L,6,94.0111
1506,κόκκινος,scarlet,L,6,94.0154
1507,κόλπος,bosom; gulf,L,6,94.0198
1508,κόφινος,a basket,L,6,94.0242
1509,λανθάνω,"to escape notice, to be unknown, unseen, unnoticed",L,6,94.0285
1510,λείπω,"to leave, quit",L,6,94.0329
1511,λειτουργία,a liturgy,L,6,94.0373
1512,λύκος,a wolf,L,6,94.0416
1513,μάγος,,L,6,94.0460
1514,μάστιξ,"a whip, scourge",L,6,94.0503
1515,μάταιος,"vain, empty, idle, trifling, frivolous",L,6,94.0547
1516,μέριμνα,"care, thought",L,6,94.0591
1517,μέτοχος,"sharing in, partaking of",L,6,94.0634
1518,μεσίτης,"a mediator, umpire, arbitrator",L,6,94.0678
1519,μεταμέλομαι,"feel repentance, regret",L,6,94.0721
1520,μετατίθημι,to place among,L,6,94.0765
1521,μιμητής,"an imitator, copyist",L,6,94.0809
1522,μόλις,"barely, scarcely",L,6,94.0852
1523,μόσχος,a young shoot,L,6,94.0896
1524,νήφω,to drink no wine,L,6,94.0940
1525,νόημα,"that which is perceived, a perception, thought",L,6,94.0983
1526,πήρα,"a leathern pouch, a wallet, scrip",L,6,94.1027
1527,παιδεία,the rearing of a child,L,6,94.1070
1528,παραδέχομαι,to receive from,L,6,94.1114
1529,παρασκευή,preparation,L,6,94.1158
1530,παρατηρέω,"to watch closely, observe narrowly, to watch one's opportunity",L,6,94.1201
1531,πενθερά,a mother-in-law,L,6,94.1245
1532,πεντακισχίλιοι,five thousand,L,6,94.1289
1533,πεποίθησις,"trust, confidence, boldness",L,6,94.1332
1534,περιάγω,to lead,L,6,94.1376
1535,περιζώννυμι,"gird round, mid. gird oneself with",L,6,94.1419
1536,περισσός,beyond the regular number,L,6,94.1463
1537,πηλός,"clay, earth",L,6,94.1507
1538,πλέω,"to sail, go by sea",L,6,94.1550
1539,πληροφορέω,to fulfil,L,6,94.1594
1540,ποιητής,"one who makes, a maker",L,6,94.1637
1541,προκόπτω,to advance,L,6,94.1681
1542,προορίζω,"to determine beforehand, to predetermine, pre-ordain",L,6,94.1725
1543,πρόσκομμα,"a stumble, stumbling",L,6,94.1768
1544,πρόφασις,"that which is alleged as the cause, an allegation, plea",L,6,94.1812
1545,πρᾶξις,"a doing, transaction, business",L,6,94.1856
1546,πυρετός,"burning heat, fiery heat",L,6,94.1899
1547,πυρόομαι,,L,6,94.1943
1548,πώποτε,ever yet,L,6,94.1986
1549,σβέννυμι,"to quench, put out",L,6,94.2030
1550,σημαίνω,"to shew by a sign, indicate, make known, point out",L,6,94.2074
1551,σινδών,"sindon, a fine cloth",L,6,94.2117
1552,σκληρύνω,to harden,L,6,94.2161
1553,σκοπέω,to look at,L,6,94.2205
1554,σπήλαιον,"a grotto, cave, cavern",L,6,94.2248
1555,σπεύδω,"to set a-going, to urge on, hasten, quicken",L,6,94.2292
1556,σπόρος,a sowing,L,6,94.2335
1557,στάδιος,standing firm,L,6,94.2379
1558,στενάζω,"to sigh often, sigh deeply",L,6,94.2423
1559,στρώννυμι,,L,6,94.2466
1560,συλλαλέω,to talk,L,6,94.2510
1561,συμβάλλω,"to throw together, dash together",L,6,94.2553
1562,συμφωνέω,"to agree in sound, be in harmony",L,6,94.2597
1563,συναντάω,to meet face to face,L,6,94.2641
1564,συνευδοκέω,to consent to,L,6,94.2684
1565,συντέλεια,"a joint payment, joint contribution for public burdens",L,6,94.2728
1566,συντελέω,"to bring quite to an end, complete, accomplish",L,6,94.2772
1567,σωφρονέω,to be sound of mind,L,6,94.2815
1568,τρώγω,"to gnaw, nibble, munch",L,6,94.2859
1569,φαῦλος,"slight, indifferent, trivial, common, simple",L,6,94.2902
1570,φθαρτός,perishable,L,6,94.2946
1571,φιλαδελφία,brotherly love,L,6,94.2990
1572,φορέω,to bear,L,6,94.3033
1573,φορτίον,"a load, burden",L,6,94.3077
1574,φύλλον,a leaf;,L,6,94.3121
1575,χειμών,"winter; storm, stormy weather",L,6,94.3164
1576,χειροποίητος,"made by hand, artificial",L,6,94.3208
1577,χρῆμα,"thing, (pl.) goods, property, money",L,6,94.3251
1578,ψυχικός,of the soul,L,6,94.3295
1579,ἀγών,"a gathering; a contest, a struggle, a trial",L,6,94.3339
1580,ἀλλάσσω,"to make other than it is, to change, alter",L,6,94.3382
1581,ἀνακλίνω,to lean,L,6,94.3426
1582,ἀναμιμνῄσκω,,L,6,94.3469
1583,ἀναπληρόω,to fill up,L,6,94.3513
1584,ἀνυπόκριτος,without dissimulation,L,6,94.3557
1585,ἀνόητος,"not thought on, unheard of; senseless, silly",L,6,94.3600
1586,ἀξίως,,L,6,94.3644
1587,ἀπειθής,disobedient,L,6,94.3688
1588,ἀποδημέω,"to be away from home, be abroad",L,6,94.3731
1589,ἀποθήκη,any place wherein to lay up,L,6,94.3775
1590,ἀποκόπτω,"to cut off, hew off",L,6,94.3818
1591,ἀπορέω,to be at a loss,L,6,94.3862
1592,ἀποτάσσομαι,,L,6,94.3906
1593,ἀποφέρω,to carry off,L,6,94.3949
1594,ἀπωθέομαι,,L,6,94.3993
1595,ἀσέβεια,"ungodliness, impiety, profaneness",L,6,94.4037
1596,ἄκρον,"the highest or furthest point: mountain top, cape",L,6,94.4080
1597,Ἀκύλας,,L,6,94.4124
1598,Ἀλέξανδρος,,L,6,94.4167
1599,ἐγκακέω,"to lose heart, grow weary",L,6,94.4211
1600,ἐγκεντρίζω,"goad, spur on",L,6,94.4255
1601,ἐκδέχομαι,to take,L,6,94.4298
1602,ἐκδικέω,"to avenge, punish",L,6,94.4342
1603,ἐμπτύω,to spit into,L,6,94.4385
1604,ἐξαπατάω,to deceive,L,6,94.4429
1605,ἐξαυτῆς,"at the very point of time, at once",L,6,94.4473
1606,ἐξηγέομαι,to be leader of,L,6,94.4516
1607,ἐπαινέω,"to approve, applaud, commend",L,6,94.4560
1608,ἐπιβαίνω,to go upon,L,6,94.4604
1609,ἐπιταγή,imposition,L,6,94.4647
1610,ἐπιφάνεια,"manifestation, visible surface",L,6,94.4691
1611,ἐραυνάω,,L,6,94.4734
1612,ἐργασία,"work, daily labour, business",L,6,94.4778
1613,ἔνι,,L,6,94.4822
1614,ἔχθρα,"hatred, enmity",L,6,94.4865
1615,ἕνδεκα,"eleven; the Eleven, police commissioners at Athens",L,6,94.4909
1616,Ἡρῳδιάς,,L,6,94.4953
1617,ἱνατί,,L,6,94.4996
1618,Ἰκόνιον,,L,6,94.5040
1619,ὀσμή,"a smell, scent, odour",L,6,94.5083
1620,ὁμοίωμα,"a likeness, image, resemblance, counterfeit",L,6,94.5127
1621,ὁμολογία,agreement,L,6,94.5171
1622,ὄναρ,"a dream, vision in sleep",L,6,94.5214
1623,ὄξος,poor wine; vinegar,L,6,94.5258
1624,ὅπλον,"a tool, implement, (pl.) arms, weapons",L,6,94.5301
1625,ὑποδείκνυμι,to shew secretly,L,6,94.5345
1626,ὑπόδειγμα,"a token, mark",L,6,94.5389
1627,ὑπόκρισις,"a reply, answer; performance",L,6,94.5432
1628,ὕπνος,"sleep, slumber",L,6,94.5476
1629,ὕψος,height,L,6,94.5520
1630,ὡσαννά,,F,6,94.5563
1631,Αἰγύπτιος,,L,5,94.5600
1632,Βηθσαϊδά,,L,5,94.5636
1633,Γάϊος,,L,5,94.5672
1634,Θεσσαλονίκη,,L,5,94.5709
1635,Κρήτη,,L,5,94.5745
1636,Κύπρος,,L,5,94.5781
1637,Μαθθαῖος,,L,5,94.5818
1638,Μακεδών,,L,5,94.5854
1639,Νικόδημος,,L,5,94.5890
1640,Παμφυλία,,L,5,94.5927
1641,Τυχικός,,L,5,94.5963
1642,Φαραώ,,L,5,94.5999
1643,αἰσχύνομαι,,L,5,94.6036
1644,βέβηλος,"allowable to be trodden, permitted to human use",L,5,94.6072
1645,βασιλικός,"royal, kingly",L,5,94.6108
1646,βραχύς,short,L,5,94.6145
1647,βύσσινος,made of βύσσος,L,5,94.6181
1648,γάλα,milk,L,5,94.6217
1649,γένεσις,"an origin, source, productive cause",L,5,94.6254
1650,γαζοφυλάκιον,a treasury,L,5,94.6290
1651,δή,[interactional particle: S&H on same page],F,5,94.6327
1652,δαπανάω,to spend,L,5,94.6363
1653,δεκατέσσαρες,fourteen,L,5,94.6399
1654,δεκτός,acceptable,L,5,94.6436
1655,διαμένω,"to remain by, stand by",L,5,94.6472
1656,διαπορεύομαι,,L,5,94.6508
1657,διαρρήγνυμι,"to break through, cleave asunder",L,5,94.6545
1658,δικαίως,,L,5,94.6581
1659,δουλεία,"servitude, slavery, bondage",L,5,94.6617
1660,δυσμή,setting,L,5,94.6654
1661,δόγμα,"that which seems to one, an opinion, dogma",L,5,94.6690
1662,εἰσακούω,to hearken,L,5,94.6726
1663,εἴσοδος,"a way in, entrance",L,5,94.6763
1664,εἶδος,"that which is seen, form, shape, figure",L,5,94.6799
1665,εὐπρόσδεκτος,acceptable.,L,5,94.6835
1666,εὐσχήμων,"elegant in figure, mien and bearing, graceful",L,5,94.6872
1667,εὖ,well,L,5,94.6908
1668,ζήτημα,that which is sought,L,5,94.6944
1669,ζόφος,"the gloom of the world below, nether darkness",L,5,94.6981
1670,θεμελιόω,"to lay the foundation of, found firmly",L,5,94.7017
1671,θηλάζω,to suckle,L,5,94.7054
1672,θώραξ,"a breastplate, cuirass, corslet",L,5,94.7090
1673,θῆλυς,female,L,5,94.7126
1674,καίπερ,"although, albeit",F,5,94.7163
1675,καθεξῆς,,L,5,94.7199
1676,καταδικάζω,to give judgment against,L,5,94.7235
1677,κατακλίνω,to lay down,L,5,94.7272
1678,καταλαλέω,"to talk loudly, to blab",L,5,94.7308
1679,καταπατέω,"to trample down, trample under foot",L,5,94.7344
1680,καταράομαι,"to call down curses upon, imprecate upon",L,5,94.7381
1681,κενόω,"to empty out, drain",L,5,94.7417
1682,κολαφίζω,to buffet,L,5,94.7453
1683,κονιορτός,"dust stirred up, a cloud of dust",L,5,94.7490
1684,κράσπεδον,"the edge, border, skirt",L,5,94.7526
1685,κύων,a dog,L,5,94.7562
1686,κῆπος,"a garden, orchard, plantation",L,5,94.7599
1687,λατρεία,"the state of a hired workman, service, servitude",L,5,94.7635
1688,λειτουργός,one who performed a λειτουργία,L,5,94.7671
1689,ληνός,"vat, trough",L,5,94.7708
1690,λούω,to wash,L,5,94.7744
1691,μήγε,,L,5,94.7781
1692,μαίνομαι,"to rage, be furious",L,5,94.7817
1693,μαρτύρομαι,"to call to witness, attest, invoke",L,5,94.7853
1694,μεθίστημι,"to place in another way, to change",L,5,94.7890
1695,μερίς,"a part, portion, share, parcel",L,5,94.7926
1696,μεταδίδωμι,"to give part of, give a share of",L,5,94.7962
1697,μετασχηματίζω,to change the form of,L,5,94.7999
1698,μιαίνω,"to stain, to defile",L,5,94.8035
1699,μοιχάομαι,,L,5,94.8071
1700,μωρία,"silliness, folly",L,5,94.8108
1701,μῦθος,"anything, delivered by word of mouth, word, speech",L,5,94.8144
1702,νηστεία,a fast [JT: cut off?],L,5,94.8180
1703,οἰκτιρμός,"pity, compassion",L,5,94.8217
1704,οὐρά,the tail,L,5,94.8253
1705,πένθος,"grief, sadness, sorrow",L,5,94.8289
1706,πέτομαι,to fly,L,5,94.8326
1707,πίναξ,"a board, plank",L,5,94.8362
1708,παίω,"to strike, smite",L,5,94.8398
1709,παγίς,a trap,L,5,94.8435
1710,πανουργία,"knavery, roguery, villany",L,5,94.8471
1711,παράκλητος,called to one's aid,L,5,94.8507
1712,παραβάτης,,L,5,94.8544
1713,παραγγελία,a command,L,5,94.8580
1714,παρακύπτω,to stoop sideways,L,5,94.8617
1715,παραλύομαι,,L,5,94.8653
1716,παραπορεύομαι,to go beside,L,5,94.8689
1717,παροιμία,"a by-word, common saying, proverb, maxim, saw",L,5,94.8726
1718,πατέω,"to tread, walk",L,5,94.8762
1719,περίκειμαι,to lie round about,L,5,94.8798
1720,περίσσευμα,"that which remains over, abundance",L,5,94.8835
1721,περιαιρέω,"to take off something that surrounds, take off an outer coat, take away, strip off",L,5,94.8871
1722,περιποίησις,"a keeping safe, preservation",L,5,94.8907
1723,πλάνος,"leading astray, deceiving, (noun) wandering",L,5,94.8944
1724,πλεονεκτέω,to have or claim more than one’s share; to have an advantage,L,5,94.8980
1725,πλευρά,a rib,L,5,94.9016
1726,πλοιάριον,"a skiff, boat",L,5,94.9053
1727,ποίμνη,a flock,L,5,94.9089
1728,ποίμνιον,a flock,L,5,94.9125
1729,προβαίνω,"to step on, step forward, advance",L,5,94.9162
1730,προγινώσκω,,L,5,94.9198
1731,προθυμία,"readiness, willingness, eagerness, zeal",L,5,94.9234
1732,πρωτοκλισία,the first seat at table,L,5,94.9271
1733,πρόκειμαι,to be set before one,L,5,94.9307
1734,πτέρυξ,the wing,L,5,94.9344
1735,πταίω,to make to stumble,L,5,94.9380
1736,πωρόω,"to petrify, turn into stone",L,5,94.9416
1737,σίναπι,mustard,L,5,94.9453
1738,σείω,"to shake, move to and fro",L,5,94.9489
1739,σιδηροῦς,,L,5,94.9525
1740,σκηνόω,"to pitch tents, encamp",L,5,94.9562
1741,σκληρός,hard,L,5,94.9598
1742,σκορπίζω,"to scatter, disperse",L,5,94.9634
1743,σκορπίος,,L,5,94.9671
1744,σκοτίζομαι,,L,5,94.9707
1745,σπυρίς,,L,5,94.9743
1746,στάχυς,an ear of corn,L,5,94.9780
1747,στοιχέω,to go in a line,L,5,94.9816
1748,στῆθος,the breast,L,5,94.9852
1749,συγχέω,"to pour together, commingle, confound",L,5,94.9889
1750,συμπνίγω,"to throttle, choke, press closely",L,5,94.9925
1751,συνεργέω,"to work together with, help in work, cooperate",L,5,94.9961
1752,συνεσθίω,eat together,L,5,94.9998
1753,συσταυρόομαι,to be crucified with,L,5,95.0034
1754,σωτήριος,"saving, delivering",L,5,95.0071
1755,σύρω,"to draw, drag",L,5,95.0107
1756,ταχύς,"quick, swift, fleet",L,5,95.0143
1757,τετρακισχίλιοι,four thousand,L,5,95.0180
1758,τρόμος,"a trembling, quaking, quivering",L,5,95.0216
1759,υἱοθεσία,adoption as a son,L,5,95.0252
1760,φωτεινός,,L,5,95.0289
1761,φόρος,"tribute, payment",L,5,95.0325
1762,φύραμα,that which is mixed,L,5,95.0361
1763,χαλκός,copper,L,5,95.0398
1764,χρίω,to touch on the surface: to rub,L,5,95.0434
1765,χρονίζω,to spend time,L,5,95.0470
1766,χρῄζω,"to need, want, lack, have need of",L,5,95.0507
1767,ψάλλω,"to touch sharply, to pluck, pull, twitch",L,5,95.0543
1768,ψευδομαρτυρέω,"to be a false witness, bear false witness",L,5,95.0579
1769,ἀγαλλίασις,"great joy, exultation",L,5,95.0616
1770,ἀετός,an eagle,L,5,95.0652
1771,ἀκαταστασία,"instability, anarchy, confusion",L,5,95.0688
1772,ἀκριβῶς,,L,5,95.0725
1773,ἀνάπαυσις,"repose, rest",L,5,95.0761
1774,ἀνέγκλητος,"not accused, without reproach, void of offence",L,5,95.0798
1775,ἀνακράζω,"to cry out, lift up the voice",L,5,95.0834
1776,ἀναπέμπω,to send up,L,5,95.0870
1777,ἀνεκτός,"bearable, sufferable, tolerable",L,5,95.0907
1778,ἀνθύπατος,a proconsul,L,5,95.0943
1779,ἀντίδικος,"an opponent in a suit, defendant",L,5,95.0979
1780,ἀντίχριστος,Antichrist,L,5,95.1016
1781,ἀντιτάσσομαι,,L,5,95.1052
1782,ἀπέναντι,"opposite, against",F,5,95.1088
1783,ἀποσπάω,to tear,L,5,95.1125
1784,ἀποστερέω,"to rob, despoil, bereave",L,5,95.1161
1785,ἀρετή,"goodness, excellence",L,5,95.1197
1786,ἀσφαλής,"not liable to fall, immoveable, steadfast, firm",L,5,95.1234
1787,ἀσύνετος,"void of understanding, stupid",L,5,95.1270
1788,ἀφανίζω,"to make unseen, hide from sight",L,5,95.1306
1789,ἀόρατος,"unseen, not to be seen, invisible",L,5,95.1343
1790,ἁλιεύς,,L,5,95.1379
1791,ἁμάρτημα,"a failure, fault, sin",L,5,95.1415
1792,ἄμεμπτος,"not to be blamed, blameless",L,5,95.1452
1793,ἄμμος,"sand, sandy ground",L,5,95.1488
1794,ἄνεσις,"a loosening, relaxing",L,5,95.1524
1795,ἄργυρος,silver,L,5,95.1561
1796,ἄρρωστος,"weak, sickly",L,5,95.1597
1797,ἅρπαξ,rapacious,L,5,95.1634
1798,Ἀαρών,,L,5,95.1670
1799,Ἀρίσταρχος,,L,5,95.1706
1800,Ἁλφαῖος,,L,5,95.1743
1801,Ἄρτεμις,,L,5,95.1779
1802,ἐγκόπτω,"to hinder, thwart",L,5,95.1815
1803,ἐκδύω,"to take off, strip off",L,5,95.1852
1804,ἐκλύομαι,,L,5,95.1888
1805,ἐκμάσσω,"to wipe off, wipe away",L,5,95.1924
1806,ἐκτρέπομαι,,L,5,95.1961
1807,ἐλαύνω,"to drive, drive on, set in motion",L,5,95.1997
1808,ἐμβριμάομαι,to snort in,L,5,95.2033
1809,ἐμπίμπλημι,fill quite full,L,5,95.2070
1810,ἐναντίον,,F,5,95.2106
1811,ἐννέα,nine,L,5,95.2142
1812,ἐνοικέω,to dwell in,L,5,95.2179
1813,ἐντυγχάνω,"to light upon, fall in with, meet with",L,5,95.2215
1814,ἐξαίφνης,suddenly,L,5,95.2251
1815,ἐξαλείφω,"to plaster over; to wipe out, obliterate",L,5,95.2288
1816,ἐπέχω,to hold on; hold out; hold back; adjourn; occupy,L,5,95.2324
1817,ἐπίσκοπος,"one who watches over, an overseer, guardian",L,5,95.2361
1818,ἐπιγράφω,"scratch; (after Homer) inscribe, register",L,5,95.2397
1819,ἐπιγραφή,an inscription,L,5,95.2433
1820,ἐπιεικής,"fitting, meet, suitable",L,5,95.2470
1821,ἐπισκιάζω,"to throw a shade upon, overshadow",L,5,95.2506
1822,ἐπιτυγχάνω,to hit the mark,L,5,95.2542
1823,ἐπιχορηγέω,to supply besides,L,5,95.2579
1824,ἐρημόομαι,,L,5,95.2615
1825,ἐφάπαξ,once for all,L,5,95.2651
1826,ἑβδομήκοντα,seventy,L,5,95.2688
1827,ἑξῆς,"one after another, in order, in a row",L,5,95.2724
1828,ἔμπορος,one who goes on shipboard as a passenger,L,5,95.2760
1829,ἔμφοβος,terrible,L,5,95.2797
1830,ἔντιμος,"in honour, honoured, prized",L,5,95.2833
1831,ἔπειμι,"(go) come upon, approach, attack",L,5,95.2869
1832,ἔχιδνα,"an adder, viper",L,5,95.2906
1833,Ἐφέσιος,,L,5,95.2942
1834,ἡδονή,"delight, enjoyment, pleasure",L,5,95.2978
1835,ἡσυχάζω,"to be still, keep quiet, be at rest",L,5,95.3015
1836,ἥμισυς,half,L,5,95.3051
1837,ἰδιώτης,"a private person, an individual",L,5,95.3088
1838,ἱματισμός,"clothing, apparel",L,5,95.3124
1839,Ἰάσων,,L,5,95.3160
1840,Ἰεσσαί,,L,5,95.3197
1841,ὀθόνιον,a piece of fine linen,L,5,95.3233
1842,ὀλιγόπιστος,of little faith,L,5,95.3269
1843,ὀνειδισμός,"reproach, Ep. Rom.",L,5,95.3306
1844,ὀψάριον,fish,L,5,95.3342
1845,ὁδηγέω,to lead,L,5,95.3378
1846,ὁδηγός,a guide,L,5,95.3415
1847,ὁποῖος,of what sort,F,5,95.3451
1848,ὁρμάω,"to set in motion, urge",L,5,95.3487
1849,ὄγδοος,eighth,L,5,95.3524
1850,ὄνος,an ass,L,5,95.3560
1851,ὑβρίζω,"to wax wanton, run riot",L,5,95.3596
1852,ὑετός,rain,L,5,95.3633
1853,ὑπερέχω,"to hold sth over or above sth; to excel, outdo",L,5,95.3669
1854,ὑπερήφανος,"overweening, arrogant, haughty",L,5,95.3705
1855,ὑπερβάλλω,to throw over,L,5,95.3742
1856,ὑπολαμβάνω,"take up; understand, interpret; assume; reply, rejoin",L,5,95.3778
1857,ὑπόστασις,"that which settles at the bottom, sediment",L,5,95.3815
1858,ᾄδω,,L,5,95.3851
1859,Βαρθολομαῖος,,L,4,95.3880
1860,Βενιαμίν,,L,4,95.3909
1861,Γαλατία,,L,4,95.3938
1862,Γόμορρα,,L,4,95.3967
1863,Θεσσαλονικεύς,,L,4,95.3996
1864,Θυάτειρα,,L,4,95.4025
1865,Κανά,,L,4,95.4054
1866,Λώτ,,L,4,95.4083
1867,Ναζαρέτ,,L,4,95.4113
1868,Σάρρα,,L,4,95.4142
1869,Σιλουανός,,L,4,95.4171
1870,Σιλᾶς,,L,4,95.4200
1871,Σινᾶ,,L,4,95.4229
1872,Φίλιπποι,,L,4,95.4258
1873,αἰσχρός,"causing shame, abusive",L,4,95.4287
1874,αἰχμαλωτίζω,take prisoner,L,4,95.4316
1875,αἴτιος,"to blame, blameworthy, culpable",L,4,95.4345
1876,αὐτοῦ,"at the very place, just here, just there",L,4,95.4374
1877,βάπτω,to dip in water,L,4,95.4403
1878,βαθύς,deep,L,4,95.4432
1879,βαλλάντιον,"a bag, pouch, purse",L,4,95.4462
1880,βαπτισμός,"a dipping in water, ablution",L,4,95.4491
1881,βασίλισσα,queen,L,4,95.4520
1882,βλάσφημος,evil-speaking,L,4,95.4549
1883,βλαστάνω,"to bud, sprout, grow",L,4,95.4578
1884,γένημα,produce,L,4,95.4607
1885,γέννημα,that which is produced,L,4,95.4636
1886,γείτων,"one of the same land, a neighbour",L,4,95.4665
1887,γλυκύς,sweet,L,4,95.4694
1888,γνήσιος,"(born in wedlock); genuine, legitimate",L,4,95.4723
1889,γογγυσμός,a murmuring,L,4,95.4752
1890,γονυπετέω,"to fall on the knee, to fall down before",L,4,95.4781
1891,γυμνάζω,"to train naked, train in gymnastic exercise",L,4,95.4810
1892,δαμάζω,"to overpower, tame, conquer, subdue",L,4,95.4840
1893,δανείζω,"to put out money at usury, to lend",L,4,95.4869
1894,δειπνέω,to make a meal,L,4,95.4898
1895,δεκάτη,a tenth part; tithe,L,4,95.4927
1896,δεσμωτήριον,a prison,L,4,95.4956
1897,δημόσιος,belonging to the people,L,4,95.4985
1898,διάφορος,"different, unlike",L,4,95.5014
1899,διαδίδωμι,"to give from hand to hand, to pass on, hand over",L,4,95.5043
1900,διαπορέω,to be quite at a loss,L,4,95.5072
1901,διηνεκής,"continuous, unbroken",L,4,95.5101
1902,διορύσσω,to dig through,L,4,95.5130
1903,διπλοῦς,,L,4,95.5159
1904,δόμα,gift,L,4,95.5189
1905,δῆμος,"people; (originally) a country-district, country, land",L,4,95.5218
1906,εἰδωλολατρία,,L,4,95.5247
1907,εἰρηνεύω,"to bring to peace, reconcile",L,4,95.5276
1908,εἴσειμι,to go into,L,4,95.5305
1909,εἴωθα,to be accustomed,L,4,95.5334
1910,εὐλαβής,"taking hold well, holding fast",L,4,95.5363
1911,εὐοδόομαι,,L,4,95.5392
1912,ζημία,"loss, damage",L,4,95.5421
1913,ζυμόω,to leaven,L,4,95.5450
1914,θορυβέω,to make a noise,L,4,95.5479
1915,θρηνέω,"to sing a dirge, to wail",L,4,95.5508
1916,θρησκεία,religious worship,L,4,95.5537
1917,θυρωρός,"a door-keeper, porter",L,4,95.5567
1918,κάλυμμα,a head-covering,L,4,95.5596
1919,κάμινος,"an oven, furnace, kiln",L,4,95.5625
1920,κάμπτω,"to bend, curve",L,4,95.5654
1921,κέντρον,any sharp point,L,4,95.5683
1922,καθίημι,"to send down, let fall",L,4,95.5712
1923,καθό,"in so far as, according as",F,4,95.5741
1924,κακολογέω,"to speak ill of, to revile, abuse",L,4,95.5770
1925,κακοποιέω,"to do ill, play the knave",L,4,95.5799
1926,κακοῦργος,"doing ill, mischievous, knavish, villanous",L,4,95.5828
1927,κανών,any straight rod,L,4,95.5857
1928,κατάγνυμι,"to break in pieces, shatter, shiver, crack",L,4,95.5886
1929,κατήγορος,an accuser,L,4,95.5915
1930,κατακαυχάομαι,to boast against,L,4,95.5945
1931,κατακλυσμός,"a deluge, inundation",L,4,95.5974
1932,κατακυριεύω,to gain dominion over,L,4,95.6003
1933,καταλλαγή,exchange,L,4,95.6032
1934,καταπαύω,"to lay to rest, put an end to",L,4,95.6061
1935,κατασείω,"to shake down, throw down",L,4,95.6090
1936,κατασκηνόω,to pitch one's camp,L,4,95.6119
1937,καταφέρω,to bring down,L,4,95.6148
1938,καυματίζω,to burn,L,4,95.6177
1939,κείρω,to cut,L,4,95.6206
1940,κιθάρα,"lyre, lute",L,4,95.6235
1941,κινδυνεύω,"to be daring, to make a venture, take the risk, do a daring thing",L,4,95.6264
1942,κλῆμα,"a vine-twig, vine-branch",L,4,95.6294
1943,κοίτη,the marriage-bed,L,4,95.6323
1944,κολοβόω,"to dock, curtail, shorten",L,4,95.6352
1945,κράτιστος,"strongest, mightiest",L,4,95.6381
1946,κρανίον,"the upper part of the head, the skull",L,4,95.6410
1947,κραταιόομαι,,L,4,95.6439
1948,κτίσμα,"anything created, a creature",L,4,95.6468
1949,κτῆμα,"anything gotten, a piece of property, a possession",L,4,95.6497
1950,κτῆνος,flocks and herds,L,4,95.6526
1951,κυκλόω,"to encircle, surround",L,4,95.6555
1952,κυλλός,"crooked, crippled",L,4,95.6584
1953,κυνάριον,"a little dog, whelp",L,4,95.6613
1954,κυριότης,dominion,L,4,95.6642
1955,κῆνσος,the tax,L,4,95.6672
1956,κῦμα,anything swollen,L,4,95.6701
1957,λάθρᾳ,,L,4,95.6730
1958,λάχανον,"garden-herbs, potherbs, vegetables, greens",L,4,95.6759
1959,λέπρα,leprosy,L,4,95.6788
1960,λαγχάνω,"to obtain by lot, by fate, by the will of the gods",L,4,95.6817
1961,λαλιά,"talking, talk, chat",L,4,95.6846
1962,λεγιών,,L,4,95.6875
1963,λοιδορέω,"to abuse, revile",L,4,95.6904
1964,λόγιον,"an announcement, oracle",L,4,95.6933
1965,μάννα,"manna, a morsel, grain",L,4,95.6962
1966,μάχη,"battle, fight, combat",L,4,95.6991
1967,μάχομαι,to fight,L,4,95.7021
1968,μέλι,honey,L,4,95.7050
1969,μίγνυμι,,L,4,95.7079
1970,μαθητεύω,to be pupil,L,4,95.7108
1971,μαλακός,soft,L,4,95.7137
1972,μαμωνᾶς,,L,4,95.7166
1973,μεσονύκτιον,,L,4,95.7195
1974,μετακαλέομαι,,L,4,95.7224
1975,μεταμορφόομαι,,L,4,95.7253
1976,μετοικεσία,the Removal,L,4,95.7282
1977,μηνύω,"to disclose what is secret, reveal, betray",L,4,95.7311
1978,μιμέομαι,"to mimic, imitate, represent, portray",L,4,95.7340
1979,μωραίνω,,L,4,95.7369
1980,μύλος,a millstone,L,4,95.7399
1981,νεανίας,young man,L,4,95.7428
1982,νεότης,youth,L,4,95.7457
1983,νῖκος,,L,4,95.7486
1984,οἰκέτης,"a house-slave, menial",L,4,95.7515
1985,οὐδέπω,"and not yet, not as yet",L,4,95.7544
1986,πάροικος,dwelling beside,L,4,95.7573
1987,πέμπτος,"the fifth, oneself with four others",L,4,95.7602
1988,πέρας,"an end, limit, boundary",L,4,95.7631
1989,παλαιόω,to make old,L,4,95.7660
1990,παραζηλόω,provoke to jealousy,L,4,95.7689
1991,παρακολουθέω,"to follow beside, follow closely",L,4,95.7718
1992,παραμένω,to stay beside,L,4,95.7748
1993,παραμυθέομαι,to encourage,L,4,95.7777
1994,παρασκευάζω,"to get ready, prepare",L,4,95.7806
1995,παραφέρω,to bring to,L,4,95.7835
1996,παραχειμάζω,to winter in,L,4,95.7864
1997,πατριάρχης,the father,L,4,95.7893
1998,πειθαρχέω,to obey one in authority,L,4,95.7922
1999,περίλυπος,deeply grieved,L,4,95.7951
2000,περιΐστημι,,L,4,95.7980
2001,περισσεία,"surplus, abundance",L,4,95.8009
2002,περισσῶς,,L,4,95.8038
2003,πετρῶδες,,L,4,95.8067
2004,πικρία,bitterness,L,4,95.8096
2005,πικραίνω,,L,4,95.8126
2006,πλάτος,"breadth, width",L,4,95.8155
2007,πλεονέκτης,one who has,L,4,95.8184
2008,πληροφορία,,L,4,95.8213
2009,πλουσίως,,L,4,95.8242
2010,πολίτης,(fellow) citizen,L,4,95.8271
2011,πορφυροῦς,,L,4,95.8300
2012,πορφύρα,the purple-fish,L,4,95.8329
2013,πού,,L,4,95.8358
2014,πραΰς,,L,4,95.8387
2015,προγράφω,to write before,L,4,95.8416
2016,προοράω,"to see before one, to take forethought",L,4,95.8445
2017,προσάγω,to bring to,L,4,95.8474
2018,προσήλυτος,one that has arrived at,L,4,95.8504
2019,προσωπολημψία,,L,4,95.8533
2020,πρωτοκαθεδρία,the first seat,L,4,95.8562
2021,πρόσκαιρος,"for a season, temporary",L,4,95.8591
2022,πόνος,work,L,4,95.8620
2023,πύργος,a tower,L,4,95.8649
2024,πῆχυς,the fore-arm,L,4,95.8678
2025,σάκκος,"a coarse hair-cloth, sackcloth",L,4,95.8707
2026,σάρκινος,"of flesh, in the flesh",L,4,95.8736
2027,σεμνός,"revered, august, holy, awful",L,4,95.8765
2028,σκολιός,"curved, winding, twisted, tangled",L,4,95.8794
2029,σκύλλω,"to rend, mangle",L,4,95.8823
2030,σουδάριον,,L,4,95.8853
2031,σπουδαίως,,L,4,95.8882
2032,στέγω,"to cover closely, so as to keep",L,4,95.8911
2033,στενοχωρία,narrowness of space: want of room,L,4,95.8940
2034,στερεός,"stiff, stark, firm, solid",L,4,95.8969
2035,στεῖρα,a ship's keel,L,4,95.8998
2036,στρουθίον,,L,4,95.9027
2037,στῦλος,a pillar,L,4,95.9056
2038,συγκλείω,to shut,L,4,95.9085
2039,συγκληρονόμος,,L,4,95.9114
2040,συγκοινωνός,,L,4,95.9143
2041,συμβουλεύω,"to advise, counsel",L,4,95.9172
2042,συμπαραλαμβάνω,,L,4,95.9201
2043,συμπορεύομαι,to go,L,4,95.9231
2044,συναρπάζω,to seize and carry clean away,L,4,95.9260
2045,συνετός,"intelligent, sagacious, wise",L,4,95.9289
2046,σύνδεσμος,"a bond of union, bond, fastening",L,4,95.9318
2047,σώφρων,of sound mind,L,4,95.9347
2048,σῦκον,fig,L,4,95.9376
2049,τάχιον,,L,4,95.9405
2050,ταμεῖον,,L,4,95.9434
2051,ταπείνωσις,,L,4,95.9463
2052,ταῦρος,a bull,L,4,95.9492
2053,τετραάρχης,,L,4,95.9521
2054,τετρακόσιοι,four hundred,L,4,95.9550
2055,τεχνίτης,"an artificer, artisan, craftsman, skilled workman",L,4,95.9580
2056,τηλικοῦτος,"of such an age, of such a magnitude",F,4,95.9609
2057,φάτνη,"a manger, crib, feeding-trough",L,4,95.9638
2058,φραγμός,"a fencing in, blocking up",L,4,95.9667
2059,φρουρέω,to keep watch,L,4,95.9696
2060,φρόνημα,"one's mind, spirit",L,4,95.9725
2061,χάλαζα,hail,L,4,95.9754
2062,χλωρός,greenish-yellow,L,4,95.9783
2063,χοϊκός,of earth,L,4,95.9812
2064,ψηλαφάω,to feel,L,4,95.9841
2065,ψυχρός,"cold, chill",L,4,95.9870
2066,ψωμίον,,L,4,95.9899
2067,ἀγαθωσύνη,"goodness, kindness",L,4,95.9928
2068,ἀγρυπνέω,"to lie awake, be wakeful",L,4,95.9958
2069,ἀδιαλείπτως,,L,4,95.9987
2070,ἀκρίς,"a locust, cricket, grasshopper",L,4,96.0016
2071,ἀκριβέστερον,,L,4,96.0045
2072,ἀκροατής,a hearer,L,4,96.0074
2073,ἀμίαντος,undefiled,L,4,96.0103
2074,ἀμελέω,"to have no care for, be neglectful of",L,4,96.0132
2075,ἀμνός,,L,4,96.0161
2076,ἀνάμνησις,"a calling to mind, recollection",L,4,96.0190
2077,ἀνίημι,"to send up; let go, abate",L,4,96.0219
2078,ἀναθεματίζω,to devote,L,4,96.0248
2079,ἀνακάμπτω,to bend back,L,4,96.0277
2080,ἀντέχομαι,,L,4,96.0306
2081,ἀντιλογία,"contradiction, controversy, disputation",L,4,96.0336
2082,ἀντλέω,"to bale out bilge-water, bale the ship",L,4,96.0365
2083,ἀνυπότακτος,not made subject,L,4,96.0394
2084,ἀποβαίνω,to step off from,L,4,96.0423
2085,ἀπογράφω,"to write off, copy: to enter in a list, register",L,4,96.0452
2086,ἀποδείκνυμι,"display, appoint, demonstrate",L,4,96.0481
2087,ἀποδεκατόω,,L,4,96.0510
2088,ἀποκεφαλίζω,behead,L,4,96.0539
2089,ἀποκρύπτω,"to hide from, keep hidden from",L,4,96.0568
2090,ἀποκυλίω,to roll away,L,4,96.0597
2091,ἀποπλέω,"to sail away, sail off",L,4,96.0626
2092,ἀποστολή,a sending off,L,4,96.0655
2093,ἀπόκειμαι,to be laid away,L,4,96.0685
2094,ἀπόκρισις,a separating; a reply,L,4,96.0714
2095,ἀρεστός,"acceptable, pleasing",L,4,96.0743
2096,ἀριστερός,"left, on the left",L,4,96.0772
2097,ἀρχηγός,"beginning, originating",L,4,96.0801
2098,ἀσφαλίζω,"fortify; to make safe, secure",L,4,96.0830
2099,ἀφροσύνη,"folly, thoughtlessness, senselessness",L,4,96.0859
2100,ἀφόβως,,L,4,96.0888
2101,ἁλληλουϊά,,F,4,96.0917
2102,ἄγαμος,"unmarried, unwedded, single",L,4,96.0946
2103,ἄγκυρα,anchor,L,4,96.0975
2104,ἄγνοια,"want of perception, ignorance",L,4,96.1004
2105,ἄνθος,"a blossom, flower",L,4,96.1033
2106,ἄνυδρος,"wanting water, waterless",L,4,96.1063
2107,ἄρωμα,"arable land, corn-land",L,4,96.1092
2108,ἄσπιλος,"without spot, spotless",L,4,96.1121
2109,ἄστρον,the stars,L,4,96.1150
2110,ἄτιμος,"unhonoured, dishonoured",L,4,96.1179
2111,ἄτοπος,out of place,L,4,96.1208
2112,ἄφωνος,"voiceless, speechless, dumb, silent",L,4,96.1237
2113,ἅρμα,a chariot,L,4,96.1266
2114,Ἀθῆναι,,L,4,96.1295
2115,Ἁριμαθαία,,L,4,96.1324
2116,Ἅβελ,,L,4,96.1353
2117,Ἅννας,,L,4,96.1382
2118,ἐγκράτεια,mastery over,L,4,96.1412
2119,ἐθνικός,"foreign, heathen, gentile",L,4,96.1441
2120,ἐκδίδωμι,"to give up, surrender",L,4,96.1470
2121,ἐκθαμβέομαι,,L,4,96.1499
2122,ἐκλείπω,"to leave out, omit, pass over",L,4,96.1528
2123,ἐκπειράζω,to tempt,L,4,96.1557
2124,ἐκριζόω,to root out,L,4,96.1586
2125,ἐκτίθημι,"to set out, place outside",L,4,96.1615
2126,ἐκτινάσσω,to shake out,L,4,96.1644
2127,ἐλάσσων,"smaller, less",L,4,96.1673
2128,ἐμμένω,to abide in,L,4,96.1702
2129,ἐνενήκοντα,ninety,L,4,96.1731
2130,ἐνθύμησις,"consideration, esteem",L,4,96.1760
2131,ἐξαγοράζω,to buy up,L,4,96.1790
2132,ἐξουσιάζω,to exercise authority over,L,4,96.1819
2133,ἐπίβλημα,"that which is thrown over, tapestry, hangings",L,4,96.1848
2134,ἐπίθεσις,a laying on; an attack,L,4,96.1877
2135,ἐπακολουθέω,"to follow close upon, follow after",L,4,96.1906
2136,ἐπιβουλή,a plan against,L,4,96.1935
2137,ἐπισκοπή,"a watching over, visitation",L,4,96.1964
2138,ἐπιφαίνω,"to shew forth, display, shew off",L,4,96.1993
2139,ἐπιφωνέω,"to mention by name, tell of",L,4,96.2022
2140,ἐρημία,"a solitude, desert, wilderness",L,4,96.2051
2141,ἑπτάκις,seven times,L,4,96.2080
2142,ἑρπετόν,"a walking animal, quadruped",L,4,96.2109
2143,ἔνδειξις,a pointing out,L,4,96.2139
2144,ἔνδοξος,held in esteem,L,4,96.2168
2145,ἔξειμι,go out,L,4,96.2197
2146,ἕνεκα,"on account of, for the sake of, because of, for",F,4,96.2226
2147,Ἑβραῖος,,L,4,96.2255
2148,ἡσυχία,"stillness, rest, quiet",L,4,96.2284
2149,ἦχος,sound,L,4,96.2313
2150,ἱμάς,a leathern strap,L,4,96.2342
2151,ἴασπις,jasper,L,4,96.2371
2152,Ἰταλία,,L,4,96.2400
2153,ὀδυνάομαι,,L,4,96.2429
2154,ὀπτασία,a vision,L,4,96.2458
2155,ὀρθῶς,,L,4,96.2487
2156,ὀρχέομαι,to dance in a row,L,4,96.2517
2157,ὀστέον,bone,L,4,96.2546
2158,ὀψέ,"after a long time, late",L,4,96.2575
2159,ὀψώνιον,provisions,L,4,96.2604
2160,ὁμιλέω,"to be in company with, consort with",L,4,96.2633
2161,ὁμοῦ,"at the same place, together",L,4,96.2662
2162,ὁρκωμοσία,"a swearing, an oath",L,4,96.2691
2163,ὄλεθρος,"ruin, destruction, death",L,4,96.2720
2164,ὄφελον,,F,4,96.2749
2165,ὅλως,,L,4,96.2778
2166,ὅρασις,"seeing, the act of sight",L,4,96.2807
2167,ὑμνέω,"to sing, laud, sing of",L,4,96.2836
2168,ὑπερῷον,"the upper part of the house, the upper story",L,4,96.2865
2169,ὑποδέχομαι,"to receive, entertain; to promise",L,4,96.2895
2170,ὑποστέλλω,to draw in,L,4,96.2924
2171,ὑποταγή,"subordination, subjection, submission",L,4,96.2953
2172,ὠδίν,,L,4,96.2982
2173,ὠφέλιμος,"useful, advantageous, beneficial",L,4,96.3011
2174,ὡραῖος,produced at the right season (subst. ἡ ὡραία harvest time),L,4,96.3040
2175,ῥαντίζω,to purify,L,4,96.3069
2176,ῥύμη,"the force, swing, rush",L,4,96.3098
2177,Βαλαάμ,,L,3,96.3120
2178,Βερνίκη,,L,3,96.3142
2179,Βηθφαγή,,L,3,96.3164
2180,Γαλλίων,,L,3,96.3185
2181,Γεννησαρέτ,,L,3,96.3207
2182,Γερασηνός,,L,3,96.3229
2183,Γολγοθᾶ,,L,3,96.3251
2184,Δέρβη,,L,3,96.3273
2185,Δίδυμος,,L,3,96.3294
2186,Δεκάπολις,,L,3,96.3316
2187,Δημήτριος,,L,3,96.3338
2188,Δημᾶς,,L,3,96.3360
2189,Ζαβουλών,,L,3,96.3382
2190,Ζακχαῖος,,L,3,96.3403
2191,Ζοροβαβέλ,,L,3,96.3425
2192,Κάϊν,,L,3,96.3447
2193,Κλαύδιος,,L,3,96.3469
2194,Κύπριος,,L,3,96.3491
2195,Λευίτης,,L,3,96.3513
2196,Λουκᾶς,,L,3,96.3534
2197,Λύδδα,,L,3,96.3556
2198,Μίλητος,,L,3,96.3578
2199,Μανασσῆς,,L,3,96.3600
2200,Ναασσών,,L,3,96.3622
2201,Νεφθαλίμ,,L,3,96.3643
2202,Νινευίτης,,L,3,96.3665
2203,Πέργη,,L,3,96.3687
2204,Πρίσκα,,L,3,96.3709
2205,Πρίσκιλλα,,L,3,96.3731
2206,Πόντιος,of the sea,L,3,96.3752
2207,Σάρδεις,,L,3,96.3774
2208,Σαλαθιήλ,,L,3,96.3796
2209,Σαμουήλ,,L,3,96.3818
2210,Σεβαστός,,L,3,96.3840
2211,Σιλωάμ,,L,3,96.3861
2212,Σολομῶν,,L,3,96.3883
2213,Στεφανᾶς,,L,3,96.3905
2214,Ταρσός,,L,3,96.3927
2215,Τιβεριάς,,L,3,96.3949
2216,Τρόφιμος,nourishing,L,3,96.3971
2217,Φαρές,,L,3,96.3992
2218,Φοινίκη,,L,3,96.4014
2219,Φρυγία,,L,3,96.4036
2220,Χριστιανός,,L,3,96.4058
2221,αββα,,L,3,96.4080
2222,αἰχμαλωσία,,L,3,96.4101
2223,αἱρέομαι,,L,3,96.4123
2224,αἴτημα,"a request, demand",L,3,96.4145
2225,αὐλέω,to play on the flute,L,3,96.4167
2226,βάσανος,the touch-stone,L,3,96.4189
2227,βία,"bodily strength, force, power, might",L,3,96.4210
2228,βιβλαρίδιον,,L,3,96.4232
2229,βιωτικός,,L,3,96.4254
2230,βούλημα,,L,3,96.4276
2231,βραδύς,slow,L,3,96.4298
2232,βραχίων,the arm,L,3,96.4319
2233,βυρσεύς,,L,3,96.4341
2234,βόθυνος,,L,3,96.4363
2235,γαλήνη,"stillness of the sea, calm",L,3,96.4385
2236,γυμνότης,,L,3,96.4407
2237,γόμος,"a ship's freight, burden, tonnage",L,3,96.4429
2238,δέκατος,tenth,L,3,96.4450
2239,δίκη,"(custom, usage) justice, lawsuit, penalty",L,3,96.4472
2240,δίστομος,,L,3,96.4494
2241,δειλός,"cowardly, craven",L,3,96.4516
2242,δεκαπέντε,fifteen,L,3,96.4538
2243,δελεάζω,,L,3,96.4559
2244,δεσμεύω,"to fetter, put in chains",L,3,96.4581
2245,δεσμοφύλαξ,,L,3,96.4603
2246,δεσμόν,,L,3,96.4625
2247,διΐστημι,"set apart, separate",L,3,96.4647
2248,διάδημα,,L,3,96.4668
2249,διάκρισις,,L,3,96.4690
2250,διαίρεσις,"a dividing, division",L,3,96.4712
2251,διαβαίνω,"to cross (a river, etc.); to stand with feet apart",L,3,96.4734
2252,διαβλέπω,to look straight before one,L,3,96.4756
2253,διαγίνομαι,,L,3,96.4777
2254,διαγγέλλω,"to give notice by a messenger, to send as a message",L,3,96.4799
2255,διαζώννυμι,,L,3,96.4821
2256,διαρπάζω,to tear in pieces,L,3,96.4843
2257,διασπείρω,"to scatter abroad, throw about",L,3,96.4865
2258,διασπορά,,L,3,96.4887
2259,διαστολή,,L,3,96.4908
2260,διαφημίζω,to spread abroad,L,3,96.4930
2261,διδακτός,"taught, learnt",L,3,96.4952
2262,δούλη,slave,L,3,96.4974
2263,δραχμή,a handful; a drachma,L,3,96.4996
2264,δρόμος,"a course, running, race",L,3,96.5017
2265,δυνάστης,"a lord, master, ruler",L,3,96.5039
2266,δυνατέω,"to be powerful, mighty",L,3,96.5061
2267,δυσκόλως,,L,3,96.5083
2268,δωρέομαι,,L,3,96.5105
2269,δῆλος,"visible, conspicuous",L,3,96.5126
2270,εἰλικρίνεια,,L,3,96.5148
2271,εὐαγγελιστής,,L,3,96.5170
2272,εὐαρεστέω,,L,3,96.5192
2273,εὐγενής,"well-born, of noble race, of high descent",L,3,96.5214
2274,εὐθυμέω,to be of good cheer,L,3,96.5235
2275,εὐκαιρέω,to devote one's leisure,L,3,96.5257
2276,εὐσεβής,"pious, religious, righteous",L,3,96.5279
2277,εὐσχημόνως,,L,3,96.5301
2278,εὐχή,"a prayer, vow",L,3,96.5323
2279,εὐωδία,,L,3,96.5345
2280,εὔθετος,,L,3,96.5366
2281,εὔχρηστος,,L,3,96.5388
2282,ζεστός,,L,3,96.5410
2283,ζώννυμι,,L,3,96.5432
2284,ζῳογονέω,,L,3,96.5454
2285,θάμβος,,L,3,96.5475
2286,θέατρον,a place for seeing,L,3,96.5497
2287,θέρος,"summer, summertime; harvest, crop",L,3,96.5519
2288,θαμβέομαι,,L,3,96.5541
2289,θεραπεία,"a waiting on, service",L,3,96.5563
2290,θεῖος,"of/from the gods, divine",L,3,96.5584
2291,θιγγάνω,,L,3,96.5606
2292,θροέομαι,,L,3,96.5628
2293,κέρδος,"gain, profit, advantage",L,3,96.5650
2294,καθέδρα,a seat,L,3,96.5672
2295,καθαίρεσις,,L,3,96.5693
2296,κακοπαθέω,"to suffer ill, to be in ill plight, be in distress",L,3,96.5715
2297,κακοποιός,,L,3,96.5737
2298,κατάκριμα,,L,3,96.5759
2299,κατάλυμα,"an inn, lodging",L,3,96.5781
2300,καταγελάω,"to laugh at, jeer",L,3,96.5803
2301,καταγινώσκω,,L,3,96.5824
2302,κατακαλύπτομαι,,L,3,96.5846
2303,καταμαρτυρέω,to bear witness against,L,3,96.5868
2304,καταναρκάω,,L,3,96.5890
2305,καταξιόω,,L,3,96.5912
2306,καταπίπτω,to fall,L,3,96.5933
2307,κατενώπιον,,F,3,96.5955
2308,κατευθύνω,"to make straight, keep straight",L,3,96.5977
2309,κατηγορία,"an accusation, charge",L,3,96.5999
2310,κατισχύω,"to have power over, overpower, prevail against",L,3,96.6021
2311,καύσων,burning heat,L,3,96.6042
2312,κεντυρίων,,L,3,96.6064
2313,κεράννυμι,"to mix, mingle",L,3,96.6086
2314,κεραμεύς,a potter,L,3,96.6108
2315,κλίμα,,L,3,96.6130
2316,κολλυβιστής,a small money-changer,L,3,96.6151
2317,κολυμβήθρα,a swimming-bath,L,3,96.6173
2318,κοπάζω,to grow weary,L,3,96.6195
2319,κουστωδία,,L,3,96.6217
2320,κρημνός,an overhanging bank,L,3,96.6239
2321,κριτήριον,a means for judging,L,3,96.6261
2322,κυκλόθεν,from all around,F,3,96.6282
2323,κῆρυξ,"a herald, pursuivant, marshal, public messenger",L,3,96.6304
2324,κῶμος,"a village festival: a revel, carousal, merry-making",L,3,96.6326
2325,λίθινος,of stone,L,3,96.6348
2326,λαῖλαψ,"a tempest, furious storm, hurricane",L,3,96.6370
2327,λειτουργέω,to serve public offices at one's own cost,L,3,96.6391
2328,λεπτόν,,L,3,96.6413
2329,λοιδορία,"railing, abuse",L,3,96.6435
2330,λυτρόομαι,,L,3,96.6457
2331,λύτρωσις,ransoming,L,3,96.6479
2332,μέθη,strong drink,L,3,96.6500
2333,μέλαν,,L,3,96.6522
2334,μέλας,"black, swart",L,3,96.6544
2335,μακαρισμός,"a pronouncing happy, blessing",L,3,96.6566
2336,μακράν,"a long way, far, far away",L,3,96.6588
2337,μαλακία,"softness, delicacy, effeminacy",L,3,96.6609
2338,μαστός,one of the breasts,L,3,96.6631
2339,ματαιότης,,L,3,96.6653
2340,μεγαλειότης,,L,3,96.6675
2341,μεγαλωσύνη,,L,3,96.6697
2342,μεγιστάν,,L,3,96.6719
2343,μεθύσκομαι,,L,3,96.6740
2344,μενοῦνγε,,F,3,96.6762
2345,μεσουράνημα,,L,3,96.6784
2346,μετάθεσις,,L,3,96.6806
2347,μισθαποδοσία,,L,3,96.6828
2348,μισθωτός,hired,L,3,96.6849
2349,μνημόσυνον,"a remembrance, memorial, record",L,3,96.6871
2350,μνηστεύομαι,,L,3,96.6893
2351,μοιχός,"an adulterer, paramour, debaucher",L,3,96.6915
2352,μολύνω,"to stain, sully, defile",L,3,96.6937
2353,μορφή,"form, shape",L,3,96.6958
2354,μόδιος,,L,3,96.6980
2355,μόχθος,"toil, hard work hardship, distress, trouble",L,3,96.7002
2356,μύριοι,ten thousand,L,3,96.7024
2357,μῆκος,length,L,3,96.7046
2358,ναύτης,"a sailor, seaman; a fellow sailor",L,3,96.7067
2359,νεκρόω,to make dead,L,3,96.7089
2360,νηφάλιος,,L,3,96.7111
2361,νομοδιδάσκαλος,,L,3,96.7133
2362,νοσφίζομαι,,L,3,96.7155
2363,νουθεσία,,L,3,96.7177
2364,νυμφών,the bridechamber,L,3,96.7198
2365,ξυράομαι,,L,3,96.7220
2366,οἰκεῖος,in or of the house,L,3,96.7242
2367,οἰκτίρμων,,L,3,96.7264
2368,οἶμαι,,L,3,96.7286
2369,πάθος,"anything that befalls one, an incident, accident",L,3,96.7307
2370,πάντοθεν,"from all quarters, from every side",L,3,96.7329
2371,πέδη,a fetter,L,3,96.7351
2372,παιδαγωγός,a boy-ward;,L,3,96.7373
2373,πανοπλία,suit of armour of a ὁπλίτης,L,3,96.7395
2374,παράδεισος,a park,L,3,96.7416
2375,παραβαίνω,"(go beside) overstep, transgress, violate",L,3,96.7438
2376,παραθήκη,,L,3,96.7460
2377,παρακοή,,L,3,96.7482
2378,παρακούω,to hear beside,L,3,96.7504
2379,παρεκτός,besides,F,3,96.7525
2380,παρεπίδημος,,L,3,96.7547
2381,πατριά,"lineage, pedigree, by the father's side",L,3,96.7569
2382,πατρῷος,of or belonging to the father,L,3,96.7591
2383,πεντηκοστή,,L,3,96.7613
2384,περιέρχομαι,"to go round, go about",L,3,96.7635
2385,περικαλύπτω,to cover all round,L,3,96.7656
2386,περιπίπτω,"to fall around, so as to embrace",L,3,96.7678
2387,περιποιέομαι,,L,3,96.7700
2388,περιφέρω,to carry round,L,3,96.7722
2389,πλάξ,,L,3,96.7744
2390,πλέκω,"to plait, twine, twist, weave, braid",L,3,96.7765
2391,πλατύνω,"to widen, make wide",L,3,96.7787
2392,πλατύς,"wide, broad",L,3,96.7809
2393,πλουτίζω,"to make wealthy, enrich",L,3,96.7831
2394,πλοῦς,,L,3,96.7853
2395,πλύνω,,L,3,96.7874
2396,πνίγω,"to choke, throttle, strangle",L,3,96.7896
2397,πνικτός,,L,3,96.7918
2398,πολυτελής,"very expensive, very costly",L,3,96.7940
2399,πολύτιμος,very costly,L,3,96.7962
2400,πορθέω,"to destroy, ravage, waste, plunder",L,3,96.7983
2401,ποσάκις,how many times? how often?,L,3,96.8005
2402,πρεσβυτέριον,,L,3,96.8027
2403,πρεσβύτης,old man,L,3,96.8049
2404,προδότης,"a betrayer, traitor",L,3,96.8071
2405,προκοπή,,L,3,96.8093
2406,προλαμβάνω,"to take or seize beforehand, prefer, anticipate",L,3,96.8114
2407,προνοέω,"to perceive before, foresee",L,3,96.8136
2408,προσαγωγή,,L,3,96.8158
2409,προστρέχω,to run to,L,3,96.8180
2410,προτίθεμαι,,L,3,96.8202
2411,προχειρίζομαι,,L,3,96.8223
2412,πρόδηλος,clear,L,3,96.8245
2413,πρόθυμος,"ready, willing, eager, zealous",L,3,96.8267
2414,πρύμνα,"the hindmost part of a ship, the stern, poop",L,3,96.8289
2415,πτωχεία,"beggary, mendacity",L,3,96.8311
2416,πτύω,to spit out,L,3,96.8332
2417,πόρρω,,L,3,96.8354
2418,πόσις,"a husband, spouse, mate",L,3,96.8376
2419,πύρωσις,,L,3,96.8398
2420,πώρωσις,,L,3,96.8420
2421,σής,a moth,L,3,96.8441
2422,σαρόω,to sweep clean,L,3,96.8463
2423,σεμνότης,,L,3,96.8485
2424,σιτευτός,"fed up, fatted",L,3,96.8507
2425,σκάπτω,"to dig, delve",L,3,96.8529
2426,σκάφη,,L,3,96.8551
2427,σκέλος,the leg,L,3,96.8572
2428,σκήνωμα,quarters,L,3,96.8594
2429,σκιρτάω,"to spring, leap, bound",L,3,96.8616
2430,σκληροκαρδία,hardness of heart,L,3,96.8638
2431,σκοτεινός,dark,L,3,96.8660
2432,σκοτόομαι,,L,3,96.8681
2433,σπαράσσω,"to tear, rend in pieces, mangle",L,3,96.8703
2434,σποδός,"wood-ashes, embers",L,3,96.8725
2435,σπουδαῖος,"earnest, serious",L,3,96.8747
2436,σπόγγος,a sponge,L,3,96.8769
2437,σπόριμος,"sown, to be sown, fit for sowing",L,3,96.8790
2438,στέγη,a roof; a chamber,L,3,96.8812
2439,σταφυλή,a bunch of grapes,L,3,96.8834
2440,στενοχωρέομαι,,L,3,96.8856
2441,στενός,"narrow, strait",L,3,96.8878
2442,στερεόω,,L,3,96.8899
2443,στεφανόω,"to wreathe, to crown",L,3,96.8921
2444,στοά,"a roofed colonnade, piazza, cloister",L,3,96.8943
2445,συγγένεια,sameness of descent,L,3,96.8965
2446,συγκοινωνέω,,L,3,96.8987
2447,συγκρίνω,,L,3,96.9009
2448,συζάω,,L,3,96.9030
2449,συμμαρτυρέω,to bear witness with,L,3,96.9052
2450,συμπληρόω,to help to fill,L,3,96.9074
2451,συνήθεια,"habitual intercourse, acquaintance, society, intimacy",L,3,96.9096
2452,συναίρω,to take up together,L,3,96.9118
2453,συναιχμάλωτος,,L,3,96.9139
2454,συνακολουθέω,"to follow closely, to accompany",L,3,96.9161
2455,συναναμίγνυμι,,L,3,96.9183
2456,συναποθνῄσκω,to die together with,L,3,96.9205
2457,συνεγείρω,to help in raising,L,3,96.9227
2458,συντάσσω,to put in order together,L,3,96.9248
2459,συντίθεμαι,,L,3,96.9270
2460,συντηρέω,to preserve together,L,3,96.9292
2461,συντρέχω,"to run together so as to meet, to encounter",L,3,96.9314
2462,σφαγή,"slaughter, butchery",L,3,96.9336
2463,σχεδόν,"close, near, hard by, nigh",L,3,96.9357
2464,σωφροσύνη,"soundness of mind, moderation, discretion",L,3,96.9379
2465,σύνειμι,"be with (incl. be wife of, study with)",L,3,96.9401
2466,τέχνη,"art, skill, craft in work, cunning of hand",L,3,96.9423
2467,τήρησις,,L,3,96.9445
2468,τίλλω,to pluck,L,3,96.9467
2469,τελώνιον,a custom-house,L,3,96.9488
2470,τετράπους,,L,3,96.9510
2471,τετρααρχέω,,L,3,96.9532
2472,τοίνυν,"therefore, accordingly",F,3,96.9554
2473,τοὐναντίον,,L,3,96.9576
2474,τράγος,a he-goat,L,3,96.9597
2475,τρέμω,to tremble,L,3,96.9619
2476,τρίβος,"a worn or beaten track, path, attrition, delay, exercise",L,3,96.9641
2477,τρυγάω,,L,3,96.9663
2478,τυφλόω,"to blind, make blind",L,3,96.9685
2479,τυφόομαι,,L,3,96.9706
2480,φάσκω,"to say, affirm, assert",L,3,96.9728
2481,φέγγος,"light, splendour, lustre",L,3,96.9750
2482,φανερῶς,,L,3,96.9772
2483,φθέγγομαι,to utter a sound,L,3,96.9794
2484,φιλοτιμέομαι,to be ambitious,L,3,96.9815
2485,φιλόξενος,"loving strangers, hospitable",L,3,96.9837
2486,φοβερός,fearful,L,3,96.9859
2487,φράσσω,"to fence in, hedge round",L,3,96.9881
2488,φυσικός,"natural, native",L,3,96.9903
2489,φύλαξ,"a watcher, guard, sentinel",L,3,96.9925
2490,φύω,"to bring forth, produce, put forth",L,3,96.9946
2491,χρῖσμα,,L,3,96.9968
2492,ψευδής,"lying, false",L,3,96.9990
2493,ψῆφος,"a small stone, a pebble; vote",L,3,97.0012
2494,ψῦχος,cold,L,3,97.0034
2495,ἀγγαρεύω,"press one to serve as an ἄγγαρος, generally, press into service",L,3,97.0055
2496,ἀδίκημα,"a wrong done, a wrong",L,3,97.0077
2497,ἀδημονέω,to be sorely troubled,L,3,97.0099
2498,ἀθανασία,immortality,L,3,97.0121
2499,ἀκέραιος,unmixed; unharmed,L,3,97.0143
2500,ἀκυρόω,,L,3,97.0164
2501,ἀλοάω,,L,3,97.0186
2502,ἀλώπηξ,a fox,L,3,97.0208
2503,ἀμφιέννυμι,to put round,L,3,97.0230
2504,ἀνάγνωσις,recognition,L,3,97.0252
2505,ἀνέρχομαι,to go up,L,3,97.0273
2506,ἀνήκω,to have come up to,L,3,97.0295
2507,ἀναζητέω,"to examine into, investigate",L,3,97.0317
2508,ἀναστατόω,,L,3,97.0339
2509,ἀνατρέφω,"to feed up, nurse up, educate",L,3,97.0361
2510,ἀνεπίλημπτος,,L,3,97.0383
2511,ἀνθρωποκτόνος,,L,3,97.0404
2512,ἀνορθόω,"to set up again, restore, rebuild",L,3,97.0426
2513,ἀντιλαμβάνομαι,,L,3,97.0448
2514,ἀπάντησις,escort,L,3,97.0470
2515,ἀπαίρω,"to lift off, carry off, take away, to remove from",L,3,97.0492
2516,ἀπαλλάσσω,"to set free, release, deliver",L,3,97.0513
2517,ἀπαλλοτριόομαι,,L,3,97.0535
2518,ἀπατάω,"to cheat, trick, outwit, beguile",L,3,97.0557
2519,ἀπειλή,"boasts, threats",L,3,97.0579
2520,ἀποβάλλω,to throw off,L,3,97.0601
2521,ἀποκαταλλάσσω,,L,3,97.0622
2522,ἀποστάσιον,,L,3,97.0644
2523,ἀποσυνάγωγος,,L,3,97.0666
2524,ἀποφεύγω,"to flee from, escape",L,3,97.0688
2525,ἀποφθέγγομαι,,L,3,97.0710
2526,ἀποχωρέω,to go from,L,3,97.0731
2527,ἀπρόσκοπος,,L,3,97.0753
2528,ἀπόκρυφος,"hidden, concealed",L,3,97.0775
2529,ἀργυροῦς,,L,3,97.0797
2530,ἀριθμέω,"to number, count",L,3,97.0819
2531,ἀριστάω,to take breakfast,L,3,97.0841
2532,ἀρκετός,sufficient,L,3,97.0862
2533,ἀροτριάω,,L,3,97.0884
2534,ἀρραβών,,L,3,97.0906
2535,ἀρτύω,"to arrange, devise, prepare",L,3,97.0928
2536,ἀρχιτρίκλινος,,L,3,97.0950
2537,ἀστοχέω,,L,3,97.0971
2538,ἀσφάλεια,security against stumbling,L,3,97.0993
2539,ἀσφαλῶς,,L,3,97.1015
2540,ἀσωτία,"prodigality, wastefulness",L,3,97.1037
2541,ἀχειροποίητος,not wrought by hands,L,3,97.1059
2542,ἁγιωσύνη,"holiness, sanctity",L,3,97.1080
2543,ἁρπαγή,"seizure, rapine, robbery, rape",L,3,97.1102
2544,ἄγριος,"(living in the fields) wild, savage, harsh",L,3,97.1124
2545,ἄλαλος,speechless,L,3,97.1146
2546,ἄλογος,without,L,3,97.1168
2547,ἄνευ,without,F,3,97.1189
2548,ἄριστον,"the morning meal, breakfast",L,3,97.1211
2549,ἄσβεστος,"unquenchable, inextinguishable",L,3,97.1233
2550,ἄφνω,"unawares, of a sudden",L,3,97.1255
2551,ἅλλομαι,"to spring, leap, bound",L,3,97.1277
2552,ἆρα,particle introducing a question,F,3,97.1299
2553,Ἀβιά,,L,3,97.1320
2554,Ἀμιναδάβ,,L,3,97.1342
2555,Ἀμώς,,L,3,97.1364
2556,Ἄλφα,,L,3,97.1386
2557,ἐγγράφω,to mark in,L,3,97.1408
2558,ἐκδημέω,"to be abroad, to be on one's travels",L,3,97.1429
2559,ἐκκλάω,break off,L,3,97.1451
2560,ἐκκλίνω,to bend out of the regular line,L,3,97.1473
2561,ἐκπλέω,"to sail out, sail away, weigh anchor",L,3,97.1495
2562,ἐκπνέω,to breathe out,L,3,97.1517
2563,ἐκψύχω,,L,3,97.1538
2564,ἐλαττόω,,L,3,97.1560
2565,ἐνέχω,to hold within,L,3,97.1582
2566,ἐνδημέω,to live in,L,3,97.1604
2567,ἐνεργής,productive,L,3,97.1626
2568,ἐντυλίσσω,to wrap up,L,3,97.1647
2569,ἐξακολουθέω,,L,3,97.1669
2570,ἐξανίστημι,to raise up: to make one rise,L,3,97.1691
2571,ἐξετάζω,to examine well,L,3,97.1713
2572,ἐξώτερος,"outer, utter",L,3,97.1735
2573,ἐπάγω,to bring on,L,3,97.1757
2574,ἐπάν,,F,3,97.1778
2575,ἐπίτροπος,"one to whom a charge is entrusted, a trustee, administrator",L,3,97.1800
2576,ἐπανάγω,"to bring up: to stir up, excite",L,3,97.1822
2577,ἐπαρκέω,"to ward off; to be sufficient, to prevail; to supply",L,3,97.1844
2578,ἐπιβαρέω,,L,3,97.1866
2579,ἐπιβιβάζω,to put,L,3,97.1887
2580,ἐπιβλέπω,"to look upon, look attentively",L,3,97.1909
2581,ἐπιμελέομαι,"to take care of, have charge of, have the management of",L,3,97.1931
2582,ἐπιστηρίζω,,L,3,97.1953
2583,ἐπιχειρέω,"to attempt, attack, put one’s hand to",L,3,97.1975
2584,ἐρήμωσις,making desolate,L,3,97.1996
2585,ἐχθές,,L,3,97.2018
2586,ἑδραῖος,"sitting, sedentary",L,3,97.2040
2587,ἑκατονταπλασίων,,L,3,97.2062
2588,ἑκατόνταρχος,,L,3,97.2084
2589,ἑνδέκατος,the eleventh,L,3,97.2106
2590,ἑρμηνεύω,to interpret,L,3,97.2127
2591,ἑσπέρα,"evening, eventide, eve",L,3,97.2149
2592,ἑταῖρος,"a comrade, companion, mate",L,3,97.2171
2593,ἑτοίμως,,L,3,97.2193
2594,ἔνταλμα,,L,3,97.2215
2595,ἔντρομος,,L,3,97.2236
2596,ἔξοδος,a going out; an exit,L,3,97.2258
2597,ἕλκος,a wound,L,3,97.2280
2598,Ἐλιακίμ,,L,3,97.2302
2599,Ἐπαφρᾶς,,L,3,97.2324
2600,Ἑβραΐς,,L,3,97.2345
2601,Ἑλληνιστής,,L,3,97.2367
2602,Ἑνώχ,,L,3,97.2389
2603,Ἑσρώμ,,L,3,97.2411
2604,Ἔραστος,,L,3,97.2433
2605,ἡδέως,,L,3,97.2454
2606,ἡλίκος,as big as,F,3,97.2476
2607,ἡττάομαι,,L,3,97.2498
2608,Ἠσαῦ,,L,3,97.2520
2609,Ἡρῳδιανοί,,L,3,97.2542
2610,ἰσότης,equality,L,3,97.2564
2611,ἰός,an arrow,L,3,97.2585
2612,ἱερωσύνη,,L,3,97.2607
2613,ἴαμα,,L,3,97.2629
2614,ἴασις,"healing, a mode of healing, cure, remedy",L,3,97.2651
2615,ἴχνος,"a track, footstep",L,3,97.2673
2616,Ἰερεμίας,,L,3,97.2694
2617,Ἰοῦστος,,L,3,97.2716
2618,Ἰσκαριώθ,,L,3,97.2738
2619,Ἰωσῆς,,L,3,97.2760
2620,ὀκνηρός,"shrinking, hesitating, backward, unready, timid",L,3,97.2782
2621,ὀρέγομαι,,L,3,97.2803
2622,ὀρύσσω,to dig,L,3,97.2825
2623,ὀφειλή,a debt,L,3,97.2847
2624,ὁλοκαύτωμα,"a whole burnt-offering, holocaust",L,3,97.2869
2625,ὁσάκις,"as many times as, as often as",F,3,97.2891
2626,ὄρνεον,a bird,L,3,97.2912
2627,ὄφελος,"furtherance, advantage, help",L,3,97.2934
2628,ὄψις,"look, appearance, aspect",L,3,97.2956
2629,ὅμως,"all the same, nevertheless",L,3,97.2978
2630,ὑάλινος,,L,3,97.3000
2631,ὑδρία,,L,3,97.3022
2632,ὑπάντησις,coming to meet,L,3,97.3043
2633,ὑπήκοος,"giving ear, listening to",L,3,97.3065
2634,ὑπεράνω,,F,3,97.3087
2635,ὑπεραίρομαι,,L,3,97.3109
2636,ὑπερεκπερισσοῦ,,L,3,97.3131
2637,ὑπηρετέω,"to do service on board ship, to do rower's service",L,3,97.3152
2638,ὑποδέομαι,,L,3,97.3174
2639,ὑπονοέω,"to think secretly, suspect",L,3,97.3196
2640,ὑποφέρω,to carry away under,L,3,97.3218
2641,ὑπόμνησις,a reminding,L,3,97.3240
2642,ὕβρις,"wantonness, wanton violence",L,3,97.3261
2643,ὕστερον,the afterbirth,L,3,97.3283
2644,ὠδίνω,to have the pains,L,3,97.3305
2645,ὠτίον,"(little) ear, little handle",L,3,97.3327
2646,Ὦ,O! oh!,L,3,97.3349
2647,ῥάπισμα,"a stroke, a slap on the face",L,3,97.3370
2648,ῥύσις,"a flowing, flow",L,3,97.3392
2649,Αἰθίοψ,,L,2,97.3407
2650,Αἰνέας,,L,2,97.3421
2651,Βέροια,,L,2,97.3436
2652,Βαρσαββᾶς,,L,2,97.3450
2653,Βηθσαϊδάν,,L,2,97.3465
2654,Βιθυνία,,L,2,97.3480
2655,Βόες,,L,2,97.3494
2656,Γαβριήλ,,L,2,97.3509
2657,Γαλατικός,,L,2,97.3523
2658,Γαμαλιήλ,,L,2,97.3538
2659,Γεθσημανί,,L,2,97.3552
2660,Διάβολος,"slanderous, backbiting",L,2,97.3567
2661,Δορκάς,a kind of deer,L,2,97.3581
2662,Εὐφράτης,,L,2,97.3596
2663,Εὕα,,L,2,97.3610
2664,Ζεύς,,L,2,97.3625
2665,Θαδδαῖος,,L,2,97.3639
2666,Θεόφιλος,,L,2,97.3654
2667,Καναναῖος,,L,2,97.3669
2668,Καππαδοκία,,L,2,97.3683
2669,Καϊνάμ,,L,2,97.3698
2670,Κεγχρεαί,,L,2,97.3712
2671,Κορίνθιος,,L,2,97.3727
2672,Κρής,,L,2,97.3741
2673,Κρίσπος,,L,2,97.3756
2674,Λούκιος,,L,2,97.3770
2675,Λυδία,,L,2,97.3785
2676,Λυσίας,,L,2,97.3799
2677,Μαθθάτ,,L,2,97.3814
2678,Μαθθίας,,L,2,97.3828
2679,Ματθάν,,L,2,97.3843
2680,Ματταθίας,,L,2,97.3858
2681,Μελχί,,L,2,97.3872
2682,Μεσοποταμία,,L,2,97.3887
2683,Μεσσίας,,L,2,97.3901
2684,Μιχαήλ,,L,2,97.3916
2685,Μυσία,,L,2,97.3930
2686,Ναζαρά,,L,2,97.3945
2687,Νικολαΐτης,,L,2,97.3959
2688,Πάγος,"rock; frost, solid",L,2,97.3974
2689,Πάφος,,L,2,97.3988
2690,Πέργαμος,,L,2,97.4003
2691,Πισιδία,,L,2,97.4017
2692,Πόντος,the sea,L,2,97.4032
2693,Πόπλιος,,L,2,97.4047
2694,Σαβαώθ,,L,2,97.4061
2695,Σαδώκ,,L,2,97.4076
2696,Σαλά,,L,2,97.4090
2697,Σαλήμ,,L,2,97.4105
2698,Σαλμών,,L,2,97.4119
2699,Σαλώμη,,L,2,97.4134
2700,Σαμαρῖτις,,L,2,97.4148
2701,Σιδώνιος,,L,2,97.4163
2702,Σμύρνα,myrrh,L,2,97.4177
2703,Σπανία,,L,2,97.4192
2704,Συχέμ,,L,2,97.4206
2705,Σωσθένης,,L,2,97.4221
2706,Τέρτυλλος,,L,2,97.4236
2707,Ταβιθά,,L,2,97.4250
2708,Ταρσεύς,,L,2,97.4265
2709,Φιλαδέλφεια,,L,2,97.4279
2710,Χανάαν,,L,2,97.4294
2711,Χαρράν,,L,2,97.4308
2712,Χοραζίν,,L,2,97.4323
2713,αἰσχροκερδής,sordidly greedy of gain,L,2,97.4337
2714,αἰφνίδιος,"unforeseen, sudden",L,2,97.4352
2715,αἶνος,,L,2,97.4366
2716,αὐθάδης,"self-willed, wilful, dogged, stubborn, contumacious, presumptuous",L,2,97.4381
2717,αὐθαίρετος,,L,2,97.4396
2718,αὐλίζομαι,"to lie in the court-yard, to live, to camp",L,2,97.4410
2719,αὐλητής,a flute-player,L,2,97.4425
2720,αὐστηρός,,L,2,97.4439
2721,αὐτάρκεια,,L,2,97.4454
2722,αὐτόματος,"acting of one's own will, of oneself",L,2,97.4468
2723,αὔξησις,,L,2,97.4483
2724,αὔξω,,L,2,97.4497
2725,βαρέως,,L,2,97.4512
2726,βδελύσσομαι,,L,2,97.4526
2727,βεβαίωσις,confirmation,L,2,97.4541
2728,βεβηλόω,,L,2,97.4555
2729,βιάζω,to constrain,L,2,97.4570
2730,βλάπτω,"to disable, hinder (Hom.); to harm, damage",L,2,97.4585
2731,βοήθεια,"help, aid, rescue, support",L,2,97.4599
2732,βολίζω,,L,2,97.4614
2733,βορρᾶς,,L,2,97.4628
2734,βουλευτής,"a councillor, senator",L,2,97.4643
2735,βουνός,,L,2,97.4657
2736,βραβεῖον,,L,2,97.4672
2737,βραδύνω,,L,2,97.4686
2738,βραχύ,,L,2,97.4701
2739,βροχή,,L,2,97.4715
2740,βυθίζω,,L,2,97.4730
2741,γελάω,to laugh,L,2,97.4744
2742,γενέσια,,L,2,97.4759
2743,γενεαλογία,,L,2,97.4774
2744,γεννητός,begotten,L,2,97.4788
2745,γηράσκω,"to grow old, become old",L,2,97.4803
2746,γλωσσόκομον,,L,2,97.4817
2747,δίδραχμον,,L,2,97.4832
2748,δίψυχος,,L,2,97.4846
2749,δειγματίζω,,L,2,97.4861
2750,δεινῶς,,L,2,97.4875
2751,δεκαοκτώ,,L,2,97.4890
2752,δεκατόω,,L,2,97.4904
2753,δερμάτινος,"of skin, leathern",L,2,97.4919
2754,δεσμώτης,"a prisoner, captive",L,2,97.4933
2755,διάγω,to carry over,L,2,97.4948
2756,διαβεβαιόομαι,,L,2,97.4963
2757,διαγινώσκω,,L,2,97.4977
2758,διαγογγύζω,,L,2,97.4992
2759,διαιρέω,"to take one from another, to cleave in twain, to divide into parts",L,2,97.5006
2760,διαλαλέω,,L,2,97.5021
2761,διαπονέομαι,,L,2,97.5035
2762,διαπρίομαι,,L,2,97.5050
2763,διασαφέω,,L,2,97.5064
2764,διασπάω,"to tear asunder, part forcibly",L,2,97.5079
2765,διαταγή,,L,2,97.5093
2766,διατηρέω,,L,2,97.5108
2767,διαχειρίζομαι,,L,2,97.5122
2768,διδακτικός,,L,2,97.5137
2769,διετία,,L,2,97.5152
2770,δικαίωσις,,L,2,97.5166
2771,δικαστής,a judge,L,2,97.5181
2772,διοδεύω,,L,2,97.5195
2773,διστάζω,,L,2,97.5210
2774,διχοστασία,,L,2,97.5224
2775,διχοτομέω,,L,2,97.5239
2776,διϊσχυρίζομαι,"lean upon, rely on",L,2,97.5253
2777,διόπερ,,F,2,97.5268
2778,δοκίμιον,,L,2,97.5282
2779,δοχή,,L,2,97.5297
2780,δυναμόω,,L,2,97.5312
2781,δόσις,a giving,L,2,97.5326
2782,δύνω,,L,2,97.5341
2783,δώρημα,,L,2,97.5355
2784,εἰλικρινής,"unmixed, without alloy, pure",L,2,97.5370
2785,εἰρηνικός,,L,2,97.5384
2786,εἵνεκεν,,F,2,97.5399
2787,εὐεργεσία,well-doing,L,2,97.5413
2788,εὐθυδρομέω,,L,2,97.5428
2789,εὐθύνω,,L,2,97.5442
2790,εὐκαίρως,,L,2,97.5457
2791,εὐκαιρία,,L,2,97.5471
2792,εὐλάβεια,"discretion, caution, circumspection",L,2,97.5486
2793,εὐνουχίζω,,L,2,97.5501
2794,εὐσεβέω,"to live or act piously, religiously",L,2,97.5515
2795,εὐσεβῶς,,L,2,97.5530
2796,εὐτόνως,,L,2,97.5544
2797,εὐφροσύνη,,L,2,97.5559
2798,εὔκαιρος,"well-timed, in season, seasonable",L,2,97.5573
2799,εὔσπλαγχνος,,L,2,97.5588
2800,ζέω,"to boil, seethe",L,2,97.5602
2801,ζεῦγος,"a yoke of beasts, a pair of mules, oxen",L,2,97.5617
2802,ζωγρέω,"to take alive, revive",L,2,97.5631
2803,θάλπω,,L,2,97.5646
2804,θαῦμα,"whatever one regards with wonder, a wonder, marvel",L,2,97.5660
2805,θεριστής,,L,2,97.5675
2806,θριαμβεύω,,L,2,97.5690
2807,θυγάτριον,,L,2,97.5704
2808,θυρίς,,L,2,97.5719
2809,κάμνω,"to work, toil, be sick",L,2,97.5733
2810,καίτοι,"and indeed, and further; and yet",F,2,97.5748
2811,καθήκω,"to have come; to suit, to belong to, be one’s duty",L,2,97.5762
2812,καθηγητής,,L,2,97.5777
2813,καινότης,"newness, freshness",L,2,97.5791
2814,κακουχέομαι,,L,2,97.5806
2815,καμμύω,,L,2,97.5820
2816,καρδιογνώστης,,L,2,97.5835
2817,κατάκρισις,,L,2,97.5849
2818,κατάσχεσις,,L,2,97.5864
2819,καταβάλλω,"to throw down, overthrow",L,2,97.5879
2820,καταδουλόω,"to reduce to slavery, enslave",L,2,97.5893
2821,καταδυναστεύω,,L,2,97.5908
2822,κατακλάω,,L,2,97.5922
2823,κατακλείω,"to shut in, enclose",L,2,97.5937
2824,κατακολουθέω,,L,2,97.5951
2825,καταλαλιά,,L,2,97.5966
2826,καταπονέω,,L,2,97.5980
2827,καταποντίζομαι,,L,2,97.5995
2828,κατασκάπτω,"to dig down, destroy utterly, rase to the ground, overthrow",L,2,97.6009
2829,κατασκήνωσις,,L,2,97.6024
2830,καταστέλλω,,L,2,97.6039
2831,καταστρέφω,"to turn down, trample on",L,2,97.6053
2832,καταστροφή,an overturning,L,2,97.6068
2833,κατατίθημι,"to place, put",L,2,97.6082
2834,καταφεύγω,to flee for refuge,L,2,97.6097
2835,καταχέω,"to pour down upon, pour over",L,2,97.6111
2836,καταχράομαι,"to make full use of, apply; to finish off, execute",L,2,97.6126
2837,κατεξουσιάζω,,L,2,97.6140
2838,κατοικητήριον,,L,2,97.6155
2839,καυσόομαι,,L,2,97.6169
2840,καῦμα,burning heat,L,2,97.6184
2841,κενοφωνία,,L,2,97.6198
2842,κεράμιον,"an earthenware vessel, a jar",L,2,97.6213
2843,κεραία,any thing projecting like a horn; a yard-arm,L,2,97.6228
2844,κεφάλαιον,,L,2,97.6242
2845,κιθαρίζω,to play the cithara,L,2,97.6257
2846,κιθαρῳδός,"one who plays and sings to the cithara, a harper",L,2,97.6271
2847,κλάσις,,L,2,97.6286
2848,κλίβανος,,L,2,97.6300
2849,κλινίδιον,,L,2,97.6315
2850,κλοπή,theft,L,2,97.6329
2851,κλύδων,,L,2,97.6344
2852,κοδράντης,,L,2,97.6358
2853,κολάζω,"to curtail, dock, prune",L,2,97.6373
2854,κομάω,to let the hair grow long; give oneself airs,L,2,97.6387
2855,κονιάω,to plaster,L,2,97.6402
2856,κορέννυμι,"to sate, satiate, satisfy",L,2,97.6417
2857,κοσμικός,,L,2,97.6431
2858,κρέας,"flesh, meat, a piece of meat",L,2,97.6446
2859,κρίθινος,made of or from barley,L,2,97.6460
2860,κρίνον,a lily,L,2,97.6475
2861,κρυφαῖος,,L,2,97.6489
2862,κρύσταλλος,,L,2,97.6504
2863,κυβερνήτης,"a steersman, helmsman, pilot",L,2,97.6518
2864,κυρία,"authority; in Rome, comitia",L,2,97.6533
2865,κυριακός,,L,2,97.6547
2866,κυρόω,"to make valid, confirm, ratify, determine",L,2,97.6562
2867,κόλασις,"chastisement, correction, punishment",L,2,97.6576
2868,κόσμιος,"well-ordered, regular, moderate",L,2,97.6591
2869,λέντιον,,L,2,97.6606
2870,λίβανος,,L,2,97.6620
2871,λίνον,,L,2,97.6635
2872,λίτρα,,L,2,97.6649
2873,λατομέω,,L,2,97.6664
2874,λεμά,,L,2,97.6678
2875,λευκαίνω,,L,2,97.6693
2876,λιβανωτός,"frankincense, the gum of the tree",L,2,97.6707
2877,λικμάω,,L,2,97.6722
2878,λιμήν,"a harbour, haven, creek",L,2,97.6736
2879,λοίδορος,,L,2,97.6751
2880,λογεία,,L,2,97.6765
2881,λογικός,,L,2,97.6780
2882,λογισμός,"a counting, reckoning, calculation, computation",L,2,97.6795
2883,λοιμός,"a plague, pestilence",L,2,97.6809
2884,λουτρόν,,L,2,97.6824
2885,λύτρον,a price paid,L,2,97.6838
2886,μάτην,"in vain, idly, fruitlessly",L,2,97.6853
2887,μέθυσος,,L,2,97.6867
2888,μέμφομαι,"to blame, censure, find fault with",L,2,97.6882
2889,μήπω,not yet,L,2,97.6896
2890,μήτρα,,L,2,97.6911
2891,μίσθιος,,L,2,97.6925
2892,μακαρίζω,"to bless, to deem",L,2,97.6940
2893,μεθοδεία,,L,2,97.6955
2894,μελετάω,"to care for, attend to",L,2,97.6969
2895,μερισμός,,L,2,97.6984
2896,μεσημβρία,"mid-day, noon; south",L,2,97.6998
2897,μετάγω,,L,2,97.7013
2898,μεταίρω,,L,2,97.7027
2899,μεταλλάσσω,"to change, alter",L,2,97.7042
2900,μεταστρέφω,"to turn about, turn round, turn",L,2,97.7056
2901,μετοικίζω,,L,2,97.7071
2902,μηδαμῶς,not at all,L,2,97.7085
2903,μισθόομαι,,L,2,97.7100
2904,μοιχεία,adultery,L,2,97.7114
2905,μονή,"a staying, abiding, tarrying, stay",L,2,97.7129
2906,μονόφθαλμος,,L,2,97.7144
2907,μωμάομαι,,L,2,97.7158
2908,μόνον,,L,2,97.7173
2909,μόρφωσις,,L,2,97.7187
2910,νάρδος,,L,2,97.7202
2911,νέκρωσις,,L,2,97.7216
2912,νήθω,,L,2,97.7231
2913,ναυαγέω,,L,2,97.7245
2914,νεύω,to nod,L,2,97.7260
2915,νομή,"a pasture, pasturage",L,2,97.7274
2916,νομίμως,,L,2,97.7289
2917,νομοθετέομαι,,L,2,97.7303
2918,νυστάζω,"to nod in sleep, to nap, slumber",L,2,97.7318
2919,νωθρός,,L,2,97.7333
2920,νῆστις,,L,2,97.7347
2921,ξενία,"the rights of a guest, hospitality, friendly entertainment",L,2,97.7362
2922,ξύλινος,"of wood, wooden",L,2,97.7376
2923,οἰκητήριον,,L,2,97.7391
2924,οἰκιακός,,L,2,97.7405
2925,οἰκτίρω,"to pity, feel pity for, have pity upon",L,2,97.7420
2926,οἰνοπότης,,L,2,97.7434
2927,οὐρανόθεν,,L,2,97.7449
2928,οὐσία,"that which is one's own, one's substance, property",L,2,97.7463
2929,πάροινος,,L,2,97.7478
2930,πέλαγος,the sea,L,2,97.7492
2931,πέρυσιν,,L,2,97.7507
2932,παιδευτής,"a teacher, instructor, preceptor",L,2,97.7522
2933,παλιγγενεσία,,L,2,97.7536
2934,παντελής,"all-complete, absolute, complete, entire",L,2,97.7551
2935,παράκειμαι,to lie beside,L,2,97.7565
2936,παραβιάζομαι,,L,2,97.7580
2937,παραινέω,"to exhort, recommend, advise",L,2,97.7594
2938,παραλέγομαι,,L,2,97.7609
2939,παραλογίζομαι,,L,2,97.7623
2940,παραπικρασμός,,L,2,97.7638
2941,παρεισέρχομαι,,L,2,97.7652
2942,παροικέω,to dwell beside,L,2,97.7667
2943,παροικία,,L,2,97.7681
2944,παροξυσμός,,L,2,97.7696
2945,παροξύνομαι,,L,2,97.7711
2946,παροργίζω,,L,2,97.7725
2947,παροψίς,,L,2,97.7740
2948,παχύνομαι,,L,2,97.7754
2949,πεζῇ,,L,2,97.7769
2950,πεντακόσιοι,five hundred,L,2,97.7783
2951,περίεργος,careful overmuch,L,2,97.7798
2952,περιέχω,"to encompass, embrace, surround",L,2,97.7812
2953,περιαστράπτω,,L,2,97.7827
2954,περιβόλαιον,,L,2,97.7841
2955,περικεφαλαία,,L,2,97.7856
2956,περιλάμπω,,L,2,97.7871
2957,περιλείπομαι,"to be left remaining, remain over, survive",L,2,97.7885
2958,πεῖρα,"a trial, attempt, essay, experiment",L,2,97.7900
2959,πηδάλιον,a rudder,L,2,97.7914
2960,πηλίκος,,F,2,97.7929
2961,πικρός,"pointed, sharp, keen",L,2,97.7943
2962,πικρῶς,,L,2,97.7958
2963,πιστικός,,L,2,97.7972
2964,πλάσσω,"to form, mould, shape",L,2,97.7987
2965,πλήκτης,,L,2,97.8001
2966,πνευματικῶς,,L,2,97.8016
2967,πνοή,"a blowing, blast, breeze",L,2,97.8030
2968,ποίημα,anything made,L,2,97.8045
2969,πολιτάρχης,,L,2,97.8060
2970,πολιτεία,"citizenship, citizen body, constitution",L,2,97.8074
2971,πολιτεύομαι,,L,2,97.8089
2972,πορεία,"a walking, mode of walking",L,2,97.8103
2973,πορισμός,,L,2,97.8118
2974,πράκτωρ,,L,2,97.8132
2975,πρασιά,,L,2,97.8147
2976,πρεσβεία,"age, seniority; embassy",L,2,97.8161
2977,πρεσβεύω,to be the elder; to be an ambassador,L,2,97.8176
2978,προαμαρτάνω,,L,2,97.8190
2979,προβάλλω,"to throw before, throw",L,2,97.8205
2980,προενάρχομαι,,L,2,97.8219
2981,προεπαγγέλλομαι,,L,2,97.8234
2982,προετοιμάζω,,L,2,97.8249
2983,προκαταγγέλλω,,L,2,97.8263
2984,προπετής,,L,2,97.8278
2985,προπορεύομαι,,L,2,97.8292
2986,προσαίτης,,L,2,97.8307
2987,προσαναπληρόω,,L,2,97.8321
2988,προσανατίθημι,,L,2,97.8336
2989,προσδοκία,"a looking for, expectation",L,2,97.8350
2990,προσκολλάομαι,,L,2,97.8365
2991,προσκυλίω,,L,2,97.8379
2992,προσλαλέω,,L,2,97.8394
2993,προσοχθίζω,,L,2,97.8408
2994,προσρήγνυμι,,L,2,97.8423
2995,προτρέχω,to run forward,L,2,97.8438
2996,προφέρω,to bring before,L,2,97.8452
2997,προφῆτις,,L,2,97.8467
2998,προϋπάρχω,take the initiative in,L,2,97.8481
2999,πρωΐα,,L,2,97.8496
3000,πρωϊνός,,L,2,97.8510
3001,πρόγνωσις,,L,2,97.8525
3002,πρόγονος,"a forefather, ancestor",L,2,97.8539
3003,πρόνοια,"foresight, foreknowledge",L,2,97.8554
3004,πρῷρα,"the forepart of a ship, a ship's head, prow, bow",L,2,97.8568
3005,πτερύγιον,,L,2,97.8583
3006,πτοέομαι,,L,2,97.8597
3007,πτύον,,L,2,97.8612
3008,πτῶσις,"a falling, fall",L,2,97.8627
3009,πυκνός,"close, compact",L,2,97.8641
3010,πυρά,(fem.sg.) funeral-pyre,L,2,97.8656
3011,πυρέσσω,to be ill of a fever,L,2,97.8670
3012,πυρράζω,,L,2,97.8685
3013,πυρρός,,L,2,97.8699
3014,πόμα,,L,2,97.8714
3015,πόρρωθεν,,L,2,97.8728
3016,ραββουνι,,L,2,97.8743
3017,σάρδιον,,L,2,97.8757
3018,σάτον,,L,2,97.8772
3019,σέβασμα,,L,2,97.8787
3020,σαβαχθάνι,,L,2,97.8801
3021,σανδάλιον,,L,2,97.8816
3022,σεληνιάζομαι,,L,2,97.8830
3023,σιαγών,,L,2,97.8845
3024,σιγή,silence,L,2,97.8859
3025,σκυθρωπός,"angry-looking, of sad countenance, sullen",L,2,97.8874
3026,σκῆνος,,L,2,97.8888
3027,σμύρνα,myrrh,L,2,97.8903
3028,σοφίζω,"to make wise, instruct",L,2,97.8917
3029,σπάομαι,,L,2,97.8932
3030,σπένδομαι,,L,2,97.8946
3031,σπίλος,,L,2,97.8961
3032,σπαργανόω,,L,2,97.8976
3033,σπαταλάω,,L,2,97.8990
3034,σπιλόω,,L,2,97.9005
3035,στέλλομαι,,L,2,97.9019
3036,στεναγμός,,L,2,97.9034
3037,στρατεία,"an expedition, campaign",L,2,97.9048
3038,στρατιά,army,L,2,97.9063
3039,στρηνιάω,,L,2,97.9077
3040,στυγνάζω,,L,2,97.9092
3041,συγκάθημαι,,L,2,97.9106
3042,συγκαθίζω,,L,2,97.9121
3043,συγκακοπαθέω,,L,2,97.9135
3044,συγκεράννυμι,"to mix up with, commingle",L,2,97.9150
3045,συζεύγνυμι,"to yoke together, couple",L,2,97.9165
3046,συζωοποιέω,,L,2,97.9179
3047,συκοφαντέω,"to accuse falsely, slander, calumniate",L,2,97.9194
3048,συμβασιλεύω,,L,2,97.9208
3049,συμμέτοχος,,L,2,97.9223
3050,συμπάσχω,,L,2,97.9237
3051,συμπέμπω,to send with,L,2,97.9252
3052,συμπαθέω,,L,2,97.9266
3053,συμπόσιον,"a drinking-party, symposium",L,2,97.9281
3054,συνέκδημος,,L,2,97.9295
3055,συναθλέω,,L,2,97.9310
3056,συναθροίζω,"to gather together, assemble",L,2,97.9324
3057,συναναβαίνω,to go up with,L,2,97.9339
3058,συναντιλαμβάνομαι,,L,2,97.9354
3059,συναπάγομαι,,L,2,97.9368
3060,συναρμολογέομαι,,L,2,97.9383
3061,συνεισέρχομαι,to enter along with,L,2,97.9397
3062,συνευωχέομαι,,L,2,97.9412
3063,συνθάπτομαι,,L,2,97.9426
3064,συνθλάομαι,,L,2,97.9441
3065,συνθλίβω,,L,2,97.9455
3066,συνοράω,to see together,L,2,97.9470
3067,συνοχή,,L,2,97.9484
3068,συντόμως,,L,2,97.9499
3069,συσπαράσσω,,L,2,97.9514
3070,συστέλλω,,L,2,97.9528
3071,συστρέφω,to twist up into a ball,L,2,97.9543
3072,συστρατιώτης,,L,2,97.9557
3073,συστροφή,,L,2,97.9572
3074,συσχηματίζομαι,,L,2,97.9586
3075,σχοινίον,a cord,L,2,97.9601
3076,σχολάζω,to have leisure,L,2,97.9615
3077,σχῆμα,"form, figure, appearance",L,2,97.9630
3078,σωματικός,,L,2,97.9644
3079,σωρεύω,,L,2,97.9659
3080,σύμμορφος,,L,2,97.9673
3081,σύμφορον,,L,2,97.9688
3082,σύνοιδα,"to share in knowledge, be cognisant of",L,2,97.9703
3083,τάραχος,,L,2,97.9717
3084,τάχα,"(Homer, later rare) quickly, presently; (post-Homer) perhaps",L,2,97.9732
3085,τέκτων,any worker in wood,L,2,97.9746
3086,τίτλος,,L,2,97.9761
3087,ταλαίπωρος,,L,2,97.9775
3088,ταλαιπωρία,"hard work, hardship, suffering, distress",L,2,97.9790
3089,ταχινός,,L,2,97.9804
3090,τελείωσις,,L,2,97.9819
3091,τελειότης,,L,2,97.9833
3092,τεσσαρεσκαιδέκατος,fourteenth,L,2,97.9848
3093,τεσσερακονταετής,,L,2,97.9862
3094,τιμωρέω,"to help, aid, succour",L,2,97.9877
3095,τοιγαροῦν,,F,2,97.9892
3096,τρίβολος,,L,2,97.9906
3097,τραυματίζω,to wound,L,2,97.9921
3098,τραχύς,"rugged, rough",L,2,97.9935
3099,τριακόσιοι,three hundred,L,2,97.9950
3100,τρυφή,"softness, delicacy, daintiness",L,2,97.9964
3101,τρύβλιον,,L,2,97.9979
3102,τόκος,"a bringing forth, childbirth, parturition",L,2,97.9993
3103,φάγος,glutton,L,2,98.0008
3104,φάντασμα,"an appearance, phantasm, phantom",L,2,98.0022
3105,φάρμακος,"poisoner, sorcerer, magician",L,2,98.0037
3106,φήμη,"a voice from heaven, a prophetic voice",L,2,98.0051
3107,φανέρωσις,,L,2,98.0066
3108,φαρμακεία,,L,2,98.0081
3109,φειδομένως,,L,2,98.0095
3110,φθόγγος,"any clear, distinct sound",L,2,98.0110
3111,φιλάργυρος,,L,2,98.0124
3112,φιλανθρωπία,,L,2,98.0139
3113,φιλοξενία,,L,2,98.0153
3114,φλογίζω,,L,2,98.0168
3115,φορτίζω,,L,2,98.0182
3116,φοῖνιξ,"a purple-red, purple; date palm",L,2,98.0197
3117,φρήν,"the midriff; heart, mind",L,2,98.0211
3118,φραγελλόω,,L,2,98.0226
3119,φρόνησις,"thought, practical wisdom, purpose",L,2,98.0240
3120,φωλεός,"a hole, den",L,2,98.0255
3121,φωστήρ,,L,2,98.0270
3122,φωτισμός,,L,2,98.0284
3123,χαλεπός,"hard to bear, painful; difficult",L,2,98.0299
3124,χαλιναγωγέω,,L,2,98.0313
3125,χαλινός,"a bridle, bit",L,2,98.0328
3126,χαλκολίβανον,,L,2,98.0342
3127,χαμαί,"on the earth, on the ground",L,2,98.0357
3128,χαριτόω,,L,2,98.0371
3129,χειραγωγέω,,L,2,98.0386
3130,χειροτονέω,"(to stretch out the hand), to vote, elect",L,2,98.0400
3131,χιών,snow,L,2,98.0415
3132,χλαμύς,a short mantle,L,2,98.0430
3133,χολή,"gall, bile",L,2,98.0444
3134,χορηγέω,to lead a chorus,L,2,98.0459
3135,χοῖνιξ,"a choenix, a dry",L,2,98.0473
3136,χοῦς,"earth, dust, dirt",L,2,98.0488
3137,χρεοφειλέτης,,L,2,98.0502
3138,χρυσόω,"to make golden, gild",L,2,98.0517
3139,χρῆσις,,L,2,98.0531
3140,ψίξ,,L,2,98.0546
3141,ψευδάδελφος,,L,2,98.0560
3142,ψευδομαρτυρία,,L,2,98.0575
3143,ψευδόμαρτυς,,L,2,98.0589
3144,ψευδόχριστος,,L,2,98.0604
3145,ψηφίζω,(mid.) to vote; (act.) to count with pebbles,L,2,98.0619
3146,ψωμίζω,,L,2,98.0633
3147,ἀΐδιος,"everlasting, eternal",L,2,98.0648
3148,ἀγγελία,"a message, tidings, news",L,2,98.0662
3149,ἀγνωσία,,L,2,98.0677
3150,ἀγοραῖος,"in, of the market",L,2,98.0691
3151,ἀγριέλαιος,,L,2,98.0706
3152,ἀγρυπνία,"sleeplessness, waking, watching",L,2,98.0720
3153,ἀδελφότης,,L,2,98.0735
3154,ἀδιάλειπτος,"unintermitting, incessant",L,2,98.0749
3155,ἀδυνατέω,to want strength,L,2,98.0764
3156,ἀθέμιτος,,L,2,98.0778
3157,ἀθέτησις,,L,2,98.0793
3158,ἀθλέω,"to contend, to struggle, to be an athlete, to hold games",L,2,98.0808
3159,ἀθῷος,"unpunished, scot-free",L,2,98.0822
3160,ἀκάνθινος,,L,2,98.0837
3161,ἀκατάκριτος,,L,2,98.0851
3162,ἀκατάστατος,,L,2,98.0866
3163,ἀκατακάλυπτος,,L,2,98.0880
3164,ἀκρασία,incontinence,L,2,98.0895
3165,ἀκριβόω,,L,2,98.0909
3166,ἀκρογωνιαῖος,,L,2,98.0924
3167,ἀλάβαστρον,,L,2,98.0938
3168,ἀλάβαστρος,,L,2,98.0953
3169,ἀλήθω,,L,2,98.0967
3170,ἀλαζονεία,,L,2,98.0982
3171,ἀλαζών,a vagabond,L,2,98.0997
3172,ἀλαλάζω,to raise the war-cry,L,2,98.1011
3173,ἀληθεύω,to speak truth,L,2,98.1026
3174,ἀμέμπτως,,L,2,98.1040
3175,ἀμέριμνος,,L,2,98.1055
3176,ἀμετάθετος,,L,2,98.1069
3177,ἀμεταμέλητος,,L,2,98.1084
3178,ἀνάγαιον,,L,2,98.1098
3179,ἀνάπηρος,"much maimed, crippled",L,2,98.1113
3180,ἀνάπτω,,L,2,98.1127
3181,ἀναίτιος,not being the cause,L,2,98.1142
3182,ἀναβαθμός,,L,2,98.1156
3183,ἀναγεννάω,,L,2,98.1171
3184,ἀναδέχομαι,"to take up, catch, receive",L,2,98.1186
3185,ἀναδείκνυμι,to lift up and shew,L,2,98.1200
3186,ἀναζάω,,L,2,98.1215
3187,ἀναθεωρέω,,L,2,98.1229
3188,ἀνακαίνωσις,,L,2,98.1244
3189,ἀνακαθίζω,,L,2,98.1258
3190,ἀνακαινόω,,L,2,98.1273
3191,ἀνακαλύπτω,,L,2,98.1287
3192,ἀνακεφαλαιόω,,L,2,98.1302
3193,ἀνακύπτω,to lift up the head,L,2,98.1316
3194,ἀναλίσκω,"to use up, to spend, lavish",L,2,98.1331
3195,ἀναλύω,,L,2,98.1346
3196,ἀναπολόγητος,,L,2,98.1360
3197,ἀνασείω,"to shake back, swing to and fro, move up and down",L,2,98.1375
3198,ἀνασπάω,"to draw up, pull up",L,2,98.1389
3199,ἀνατίθεμαι,,L,2,98.1404
3200,ἀνατρέπω,to turn up,L,2,98.1418
3201,ἀναφαίνω,"to make to give light, make to blaze up",L,2,98.1433
3202,ἀνεξιχνίαστος,,L,2,98.1447
3203,ἀνετάζω,,L,2,98.1462
3204,ἀνευρίσκω,"to find out, make out, discover",L,2,98.1476
3205,ἀνθρακιά,,L,2,98.1491
3206,ἀνθρωπάρεσκος,,L,2,98.1505
3207,ἀνοικοδομέω,to build up,L,2,98.1520
3208,ἀνοχή,,L,2,98.1535
3209,ἀντάλλαγμα,,L,2,98.1549
3210,ἀντίτυπος,repelled,L,2,98.1564
3211,ἀνταποκρίνομαι,,L,2,98.1578
3212,ἀνταπόδομα,,L,2,98.1593
3213,ἀντιμισθία,,L,2,98.1607
3214,ἀντιπαρέρχομαι,,L,2,98.1622
3215,ἀνωφελής,"unprofitable, useless",L,2,98.1636
3216,ἀνόμως,,L,2,98.1651
3217,ἀνόσιος,"unholy, profane",L,2,98.1665
3218,ἀξίνη,an axe-head,L,2,98.1680
3219,ἀπαιτέω,"to demand back, demand",L,2,98.1694
3220,ἀπαντάω,to meet,L,2,98.1709
3221,ἀπειλέω,[to force back],L,2,98.1724
3222,ἀπεκδύομαι,,L,2,98.1738
3223,ἀποβολή,,L,2,98.1753
3224,ἀπογραφή,"a writing off: a register, list",L,2,98.1767
3225,ἀποδοχή,"a receiving back, having restored to one",L,2,98.1782
3226,ἀποκαραδοκία,,L,2,98.1796
3227,ἀποκυέω,,L,2,98.1811
3228,ἀπολούομαι,,L,2,98.1825
3229,ἀποπλανάω,,L,2,98.1840
3230,ἀποπνίγω,"to choke, throttle",L,2,98.1854
3231,ἀποστασία,,L,2,98.1869
3232,ἀποτελέω,"to bring quite to an end, complete",L,2,98.1883
3233,ἀποτινάσσω,,L,2,98.1898
3234,ἀποτομία,,L,2,98.1913
3235,ἀποτόμως,,L,2,98.1927
3236,ἀποχωρίζομαι,,L,2,98.1942
3237,ἀπόδεκτος,,L,2,98.1956
3238,ἀπόθεσις,,L,2,98.1971
3239,ἀπόλαυσις,,L,2,98.1985
3240,ἀρσενοκοίτης,,L,2,98.2000
3241,ἀρχάγγελος,,L,2,98.2014
3242,ἀσάλευτος,,L,2,98.2029
3243,ἀσσάριον,,L,2,98.2043
3244,ἀστήρικτος,,L,2,98.2058
3245,ἀστεῖος,of the town,L,2,98.2072
3246,ἀστράπτω,"to lighten, hurl lightnings",L,2,98.2087
3247,ἀσχημονέω,"to behave unseemly, disgrace oneself, to be put to shame",L,2,98.2102
3248,ἀσχημοσύνη,"want of form, ungracefulness",L,2,98.2116
3249,ἀτάκτως,,L,2,98.2131
3250,ἀτμίς,,L,2,98.2145
3251,ἀφεδρών,,L,2,98.2160
3252,ἀφιλάργυρος,,L,2,98.2174
3253,ἀφοράω,to look away from,L,2,98.2189
3254,ἀφρίζω,,L,2,98.2203
3255,ἀχάριστος,"ungracious, unpleasant, unpleasing",L,2,98.2218
3256,ἀχρεῖος,"useless, unprofitable, good for nothing",L,2,98.2232
3257,ἁγιότης,,L,2,98.2247
3258,ἁγνεία,,L,2,98.2262
3259,ἁγνότης,,L,2,98.2276
3260,ἁλίζω,"to gather together, to muster",L,2,98.2291
3261,ἁπαλός,"soft to the touch, tender",L,2,98.2305
3262,ἁπλοῦς,,L,2,98.2320
3263,ἁφή,,L,2,98.2334
3264,ἄγναφος,,L,2,98.2349
3265,ἄγρα,"a catching, hunting",L,2,98.2363
3266,ἄδηλος,not seen,L,2,98.2378
3267,ἄθεσμος,,L,2,98.2392
3268,ἄκακος,,L,2,98.2407
3269,ἄλευρον,wheaten flour,L,2,98.2421
3270,ἄμαχος,without battle,L,2,98.2436
3271,ἄμετρος,,L,2,98.2451
3272,ἄνιπτος,,L,2,98.2465
3273,ἄνοια,"want of understanding, folly",L,2,98.2480
3274,ἄστοργος,,L,2,98.2494
3275,ἄτεκνος,,L,2,98.2509
3276,ἄτερ,,F,2,98.2523
3277,ἄχρις,,F,2,98.2538
3278,ἄχυρον,,L,2,98.2552
3279,ἅλων,,L,2,98.2567
3280,Ἀβιούδ,,L,2,98.2581
3281,Ἀζώρ,,L,2,98.2596
3282,Ἀθηναῖος,,L,2,98.2610
3283,Ἀλεξανδρεύς,,L,2,98.2625
3284,Ἀλεξανδρῖνος,,L,2,98.2640
3285,Ἀράμ,,L,2,98.2654
3286,Ἀραβία,,L,2,98.2669
3287,Ἀσάφ,,L,2,98.2683
3288,Ἀσήρ,,L,2,98.2698
3289,Ἀχάζ,,L,2,98.2712
3290,Ἀχίμ,,L,2,98.2727
3291,Ἁγάρ,,L,2,98.2741
3292,Ἄρειος,,L,2,98.2756
3293,Ἄρχιππος,,L,2,98.2770
3294,Ἅγαβος,,L,2,98.2785
3295,Ἆσσος,,L,2,98.2799
3296,ἐάνπερ,,F,2,98.2814
3297,ἐγκαινίζω,,L,2,98.2829
3298,ἐγκρατεύομαι,,L,2,98.2843
3299,ἐκδιηγέομαι,,L,2,98.2858
3300,ἐκεῖσε,"thither, to that place",L,2,98.2872
3301,ἐκκαθαίρω,,L,2,98.2887
3302,ἐκκεντέω,,L,2,98.2901
3303,ἐκκλείω,to shut out from,L,2,98.2916
3304,ἐκμυκτηρίζω,,L,2,98.2930
3305,ἐκπέμπω,to send out,L,2,98.2945
3306,ἐκτελέω,"to bring quite to an end, to accomplish, achieve",L,2,98.2959
3307,ἐκτενῶς,,L,2,98.2974
3308,ἐκτρέφω,"to bring up from childhood, rear up",L,2,98.2988
3309,ἐκφύω,,L,2,98.3003
3310,ἐλαφρός,"lightly, buoyantly",L,2,98.3018
3311,ἐλεήμων,"pitiful, merciful, compassionate",L,2,98.3032
3312,ἐλεεινός,"finding pity, pitied",L,2,98.3047
3313,ἐλλογέω,,L,2,98.3061
3314,ἐλωΐ,,L,2,98.3076
3315,ἐμβάπτω,,L,2,98.3090
3316,ἐμπαίκτης,,L,2,98.3105
3317,ἐμπλέκομαι,,L,2,98.3119
3318,ἐμπορεύομαι,,L,2,98.3134
3319,ἐμφανής,obvious,L,2,98.3148
3320,ἐνάρχομαι,,L,2,98.3163
3321,ἐνέδρα,"a sitting in: a lying in wait, ambush",L,2,98.3178
3322,ἐνέργημα,,L,2,98.3192
3323,ἐναγκαλίζομαι,,L,2,98.3207
3324,ἐνδιδύσκω,,L,2,98.3221
3325,ἐνδοξάζομαι,,L,2,98.3236
3326,ἐνεδρεύω,to lie in wait for,L,2,98.3250
3327,ἐνευλογέω,,L,2,98.3265
3328,ἐνθυμέομαι,"to lay to heart, consider well, reflect on, ponder",L,2,98.3279
3329,ἐνισχύω,,L,2,98.3294
3330,ἐνοχλέω,"to trouble, disquiet, annoy",L,2,98.3308
3331,ἐνταφιάζω,,L,2,98.3323
3332,ἐνταφιασμός,,L,2,98.3337
3333,ἐντροπή,,L,2,98.3352
3334,ἐντός,"within, inside",L,2,98.3367
3335,ἐνυπνιάζομαι,,L,2,98.3381
3336,ἐξαγγέλλω,to send out,L,2,98.3396
3337,ἐξανατέλλω,,L,2,98.3410
3338,ἐξαπορέομαι,,L,2,98.3425
3339,ἐξαρτίζω,,L,2,98.3439
3340,ἐξεγείρω,to awaken,L,2,98.3454
3341,ἐξορύσσω,to dig out,L,2,98.3468
3342,ἐξωθέω,,L,2,98.3483
3343,ἐπάγγελμα,,L,2,98.3497
3344,ἐπίσημος,,L,2,98.3512
3345,ἐπίστασις,,L,2,98.3526
3346,ἐπαιτέω,,L,2,98.3541
3347,ἐπανέρχομαι,"to go back, return",L,2,98.3556
3348,ἐπανίσταμαι,,L,2,98.3570
3349,ἐπαναπαύομαι,,L,2,98.3585
3350,ἐπαρχεία,,L,2,98.3599
3351,ἐπεγείρω,"to awaken, rouse up",L,2,98.3614
3352,ἐπενδύομαι,,L,2,98.3628
3353,ἐπηρεάζω,,L,2,98.3643
3354,ἐπιδέχομαι,to admit besides,L,2,98.3657
3355,ἐπιδημέω,"to be at home, live at home",L,2,98.3672
3356,ἐπιείκεια,,L,2,98.3686
3357,ἐπικατάρατος,,L,2,98.3701
3358,ἐπιλέγω,"to choose, pick out, select",L,2,98.3715
3359,ἐπιλύω,"to loose, untie",L,2,98.3730
3360,ἐπιούσιος,,L,2,98.3745
3361,ἐπιπόθησις,,L,2,98.3759
3362,ἐπιρίπτω,,L,2,98.3774
3363,ἐπισκοπέω,to look upon,L,2,98.3788
3364,ἐπιστέλλω,"to send to, send as a message",L,2,98.3803
3365,ἐπισυναγωγή,,L,2,98.3817
3366,ἐπιφέρω,"to bring, put",L,2,98.3832
3367,ἐπιφώσκω,,L,2,98.3846
3368,ἐπιχορηγία,,L,2,98.3861
3369,ἐπιχρίω,,L,2,98.3875
3370,ἐποπτεύω,,L,2,98.3890
3371,ἐρεθίζω,"to rouse to anger, rouse to fight, irritate",L,2,98.3905
3372,ἐσώτερος,,L,2,98.3919
3373,ἐφημερία,,L,2,98.3934
3374,ἐφικνέομαι,"to reach at, aim at",L,2,98.3948
3375,ἐφοράω,"to oversee, observe, survey",L,2,98.3963
3376,ἑκουσίως,,L,2,98.3977
3377,ἑκών,"willing, of free will, readily",L,2,98.3992
3378,ἑλίσσω,,L,2,98.4006
3379,ἑνότης,,L,2,98.4021
3380,ἑξακόσιοι,six hundred,L,2,98.4035
3381,ἑρμηνεία,,L,2,98.4050
3382,ἑτεροδιδασκαλέω,,L,2,98.4064
3383,ἔγκλημα,"an accusation, charge, complaint",L,2,98.4079
3384,ἔκβασις,"a way out, egress",L,2,98.4094
3385,ἔκδικος,,L,2,98.4108
3386,ἔκπαλαι,,L,2,98.4123
3387,ἔκφοβος,,L,2,98.4137
3388,ἔναντι,,F,2,98.4152
3389,ἔνδικος,,L,2,98.4166
3390,ἔνθεν,whence; thence,L,2,98.4181
3391,ἔννοια,"a thought in the mind, notion, conception",L,2,98.4195
3392,ἔννομος,"within the law, lawful, legal",L,2,98.4210
3393,ἔντευξις,,L,2,98.4224
3394,ἔοικα,to be like; to look like,L,2,98.4239
3395,ἔριον,wool,L,2,98.4253
3396,ἔριφος,,L,2,98.4268
3397,ἔσοπτρον,,L,2,98.4283
3398,Ἐλεάζαρ,,L,2,98.4297
3399,Ἐλιούδ,,L,2,98.4312
3400,Ἐπαφρόδιτος,"lovely, charming",L,2,98.4326
3401,Ἑζεκίας,,L,2,98.4341
3402,Ἑλληνίς,,L,2,98.4355
3403,Ἑλληνιστί,,L,2,98.4370
3404,Ἑρμῆς,,L,2,98.4384
3405,ἠλί,,L,2,98.4399
3406,ἡγεμονεύω,"to be or act as ἡγεμών, to go before, lead the way",L,2,98.4413
3407,ἡδύοσμον,,L,2,98.4428
3408,ἡνίκα,"at which time, when",F,2,98.4442
3409,ἡσύχιος,"still, quiet, at rest, at ease",L,2,98.4457
3410,ἤπιος,,L,2,98.4472
3411,ἥδιστα,,L,2,98.4486
3412,ἥσσων,"less, weaker",L,2,98.4501
3413,ἥττημα,,L,2,98.4515
3414,ἧλος,,L,2,98.4530
3415,ἰχθύδιον,,L,2,98.4544
3416,ἱεράτευμα,,L,2,98.4559
3417,ἱερατεία,,L,2,98.4573
3418,ἱκανόω,"to make sufficient, qualify",L,2,98.4588
3419,ἱλάσκομαι,to appease,L,2,98.4602
3420,ἱλασμός,,L,2,98.4617
3421,ἱλαστήριον,,L,2,98.4631
3422,ἱματίζω,,L,2,98.4646
3423,ἱππεύς,a horseman,L,2,98.4661
3424,ἵλεως,,L,2,98.4675
3425,ἶρις,,L,2,98.4690
3426,Ἰάϊρος,,L,2,98.4704
3427,Ἰεχονίας,,L,2,98.4719
3428,Ἰουδαϊσμός,,L,2,98.4733
3429,Ἰούλιος,,L,2,98.4748
3430,Ἰωάννα,,L,2,98.4762
3431,Ἰωαθάμ,,L,2,98.4777
3432,Ἰωβήδ,,L,2,98.4791
3433,Ἰωράμ,,L,2,98.4806
3434,Ἰωσίας,,L,2,98.4821
3435,Ἰωσαφάτ,,L,2,98.4835
3436,Ἱεροσολυμίτης,,L,2,98.4850
3437,ὀγδοήκοντα,eighty,L,2,98.4864
3438,ὀδυρμός,"a complaining, lamentation",L,2,98.4879
3439,ὀδύνη,pain of body,L,2,98.4893
3440,ὀθόνη,,L,2,98.4908
3441,ὀνικός,,L,2,98.4922
3442,ὀπή,"an opening, hole",L,2,98.4937
3443,ὀργυιά,,L,2,98.4951
3444,ὀρεινός,"mountainous, hilly",L,2,98.4966
3445,ὀρθός,straight,L,2,98.4980
3446,ὀρφανός,an orphan,L,2,98.4995
3447,ὀστράκινος,,L,2,98.5010
3448,ὀφείλημα,,L,2,98.5024
3449,ὀφθαλμοδουλία,,L,2,98.5039
3450,ὁδοιπορία,,L,2,98.5053
3451,ὁλόκληρος,,L,2,98.5068
3452,ὁμοιοπαθής,,L,2,98.5082
3453,ὁμοιότης,"likeness, resemblance",L,2,98.5097
3454,ὁρκίζω,,L,2,98.5111
3455,ὁρμή,"a violent movement onwards, an assault, attack, onset",L,2,98.5126
3456,ὁσιότης,"piety, holiness",L,2,98.5140
3457,ὄμμα,the eye,L,2,98.5155
3458,ὄρθρος,"day-break, dawn, cock-crow",L,2,98.5169
3459,ὄρνις,a bird,L,2,98.5184
3460,Ὀζίας,,L,2,98.5199
3461,Ὀνήσιμος,,L,2,98.5213
3462,Ὀνησίφορος,,L,2,98.5228
3463,ὑβριστής,"a violent, overbearing person, a wanton, insolent man",L,2,98.5242
3464,ὑπέρογκος,,L,2,98.5257
3465,ὑπεναντίος,,L,2,98.5271
3466,ὑπερλίαν,,L,2,98.5286
3467,ὑπεροχή,,L,2,98.5300
3468,ὑπερπερισσεύω,,L,2,98.5315
3469,ὑποζύγιον,"a beast for the yoke, a beast of burden",L,2,98.5329
3470,ὑποπλέω,,L,2,98.5344
3471,ὑποτίθημι,"to place under, to suggest",L,2,98.5358
3472,ὑποτύπωσις,,L,2,98.5373
3473,ὑποχωρέω,"to go back, retire, recoil",L,2,98.5388
3474,ὑπωπιάζω,,L,2,98.5402
3475,ὑστέρησις,,L,2,98.5417
3476,ὕαλος,,L,2,98.5431
3477,ὕμνος,"a hymn, festive song",L,2,98.5446
3478,ὕπαρξις,,L,2,98.5460
3479,ὕσσωπος,,L,2,98.5475
3480,ὕψωμα,,L,2,98.5489
3481,Ὑμέναιος,,L,2,98.5504
3482,ὠτάριον,,L,2,98.5518
3483,ὠφέλεια,"help, aid, succour, assistance",L,2,98.5533
3484,ὦμος,shoulder (with the upper arm),L,2,98.5547
3485,ῥάκος,,L,2,98.5562
3486,ῥαβδίζω,,L,2,98.5577
3487,ῥαβδοῦχος,,L,2,98.5591
3488,ῥαντισμός,,L,2,98.5606
3489,ῥαπίζω,,L,2,98.5620
3490,ῥαφίς,,L,2,98.5635
3491,ῥιζόομαι,,L,2,98.5649
3492,ῥυπαρός,,L,2,98.5664
3493,Ῥαάβ,,L,2,98.5678
3494,Ῥοβοάμ,,L,2,98.5693
3495,Ῥοῦφος,,L,2,98.5707
3496,Αἰνών,,L,1,98.5715
3497,Αὐγοῦστος,,L,1,98.5722
3498,Βάαλ,,L,1,98.5729
3499,Βαλάκ,,L,1,98.5737
3500,Βαράκ,,L,1,98.5744
3501,Βαραχίας,,L,1,98.5751
3502,Βαριησοῦς,,L,1,98.5758
3503,Βαριωνᾶ,,L,1,98.5766
3504,Βαρτιμαῖος,,L,1,98.5773
3505,Βελιάρ,,L,1,98.5780
3506,Βεροιαῖος,,L,1,98.5787
3507,Βηθεσδά,,L,1,98.5795
3508,Βλάστος,,L,1,98.5802
3509,Βοανηργές,,L,1,98.5809
3510,Βοσόρ,,L,1,98.5816
3511,Βόος,,L,1,98.5824
3512,Γάδ,,L,1,98.5831
3513,Γάζα,,L,1,98.5838
3514,Γαββαθα,,L,1,98.5846
3515,Γαδαρηνός,,L,1,98.5853
3516,Γαλάτης,,L,1,98.5860
3517,Γεδεών,,L,1,98.5867
3518,Γώγ,,L,1,98.5875
3519,Δάμαρις,,L,1,98.5882
3520,Δαλμανουθά,,L,1,98.5889
3521,Δαλματία,,L,1,98.5896
3522,Δαμασκηνός,,L,1,98.5904
3523,Δανιήλ,,L,1,98.5911
3524,Δερβαῖος,,L,1,98.5918
3525,Διονύσιος,,L,1,98.5926
3526,Διοτρέφης,,L,1,98.5933
3527,Διόσκουροι,,L,1,98.5940
3528,Δρούσιλλα,,L,1,98.5947
3529,Εὐνίκη,,L,1,98.5955
3530,Εὐοδία,,L,1,98.5962
3531,Εὔβουλος,,L,1,98.5969
3532,Εὔτυχος,,L,1,98.5976
3533,Ζάρα,,L,1,98.5984
3534,Ζηλωτής,"an emulator, zealous admirer",L,1,98.5991
3535,Ζηνᾶς,,L,1,98.5998
3536,Θάλασσα,the sea,L,1,98.6005
3537,Θάρα,,L,1,98.6013
3538,Θαμάρ,,L,1,98.6020
3539,Θευδᾶς,,L,1,98.6027
3540,Κάρπος,,L,1,98.6035
3541,Κίς,,L,1,98.6042
3542,Καλός,beautiful,L,1,98.6049
3543,Κανδάκη,,L,1,98.6056
3544,Καῦδα,,L,1,98.6064
3545,Κεδρών,,L,1,98.6071
3546,Κλήμης,,L,1,98.6078
3547,Κλαυδία,,L,1,98.6085
3548,Κλεοπᾶς,,L,1,98.6093
3549,Κλωπᾶς,,L,1,98.6100
3550,Κνίδος,,L,1,98.6107
3551,Κολοσσαί,,L,1,98.6115
3552,Κορβᾶν,,L,1,98.6122
3553,Κούαρτος,,L,1,98.6129
3554,Κρήσκης,,L,1,98.6136
3555,Κυρήνη,,L,1,98.6144
3556,Κυρήνιος,,L,1,98.6151
3557,Κωσάμ,,L,1,98.6158
3558,Κόρε,,L,1,98.6165
3559,Κώς,,L,1,98.6173
3560,Λάμεχ,,L,1,98.6180
3561,Λίνος,,L,1,98.6187
3562,Λαοδικεύς,,L,1,98.6195
3563,Λασαία,,L,1,98.6202
3564,Λευίς,,L,1,98.6209
3565,Λευιτικός,,L,1,98.6216
3566,Λιβερτῖνος,,L,1,98.6224
3567,Λιβύη,,L,1,98.6231
3568,Λιμήν,"a harbour, haven, creek",L,1,98.6238
3569,Λυκία,,L,1,98.6245
3570,Λυκαονία,,L,1,98.6253
3571,Λυκαονιστί,,L,1,98.6260
3572,Λυσανίας,,L,1,98.6267
3573,Λωΐς,,L,1,98.6274
3574,Μάαθ,,L,1,98.6282
3575,Μάλχος,,L,1,98.6289
3576,Μαγαδάν,,L,1,98.6296
3577,Μαγώγ,,L,1,98.6304
3578,Μαδιάμ,,L,1,98.6311
3579,Μαθουσαλά,,L,1,98.6318
3580,Μαλελεήλ,,L,1,98.6325
3581,Μαναήν,,L,1,98.6333
3582,Ματταθά,,L,1,98.6340
3583,Μελίτη,,L,1,98.6347
3584,Μελεά,,L,1,98.6354
3585,Μεννά,,L,1,98.6362
3586,Μιτυλήνη,,L,1,98.6369
3587,Μνάσων,,L,1,98.6376
3588,Μολόχ,,L,1,98.6384
3589,Μύρα,,L,1,98.6391
3590,Μῆδος,,L,1,98.6398
3591,Νάρκισσος,,L,1,98.6405
3592,Νέα,fallow land (LSJ νειός),L,1,98.6413
3593,Νίγερ,,L,1,98.6420
3594,Ναΐν,,L,1,98.6427
3595,Ναγγαί,,L,1,98.6434
3596,Ναθάμ,,L,1,98.6442
3597,Ναιμάν,,L,1,98.6449
3598,Ναούμ,,L,1,98.6456
3599,Ναχώρ,,L,1,98.6463
3600,Νηρί,,L,1,98.6471
3601,Νηρεύς,,L,1,98.6478
3602,Νικάνωρ,,L,1,98.6485
3603,Νικόλαος,,L,1,98.6493
3604,Νικόπολις,,L,1,98.6500
3605,Νύμφα,,L,1,98.6507
3606,Οὐρίας,,L,1,98.6514
3607,Οὐρβανός,,L,1,98.6522
3608,Πάρθος,,L,1,98.6529
3609,Πάταρα,,L,1,98.6536
3610,Πάτμος,,L,1,98.6543
3611,Παρμενᾶς,,L,1,98.6551
3612,Πατροβᾶς,,L,1,98.6558
3613,Περσίς,,L,1,98.6565
3614,Ποντικός,,L,1,98.6573
3615,Ποτίολοι,,L,1,98.6580
3616,Πούδης,,L,1,98.6587
3617,Πρόχορος,,L,1,98.6594
3618,Πτολεμαΐς,,L,1,98.6602
3619,Πόλις,a city,L,1,98.6609
3620,Πόρκιος,,L,1,98.6616
3621,Πύρρος,,L,1,98.6623
3622,Σάμος,,L,1,98.6631
3623,Σάπφιρα,,L,1,98.6638
3624,Σάρεπτα,,L,1,98.6645
3625,Σέργιος,,L,1,98.6653
3626,Σήθ,,L,1,98.6660
3627,Σήμ,,L,1,98.6667
3628,Σαλαμίς,,L,1,98.6674
3629,Σαλείμ,,L,1,98.6682
3630,Σαλμώνη,,L,1,98.6689
3631,Σαμοθρᾴκη,,L,1,98.6696
3632,Σαμψών,,L,1,98.6703
3633,Σαρών,,L,1,98.6711
3634,Σεκοῦνδος,,L,1,98.6718
3635,Σελεύκεια,,L,1,98.6725
3636,Σεμεΐν,,L,1,98.6732
3637,Σερούχ,,L,1,98.6740
3638,Σκευᾶς,,L,1,98.6747
3639,Σκύθης,,L,1,98.6754
3640,Σουσάννα,,L,1,98.6762
3641,Στάχυς,an ear of corn,L,1,98.6769
3642,Στοά,"a roofed colonnade, piazza, cloister",L,1,98.6776
3643,Στοϊκός,,L,1,98.6783
3644,Συντύχη,,L,1,98.6791
3645,Συράκουσαι,,L,1,98.6798
3646,Συροφοινίκισσα,,L,1,98.6805
3647,Συχάρ,,L,1,98.6812
3648,Σωσίπατρος,,L,1,98.6820
3649,Σύρος,,L,1,98.6827
3650,Σύρτις,,L,1,98.6834
3651,Σώπατρος,,L,1,98.6842
3652,Τέρτιος,,L,1,98.6849
3653,Τίμων,,L,1,98.6856
3654,Τίτιος,,L,1,98.6863
3655,Ταβέρνη,,L,1,98.6871
3656,Τιβέριος,,L,1,98.6878
3657,Τιμαῖος,,L,1,98.6885
3658,Τραχωνῖτις,,L,1,98.6892
3659,Τρεῖς,three,L,1,98.6900
3660,Τρυφῶσα,,L,1,98.6907
3661,Τρύφαινα,,L,1,98.6914
3662,Τύραννος,an absolute sovereign,L,1,98.6921
3663,Τύριος,,L,1,98.6929
3664,Φάλεκ,,L,1,98.6936
3665,Φίλητος,,L,1,98.6943
3666,Φανουήλ,,L,1,98.6951
3667,Φιλήμων,,L,1,98.6958
3668,Φιλιππήσιος,,L,1,98.6965
3669,Φιλόλογος,,L,1,98.6972
3670,Φλέγων,,L,1,98.6980
3671,Φοίβη,,L,1,98.6987
3672,Φορτουνᾶτος,,L,1,98.6994
3673,Φοῖνιξ,"a purple-red, purple; date palm",L,1,98.7001
3674,Φόρον,,L,1,98.7009
3675,Φύγελος,,L,1,98.7016
3676,Χίος,,L,1,98.7023
3677,Χαλδαῖος,,L,1,98.7031
3678,Χαναναῖος,,L,1,98.7038
3679,Χεροῦβ,,L,1,98.7045
3680,Χλόη,,L,1,98.7052
3681,Χουζᾶς,,L,1,98.7060
3682,αἰδώς,"a sense of shame, shame, modesty, self-respect",L,1,98.7067
3683,αἰσθάνομαι,"to perceive, apprehend by the senses, to see, hear, feel",L,1,98.7074
3684,αἰσθητήριον,,L,1,98.7081
3685,αἰσχροκερδῶς,,L,1,98.7089
3686,αἰσχρολογία,,L,1,98.7096
3687,αἰσχρότης,,L,1,98.7103
3688,αἰτίωμα,,L,1,98.7111
3689,αἰχμάλωτος,"taken by the spear, captive to one's spear, taken prisoner",L,1,98.7118
3690,αἰχμαλωτεύω,,L,1,98.7125
3691,αἱματεκχυσία,,L,1,98.7132
3692,αἱμορροέω,,L,1,98.7140
3693,αἱρετίζω,,L,1,98.7147
3694,αἱρετικός,,L,1,98.7154
3695,αἴγειος,,L,1,98.7161
3696,αἴνεσις,,L,1,98.7169
3697,αἴνιγμα,,L,1,98.7176
3698,αἴσθησις,perception by the senses,L,1,98.7183
3699,αἴτιον,,L,1,98.7190
3700,αὐγάζω,,L,1,98.7198
3701,αὐγή,,L,1,98.7205
3702,αὐθεντέω,,L,1,98.7212
3703,αὐλός,aulos (wind instrument resembling oboe),L,1,98.7220
3704,αὐτάρκης,"sufficient in oneself, having enough, independent",L,1,98.7227
3705,αὐτοκατάκριτος,,L,1,98.7234
3706,αὐτόπτης,,L,1,98.7241
3707,αὐτόχειρ,with one's own hand,L,1,98.7249
3708,αὐχέω,,L,1,98.7256
3709,αὐχμηρός,,L,1,98.7263
3710,βάσις,"a stepping, step",L,1,98.7270
3711,βάτραχος,,L,1,98.7278
3712,βάϊον,,L,1,98.7285
3713,βέλος,"projectile; arrow, weapon",L,1,98.7292
3714,βέλτιον,,L,1,98.7300
3715,βήρυλλος,,L,1,98.7307
3716,βίαιος,"forcible, violent",L,1,98.7314
3717,βίωσις,,L,1,98.7321
3718,βαθμός,,L,1,98.7329
3719,βαθύνω,,L,1,98.7336
3720,βαρύτιμος,,L,1,98.7343
3721,βασίλειον,"a kingly dwelling, palace",L,1,98.7350
3722,βασίλειος,"of the king, kingly, royal",L,1,98.7358
3723,βασανιστής,,L,1,98.7365
3724,βασκαίνω,,L,1,98.7372
3725,βατταλογέω,,L,1,98.7380
3726,βδελυκτός,,L,1,98.7387
3727,βελόνη,,L,1,98.7394
3728,βιαστής,,L,1,98.7401
3729,βιβρώσκω,"to eat, eat up",L,1,98.7409
3730,βιόω,"to live, pass one's life",L,1,98.7416
3731,βλέμμα,,L,1,98.7423
3732,βλαβερός,"hurtful, noxious, disadvantageous",L,1,98.7430
3733,βλητέος,,L,1,98.7438
3734,βοή,"a loud cry, shout",L,1,98.7445
3735,βοηθός,"assisting, auxiliary",L,1,98.7452
3736,βολή,,L,1,98.7459
3737,βοτάνη,,L,1,98.7467
3738,βραβεύω,,L,1,98.7474
3739,βραδυπλοέω,,L,1,98.7481
3740,βραδύτης,,L,1,98.7489
3741,βρόχος,,L,1,98.7496
3742,βρύχω,,L,1,98.7503
3743,βρύω,,L,1,98.7510
3744,βρώσιμος,,L,1,98.7518
3745,βυθός,,L,1,98.7525
3746,βωμός,"any raised platform, a stand",L,1,98.7532
3747,βόρβορος,,L,1,98.7539
3748,βότρυς,,L,1,98.7547
3749,βύσσος,,L,1,98.7554
3750,γάγγραινα,,L,1,98.7561
3751,γάζα,,L,1,98.7569
3752,γέλως,laughter,L,1,98.7576
3753,γέρων,"an old man (in apposition as adj., old)",L,1,98.7583
3754,γαμίσκω,,L,1,98.7590
3755,γενεαλογέομαι,,L,1,98.7598
3756,γενετή,,L,1,98.7605
3757,γερουσία,,L,1,98.7612
3758,γεωργέω,"to be a husbandman, farmer",L,1,98.7619
3759,γεώργιον,,L,1,98.7627
3760,γλεῦκος,,L,1,98.7634
3761,γναφεύς,,L,1,98.7641
3762,γνησίως,,L,1,98.7648
3763,γνόφος,,L,1,98.7656
3764,γνώστης,,L,1,98.7663
3765,γογγυστής,,L,1,98.7670
3766,γραπτός,marked as with letters,L,1,98.7678
3767,γραώδης,,L,1,98.7685
3768,γυμνασία,,L,1,98.7692
3769,γυμνιτεύω,,L,1,98.7699
3770,γυναικάριον,,L,1,98.7707
3771,γυναικεῖος,of or belonging to women,L,1,98.7714
3772,γόης,"one who howls out enchantments, a sorcerer, enchanter",L,1,98.7721
3773,γῆρας,old age,L,1,98.7728
3774,δάκνω,to bite,L,1,98.7736
3775,δάμαλις,,L,1,98.7743
3776,δάνειον,,L,1,98.7750
3777,δέος,"fear, alarm",L,1,98.7758
3778,δέρμα,"the skin, hide",L,1,98.7765
3779,δέσμη,,L,1,98.7772
3780,δήπου,"perhaps, it may be",F,1,98.7779
3781,δίλογος,,L,1,98.7787
3782,δίψος,thirst,L,1,98.7794
3783,δαίμων,god; divine power,L,1,98.7801
3784,δαιμονιώδης,,L,1,98.7808
3785,δακρύω,"to weep, shed tears",L,1,98.7816
3786,δακτύλιος,"a ring, seal-ring",L,1,98.7823
3787,δανιστής,,L,1,98.7830
3788,δαπάνη,"outgoing, cost, expense, expenditure",L,1,98.7838
3789,δειλία,cowardice,L,1,98.7845
3790,δειλιάω,,L,1,98.7852
3791,δεισιδαίμων,,L,1,98.7859
3792,δεισιδαιμονία,,L,1,98.7867
3793,δεξιολάβος,,L,1,98.7874
3794,δευτεραῖος,,L,1,98.7881
3795,δεῖγμα,,L,1,98.7888
3796,δεῖνα,"such an one, a certain one",L,1,98.7896
3797,δημηγορέω,to speak in the assembly,L,1,98.7903
3798,δημιουργός,"one who works for the people, a skilled workman, handicraftsman",L,1,98.7910
3799,διάγνωσις,,L,1,98.7917
3800,διάδοχος,succeeding,L,1,98.7925
3801,διάστημα,,L,1,98.7932
3802,διάταγμα,,L,1,98.7939
3803,διέξοδος,"a way out through, an outlet, passage, channel",L,1,98.7947
3804,διήγησις,"narrative, statement",L,1,98.7954
3805,διαβάλλω,to throw over,L,1,98.7961
3806,διαγρηγορέω,,L,1,98.7968
3807,διαδέχομαι,to receive one from another,L,1,98.7976
3808,διακαθαίρω,,L,1,98.7983
3809,διακαθαρίζω,,L,1,98.7990
3810,διακατελέγχομαι,,L,1,98.7997
3811,διακούω,,L,1,98.8005
3812,διακωλύω,"to hinder, prevent",L,1,98.8012
3813,διαλείπω,to leave an interval between,L,1,98.8019
3814,διαλλάσσομαι,,L,1,98.8027
3815,διαλύω,"to loose one from another, to part asunder, undo",L,1,98.8034
3816,διαμάχομαι,to fight,L,1,98.8041
3817,διαμερισμός,,L,1,98.8048
3818,διανέμω,"to distribute, apportion",L,1,98.8056
3819,διανεύω,,L,1,98.8063
3820,διανυκτερεύω,,L,1,98.8070
3821,διανόημα,"a thought, notion",L,1,98.8077
3822,διανύω,,L,1,98.8085
3823,διαπαρατριβή,,L,1,98.8092
3824,διαπλέω,to sail across,L,1,98.8099
3825,διαπραγματεύομαι,,L,1,98.8106
3826,διασείω,,L,1,98.8114
3827,διαταράσσω,,L,1,98.8121
3828,διατελέω,"to bring quite to an end, accomplish",L,1,98.8128
3829,διατροφή,,L,1,98.8136
3830,διαυγάζω,,L,1,98.8143
3831,διαυγής,,L,1,98.8150
3832,διαφεύγω,"to flee through, get away from, escape",L,1,98.8157
3833,διαφυλάσσω,"to watch closely, guard carefully",L,1,98.8165
3834,διαχλευάζω,,L,1,98.8172
3835,διαχωρίζομαι,,L,1,98.8179
3836,διενθυμέομαι,,L,1,98.8186
3837,διερμηνευτής,,L,1,98.8194
3838,διερωτάω,to cross-question,L,1,98.8201
3839,διετής,,L,1,98.8208
3840,διθάλασσος,,L,1,98.8216
3841,δικαιοκρισία,,L,1,98.8223
3842,διοπετής,,L,1,98.8230
3843,διπλόω,to double,L,1,98.8237
3844,δισμυριάς,,L,1,98.8245
3845,δισχίλιοι,two thousand,L,1,98.8252
3846,διχάζω,,L,1,98.8259
3847,διϊκνέομαι,,L,1,98.8266
3848,διϋλίζω,,L,1,98.8274
3849,διόρθωμα,,L,1,98.8281
3850,διόρθωσις,,L,1,98.8288
3851,διώκτης,,L,1,98.8296
3852,δογματίζομαι,,L,1,98.8303
3853,δοκιμασία,"an assay, examination, scrutiny",L,1,98.8310
3854,δολιόω,,L,1,98.8317
3855,δολόω,,L,1,98.8325
3856,δουλαγωγέω,,L,1,98.8332
3857,δράσσομαι,,L,1,98.8339
3858,δυσβάστακτος,,L,1,98.8346
3859,δυσεντέριον,,L,1,98.8354
3860,δυσερμήνευτος,,L,1,98.8361
3861,δυσνόητος,,L,1,98.8368
3862,δυσφημέω,,L,1,98.8375
3863,δυσφημία,,L,1,98.8383
3864,δωδέκατος,the twelfth,L,1,98.8390
3865,δωδεκάφυλον,,L,1,98.8397
3866,δόλιος,,L,1,98.8405
3867,δότης,,L,1,98.8412
3868,δύσις,,L,1,98.8419
3869,δύσκολος,hard to satisfy with food;,L,1,98.8426
3870,εφφαθα,,L,1,98.8434
3871,εἰδέα,,L,1,98.8441
3872,εἰδωλεῖον,,L,1,98.8448
3873,εἰρηνοποιέω,,L,1,98.8455
3874,εἰρηνοποιός,,L,1,98.8463
3875,εἰσδέχομαι,"to take into, admit",L,1,98.8470
3876,εἰσκαλέομαι,,L,1,98.8477
3877,εἰσπηδάω,,L,1,98.8485
3878,εἰστρέχω,to run in,L,1,98.8492
3879,εἴκω,give way,L,1,98.8499
3880,εὐαρέστως,,L,1,98.8506
3881,εὐδία,,L,1,98.8514
3882,εὐεργέτης,"a well-doer, benefactor",L,1,98.8521
3883,εὐεργετέω,"to do well, do good",L,1,98.8528
3884,εὐθύμως,,L,1,98.8535
3885,εὐθύτης,,L,1,98.8543
3886,εὐλαβέομαι,"to be discreet, cautious, beware",L,1,98.8550
3887,εὐμετάδοτος,,L,1,98.8557
3888,εὐνοέω,to be well-inclined,L,1,98.8564
3889,εὐπάρεδρον,,L,1,98.8572
3890,εὐπειθής,,L,1,98.8579
3891,εὐπερίστατος,,L,1,98.8586
3892,εὐποιΐα,,L,1,98.8594
3893,εὐπορέομαι,,L,1,98.8601
3894,εὐπορία,an easy way,L,1,98.8608
3895,εὐπρέπεια,,L,1,98.8615
3896,εὐπροσωπέω,,L,1,98.8623
3897,εὐρακύλων,,L,1,98.8630
3898,εὐρύχωρος,,L,1,98.8637
3899,εὐσχημοσύνη,"gracefulness, decorum",L,1,98.8644
3900,εὐτραπελία,,L,1,98.8652
3901,εὐφημία,,L,1,98.8659
3902,εὐφορέω,,L,1,98.8666
3903,εὐχάριστος,,L,1,98.8674
3904,εὐψυχέω,,L,1,98.8681
3905,εὔθυμος,,L,1,98.8688
3906,εὔνοια,"good-will, favour, kindness",L,1,98.8695
3907,εὔσημος,,L,1,98.8703
3908,εὔφημος,,L,1,98.8710
3909,εὖγε,,F,1,98.8717
3910,ζευκτηρία,,L,1,98.8724
3911,ζηλεύω,,L,1,98.8732
3912,θά,,L,1,98.8739
3913,θάρσος,,L,1,98.8746
3914,θέλησις,,L,1,98.8754
3915,θέρμη,,L,1,98.8761
3916,θήκη,"a case to put anything in, a box, chest",L,1,98.8768
3917,θήρα,"a hunting of wild beasts, the chase",L,1,98.8775
3918,θανάσιμον,,L,1,98.8783
3919,θανατηφόρος,,L,1,98.8790
3920,θαυμάσιος,"wondrous, wonderful, marvellous",L,1,98.8797
3921,θεά,a goddess,L,1,98.8804
3922,θεατρίζω,,L,1,98.8812
3923,θειότης,,L,1,98.8819
3924,θειώδης,,L,1,98.8826
3925,θεμέλιον,,L,1,98.8833
3926,θεοδίδακτος,,L,1,98.8841
3927,θεομάχος,,L,1,98.8848
3928,θεοσέβεια,,L,1,98.8855
3929,θεοσεβής,"fearing God, religious",L,1,98.8863
3930,θεοστυγής,,L,1,98.8870
3931,θεράπων,"a waiting-man, attendant",L,1,98.8877
3932,θεωρία,"a looking at, viewing, beholding",L,1,98.8884
3933,θεόπνευστος,,L,1,98.8892
3934,θεότης,,L,1,98.8899
3935,θηρεύω,"to hunt, go hunting",L,1,98.8906
3936,θηριομαχέω,,L,1,98.8913
3937,θορυβάζω,,L,1,98.8921
3938,θρέμμα,"a nursling, creature",L,1,98.8928
3939,θραύω,,L,1,98.8935
3940,θρησκός,,L,1,98.8943
3941,θρόμβος,,L,1,98.8950
3942,θυμιάω,,L,1,98.8957
3943,θυμιατήριον,,L,1,98.8964
3944,θυμομαχέω,,L,1,98.8972
3945,θυμόομαι,,L,1,98.8979
3946,θυρεός,,L,1,98.8986
3947,θύελλα,,L,1,98.8993
3948,θύϊνος,,L,1,98.9001
3949,κάκωσις,,L,1,98.9008
3950,κέλευσμα,,L,1,98.9015
3951,κέραμος,,L,1,98.9022
3952,κέρμα,,L,1,98.9030
3953,κίχρημι,,L,1,98.9037
3954,καίτοιγε,,F,1,98.9044
3955,καθά,"according as, just as",F,1,98.9052
3956,καθάπτω,,L,1,98.9059
3957,καθαίρω,to make pure,L,1,98.9066
3958,καθαρότης,,L,1,98.9073
3959,καθημερινός,,L,1,98.9081
3960,καθοπλίζω,,L,1,98.9088
3961,καθοράω,(to look down); to observe,L,1,98.9095
3962,καθόλου,,L,1,98.9102
3963,καθώσπερ,,F,1,98.9110
3964,κακοήθεια,,L,1,98.9117
3965,κακοπαθία,,L,1,98.9124
3966,καλάμη,the stalk,L,1,98.9132
3967,καλλιέλαιος,,L,1,98.9139
3968,καλοδιδάσκαλος,,L,1,98.9146
3969,καλοποιέω,,L,1,98.9153
3970,καπηλεύω,to be a retail-dealer,L,1,98.9161
3971,καρποφόρος,,L,1,98.9168
3972,καρτερέω,"to be steadfast, patient, staunch",L,1,98.9175
3973,κατάβασις,"a going down, way down, descent",L,1,98.9182
3974,κατάδηλος,"quite manifest, plain, visible",L,1,98.9190
3975,κατάθεμα,,L,1,98.9197
3976,κατάλαλος,,L,1,98.9204
3977,κατάλοιπος,,L,1,98.9212
3978,κατάνυξις,,L,1,98.9219
3979,κατάρτισις,,L,1,98.9226
3980,κατάσκοπος,"one who keeps a look out, a scout, spy",L,1,98.9233
3981,κατάστημα,,L,1,98.9241
3982,κατήγωρ,,L,1,98.9248
3983,κατήφεια,,L,1,98.9255
3984,καταβαρέω,,L,1,98.9262
3985,καταβαρύνομαι,,L,1,98.9270
3986,καταβιβάζω,"to make to go down, bring down, bring down",L,1,98.9277
3987,καταβραβεύω,,L,1,98.9284
3988,καταγγελεύς,,L,1,98.9291
3989,καταγωνίζομαι,,L,1,98.9299
3990,καταδέω,"to bind, take prisoner, convict, cast a spell on",L,1,98.9306
3991,καταδίκη,,L,1,98.9313
3992,καταδιώκω,to pursue closely,L,1,98.9321
3993,καταθεματίζω,,L,1,98.9328
3994,κατακληρονομέω,,L,1,98.9335
3995,κατακλύζω,"to dash over, flood, deluge, inundate",L,1,98.9342
3996,κατακρημνίζω,,L,1,98.9350
3997,κατακόπτω,"to cut down, cut in pieces, cut up",L,1,98.9357
3998,καταλέγω,"recount, tell at length and in order",L,1,98.9364
3999,καταλιθάζω,,L,1,98.9371
4000,καταμένω,"to stay behind, stay",L,1,98.9379
4001,καταμανθάνω,"to observe well, examine closely",L,1,98.9386
4002,καταναλίσκω,,L,1,98.9393
4003,κατανεύω,,L,1,98.9401
4004,κατανύσσομαι,,L,1,98.9408
4005,καταπλέω,to sail down,L,1,98.9415
4006,καταριθμέω,,L,1,98.9422
4007,καταρτισμός,,L,1,98.9430
4008,κατασκιάζω,,L,1,98.9437
4009,κατασκοπέω,,L,1,98.9444
4010,κατασοφίζομαι,,L,1,98.9451
4011,καταστολή,,L,1,98.9459
4012,καταστρηνιάω,,L,1,98.9466
4013,καταστρώννυμι,,L,1,98.9473
4014,κατασφάζω,,L,1,98.9480
4015,κατασφραγίζω,,L,1,98.9488
4016,κατασύρω,,L,1,98.9495
4017,κατατομή,,L,1,98.9502
4018,κατατρέχω,to run down,L,1,98.9510
4019,καταφθείρω,,L,1,98.9517
4020,καταφρονητής,,L,1,98.9524
4021,καταχθόνιος,,L,1,98.9531
4022,καταψύχω,,L,1,98.9539
4023,κατείδωλος,,L,1,98.9546
4024,κατευλογέω,,L,1,98.9553
4025,κατεφίστημι,,L,1,98.9560
4026,κατιόομαι,,L,1,98.9568
4027,κατοίκησις,,L,1,98.9575
4028,κατοικία,,L,1,98.9582
4029,κατοικίζω,settle,L,1,98.9590
4030,κατοπτρίζομαι,,L,1,98.9597
4031,κατωτέρω,,L,1,98.9604
4032,κατώτερος,,L,1,98.9611
4033,καυστηριάζω,,L,1,98.9619
4034,καῦσις,,L,1,98.9626
4035,κειρία,,L,1,98.9633
4036,κενοδοξία,,L,1,98.9640
4037,κενόδοξος,,L,1,98.9648
4038,κενῶς,,L,1,98.9655
4039,κεράτιον,,L,1,98.9662
4040,κεραμικός,,L,1,98.9670
4041,κερματιστής,,L,1,98.9677
4042,κεφαλίς,,L,1,98.9684
4043,κεφαλιόω,,L,1,98.9691
4044,κημόω,,L,1,98.9699
4045,κηπουρός,,L,1,98.9706
4046,κιννάμωμον,,L,1,98.9713
4047,κλέμμα,,L,1,98.9720
4048,κλέος,"a rumour, report; fame, glory",L,1,98.9728
4049,κληρόω,to appoint,L,1,98.9735
4050,κλινάριον,,L,1,98.9742
4051,κλισία,,L,1,98.9749
4052,κλυδωνίζομαι,,L,1,98.9757
4053,κνήθομαι,,L,1,98.9764
4054,κοίμησις,,L,1,98.9771
4055,κοινωνικός,,L,1,98.9779
4056,κοιτών,,L,1,98.9786
4057,κολακεία,"flattery, fawning",L,1,98.9793
4058,κολλούριον,,L,1,98.9800
4059,κολυμβάω,,L,1,98.9808
4060,κολωνία,,L,1,98.9815
4061,κομψότερον,,L,1,98.9822
4062,κοπή,,L,1,98.9829
4063,κοπετός,,L,1,98.9837
4064,κοπρία,,L,1,98.9844
4065,κορβανᾶς,,L,1,98.9851
4066,κοσμοκράτωρ,,L,1,98.9859
4067,κουμ,,L,1,98.9866
4068,κουφίζω,,L,1,98.9873
4069,κραιπάλη,,L,1,98.9880
4070,κραταιός,,L,1,98.9888
4071,κριθή,"barley-corns, barley",L,1,98.9895
4072,κριτικός,,L,1,98.9902
4073,κρυσταλλίζω,,L,1,98.9909
4074,κρυφῇ,,L,1,98.9917
4075,κρύπτη,,L,1,98.9924
4076,κτήτωρ,,L,1,98.9931
4077,κτίστης,,L,1,98.9938
4078,κυβέρνησις,,L,1,98.9946
4079,κυβεία,,L,1,98.9953
4080,κυκλεύω,,L,1,98.9960
4081,κυλίομαι,,L,1,98.9968
4082,κυλισμός,,L,1,98.9975
4083,κωμόπολις,,L,1,98.9982
4084,κόμη,"the hair, hair of the head",L,1,98.9989
4085,κόπριον,,L,1,98.9997
4086,κόραξ,,L,1,99.0004
4087,κόρος,,L,1,99.0011
4088,κύμβαλον,,L,1,99.0018
4089,κύμινον,,L,1,99.0026
4090,κύπτω,"to bend forward, stoop down",L,1,99.0033
4091,κώνωψ,,L,1,99.0040
4092,κῆτος,,L,1,99.0048
4093,κῶλον,,L,1,99.0055
4094,λάρυγξ,,L,1,99.0062
4095,λήθη,"a forgetting, forgetfulness",L,1,99.0069
4096,λίψ,,L,1,99.0077
4097,λακάω,,L,1,99.0084
4098,λακτίζω,,L,1,99.0091
4099,λαμπρότης,"brilliancy, splendour",L,1,99.0098
4100,λαμπρῶς,,L,1,99.0106
4101,λαξευτός,,L,1,99.0113
4102,λειτουργικός,,L,1,99.0120
4103,λεπίς,,L,1,99.0128
4104,λεῖμμα,,L,1,99.0135
4105,λεῖος,,L,1,99.0142
4106,λιθόστρωτος,,L,1,99.0149
4107,λιπαρός,,L,1,99.0157
4108,λογομαχέω,,L,1,99.0164
4109,λογομαχία,,L,1,99.0171
4110,λυμαίνομαι,"to treat with indignity, to outrage, to maltreat",L,1,99.0178
4111,λυσιτελεῖ,,L,1,99.0186
4112,λυτρωτής,,L,1,99.0193
4113,λόγιος,versed in tales,L,1,99.0200
4114,λόγχη,"a spear-head, javelin-head",L,1,99.0207
4115,λύσις,"a loosing, setting free, releasing, ransoming",L,1,99.0215
4116,λῆμψις,,L,1,99.0222
4117,λῆρος,"silly talk, nonsense, trumpery",L,1,99.0229
4118,μάκελλον,,L,1,99.0237
4119,μάμμη,,L,1,99.0244
4120,μάρμαρος,,L,1,99.0251
4121,μέγεθος,"greatness, magnitude, size, height, stature",L,1,99.0258
4122,μέγιστος,,L,1,99.0266
4123,μήτιγε,,L,1,99.0273
4124,μίασμα,,L,1,99.0280
4125,μίγμα,,L,1,99.0287
4126,μίλιον,,L,1,99.0295
4127,μίσθωμα,,L,1,99.0302
4128,μαγεία,,L,1,99.0309
4129,μαγεύω,,L,1,99.0317
4130,μαθήτρια,,L,1,99.0324
4131,μακροθύμως,,L,1,99.0331
4132,μακροχρόνιος,,L,1,99.0338
4133,μανία,"madness, frenzy",L,1,99.0346
4134,μαντεύομαι,"to divine, prophesy, presage",L,1,99.0353
4135,μαράνα,,L,1,99.0360
4136,μαραίνομαι,,L,1,99.0367
4137,μασάομαι,,L,1,99.0375
4138,μαστίζω,,L,1,99.0382
4139,ματαιολογία,,L,1,99.0389
4140,ματαιολόγος,,L,1,99.0396
4141,ματαιόομαι,,L,1,99.0404
4142,μείζων,,L,1,99.0411
4143,μεγάλως,,L,1,99.0418
4144,μεγαλεῖος,,L,1,99.0426
4145,μεγαλοπρεπής,"befitting a great man, magnificent",L,1,99.0433
4146,μειζότερος,,L,1,99.0440
4147,μεμβράνα,,L,1,99.0447
4148,μεμψίμοιρος,,L,1,99.0455
4149,μενοῦν,,F,1,99.0462
4150,μεριστής,,L,1,99.0469
4151,μεσιτεύω,,L,1,99.0476
4152,μεστόω,,L,1,99.0484
4153,μεσότοιχον,,L,1,99.0491
4154,μεσόω,"to form the middle, be in",L,1,99.0498
4155,μετάλημψις,,L,1,99.0506
4156,μετέπειτα,"afterwards, thereafter",L,1,99.0513
4157,μεταβάλλομαι,,L,1,99.0520
4158,μετακινέω,,L,1,99.0527
4159,μετατρέπω,,L,1,99.0535
4160,μετεωρίζομαι,,L,1,99.0542
4161,μετοχή,"participation, communion",L,1,99.0549
4162,μετρίως,,L,1,99.0556
4163,μετρητής,,L,1,99.0564
4164,μετριοπαθέω,,L,1,99.0571
4165,μηδέποτε,never,L,1,99.0578
4166,μηδέπω,,L,1,99.0586
4167,μηκύνομαι,,L,1,99.0593
4168,μηλωτή,,L,1,99.0600
4169,μηρός,the thigh,L,1,99.0607
4170,μητρολῴας,,L,1,99.0615
4171,μιασμός,,L,1,99.0622
4172,μισθαποδότης,,L,1,99.0629
4173,μνήμη,"a remembrance, memory, record",L,1,99.0636
4174,μογιλάλος,,L,1,99.0644
4175,μολυσμός,,L,1,99.0651
4176,μομφή,,L,1,99.0658
4177,μονόομαι,,L,1,99.0665
4178,μορφόω,,L,1,99.0673
4179,μοσχοποιέω,,L,1,99.0680
4180,μουσικός,"musical, skilled in music, elegant",L,1,99.0687
4181,μυέομαι,,L,1,99.0695
4182,μυελός,,L,1,99.0702
4183,μυκάομαι,,L,1,99.0709
4184,μυκτηρίζω,,L,1,99.0716
4185,μυλικός,,L,1,99.0724
4186,μυρίζω,,L,1,99.0731
4187,μυωπάζω,,L,1,99.0738
4188,μωρολογία,,L,1,99.0745
4189,μόγις,"(with toil and pain); barely, scarcely",L,1,99.0753
4190,μύλινος,,L,1,99.0760
4191,μώλωψ,,L,1,99.0767
4192,μῶμος,,L,1,99.0775
4193,νέφος,,L,1,99.0782
4194,νή,(yes) by..,F,1,99.0789
4195,νίκη,victory,L,1,99.0796
4196,ναύκληρος,"a shipowner, ship-master",L,1,99.0804
4197,ναῦς,a ship,L,1,99.0811
4198,νεφρός,,L,1,99.0818
4199,νεωκόρος,,L,1,99.0825
4200,νεωτερικός,,L,1,99.0833
4201,νεόφυτος,,L,1,99.0840
4202,νηπιάζω,,L,1,99.0847
4203,νησίον,,L,1,99.0855
4204,νιπτήρ,,L,1,99.0862
4205,νομοθέτης,a lawgiver,L,1,99.0869
4206,νομοθεσία,"lawgiving, legislation",L,1,99.0876
4207,νοσέω,"to be sick, ill, to ail",L,1,99.0884
4208,νοσσίον,,L,1,99.0891
4209,νοσσιά,,L,1,99.0898
4210,νοσσός,,L,1,99.0905
4211,νουμηνία,"the new moon, the first of the month",L,1,99.0913
4212,νουνεχῶς,,L,1,99.0920
4213,νυχθήμερον,,L,1,99.0927
4214,νόθος,"a bastard; in Athens, also child of citizen father and alien mother",L,1,99.0934
4215,νόμισμα,"anything sanctioned by usage, a custom, institution",L,1,99.0942
4216,νύσσω,,L,1,99.0949
4217,νῶτος,,L,1,99.0956
4218,ξέστης,,L,1,99.0964
4219,ξενοδοχέω,,L,1,99.0971
4220,οἰκετεία,,L,1,99.0978
4221,οἰκοδεσποτέω,,L,1,99.0985
4222,οἰκοδόμος,"a builder, an architect",L,1,99.0993
4223,οἰκονομέω,,L,1,99.1000
4224,οἰκουργός,,L,1,99.1007
4225,οἰνοφλυγία,,L,1,99.1014
4226,οἴκημα,"any inhabited place, a dwellingplace",L,1,99.1022
4227,οὐά,,F,1,99.1029
4228,οὐδαμῶς,in no wise,L,1,99.1036
4229,οὐκοῦν,"therefore, then, accordingly",F,1,99.1044
4230,πάλη,,L,1,99.1051
4231,πάντῃ,"every way, on every side",L,1,99.1058
4232,πάρδαλις,,L,1,99.1065
4233,πάρεσις,,L,1,99.1073
4234,πάροδος,"a by-way, passage, first entrance by the chorus",L,1,99.1080
4235,πένης,"one who works for his daily bread, a day-labourer, a poor man",L,1,99.1087
4236,πέριξ,"round about, all round",L,1,99.1094
4237,πήγανον,,L,1,99.1102
4238,πήγνυμι,to make fast,L,1,99.1109
4239,πίμπρημι,,L,1,99.1116
4240,παίζω,"to play like a child, to sport, play",L,1,99.1123
4241,παγιδεύω,,L,1,99.1131
4242,παθητός,,L,1,99.1138
4243,παιδάριον,"a young, little boy",L,1,99.1145
4244,παιδιόθεν,,L,1,99.1153
4245,παλαιότης,,L,1,99.1160
4246,παμπληθεί,,L,1,99.1167
4247,πανήγυρις,"a general, festive assembly",L,1,99.1174
4248,πανδοχεύς,,L,1,99.1182
4249,πανδοχεῖον,,L,1,99.1189
4250,πανοικεί,,L,1,99.1196
4251,πανοῦργος,"ready to do anything wicked, knavish, villanous",L,1,99.1203
4252,πανταχῇ,,L,1,99.1211
4253,παράδοξος,"contrary to opinion, incredible, paradoxical",L,1,99.1218
4254,παράλιος,,L,1,99.1225
4255,παράσημος,,L,1,99.1233
4256,παρίημι,"to pass over, let go, relax, yield, allow",L,1,99.1240
4257,παραβάλλω,to throw beside,L,1,99.1247
4258,παραβολεύομαι,,L,1,99.1254
4259,παραδειγματίζω,,L,1,99.1262
4260,παραθαλάσσιος,,L,1,99.1269
4261,παραθεωρέω,,L,1,99.1276
4262,παρακαθέζομαι,,L,1,99.1283
4263,παρακαλύπτομαι,,L,1,99.1291
4264,παραλλαγή,,L,1,99.1298
4265,παραμυθία,,L,1,99.1305
4266,παραμύθιον,,L,1,99.1313
4267,παρανομέω,"to transgress the law, act unlawfully",L,1,99.1320
4268,παρανομία,"transgression of law, decency",L,1,99.1327
4269,παραπίπτω,to fall beside,L,1,99.1334
4270,παραπικραίνω,,L,1,99.1342
4271,παραπλέω,to sail by,L,1,99.1349
4272,παραπλήσιον,,L,1,99.1356
4273,παραπλησίως,,L,1,99.1363
4274,παραρρέω,,L,1,99.1371
4275,παρατήρησις,,L,1,99.1378
4276,παρατείνω,to stretch out along,L,1,99.1385
4277,παρατυγχάνω,"to happen to be near, be among",L,1,99.1392
4278,παραυτίκα,"immediately, forthwith, straightway",L,1,99.1400
4279,παραφρονέω,,L,1,99.1407
4280,παραφρονία,,L,1,99.1414
4281,παραχειμασία,,L,1,99.1422
4282,παρείσακτος,,L,1,99.1429
4283,παρεδρεύω,,L,1,99.1436
4284,παρεισάγω,,L,1,99.1443
4285,παρεισδύω,,L,1,99.1451
4286,παρεισφέρω,,L,1,99.1458
4287,παρεμβάλλω,,L,1,99.1465
4288,παρενοχλέω,,L,1,99.1472
4289,παρηγορία,,L,1,99.1480
4290,παρθενία,,L,1,99.1487
4291,παροίχομαι,to have passed by,L,1,99.1494
4292,παρομοιάζω,,L,1,99.1502
4293,παροργισμός,,L,1,99.1509
4294,παροτρύνω,,L,1,99.1516
4295,παρόμοιος,,L,1,99.1523
4296,πατρικός,"derived from one's fathers, paternal, hereditary",L,1,99.1531
4297,πατρολῴας,,L,1,99.1538
4298,πατροπαράδοτος,,L,1,99.1545
4299,πεδινός,,L,1,99.1552
4300,πεζεύω,"to go on foot, walk",L,1,99.1560
4301,πειθός,,L,1,99.1567
4302,πειράω,"to attempt, endeavour, try",L,1,99.1574
4303,πεισμονή,,L,1,99.1581
4304,πελεκίζω,,L,1,99.1589
4305,πενθερός,,L,1,99.1596
4306,πενιχρός,,L,1,99.1603
4307,πεντάκις,,L,1,99.1611
4308,πεντεκαιδέκατος,,L,1,99.1618
4309,περίθεσις,,L,1,99.1625
4310,περίοικος,dwelling round,L,1,99.1632
4311,περίψημα,,L,1,99.1640
4312,περαιτέρω,,L,1,99.1647
4313,περιάπτω,"to tie, fasten, hang about",L,1,99.1654
4314,περιδέω,,L,1,99.1661
4315,περιεργάζομαι,,L,1,99.1669
4316,περικάθαρμα,,L,1,99.1676
4317,περικρατής,,L,1,99.1683
4318,περικρύβω,,L,1,99.1691
4319,περικυκλόω,,L,1,99.1698
4320,περιμένω,"to wait for, await",L,1,99.1705
4321,περιοικέω,to dwell round,L,1,99.1712
4322,περιοχή,,L,1,99.1720
4323,περιούσιος,,L,1,99.1727
4324,περιπείρω,,L,1,99.1734
4325,περιρήγνυμι,,L,1,99.1741
4326,περισπάομαι,,L,1,99.1749
4327,περισσότερον,,L,1,99.1756
4328,περιτρέπω,,L,1,99.1763
4329,περιτρέχω,"to run round and round, run round",L,1,99.1771
4330,περιφρονέω,,L,1,99.1778
4331,περπερεύομαι,,L,1,99.1785
4332,πιέζω,"to press, squeeze; oppress, distress",L,1,99.1792
4333,πιθανολογία,,L,1,99.1800
4334,πινακίδιον,,L,1,99.1807
4335,πιστόομαι,,L,1,99.1814
4336,πιότης,,L,1,99.1821
4337,πλάσμα,,L,1,99.1829
4338,πλέγμα,,L,1,99.1836
4339,πλήμμυρα,,L,1,99.1843
4340,πλήσσω,"to strike, smite",L,1,99.1850
4341,πλανήτης,,L,1,99.1858
4342,πλαστός,,L,1,99.1865
4343,πλησμονή,a filling,L,1,99.1872
4344,ποίησις,"a making, fabrication, creation, production",L,1,99.1880
4345,ποδήρης,,L,1,99.1887
4346,πολίτευμα,,L,1,99.1894
4347,πολλαπλασίων,"many times as many, many times more",L,1,99.1901
4348,πολυλογία,,L,1,99.1909
4349,πολυμερῶς,,L,1,99.1916
4350,πολυποίκιλος,,L,1,99.1923
4351,πολυτρόπως,,L,1,99.1930
4352,πολύσπλαγχνος,,L,1,99.1938
4353,πορρώτερον,,L,1,99.1945
4354,πορφυρόπωλις,,L,1,99.1952
4355,ποταμοφόρητος,,L,1,99.1960
4356,πρίζω,,L,1,99.1967
4357,πραγματεία,"the careful prosecution of an affair, diligent study, hard work",L,1,99.1974
4358,πραγματεύομαι,"to busy oneself, take trouble",L,1,99.1981
4359,πραϋπαθία,,L,1,99.1989
4360,πρεσβῦτις,,L,1,99.1996
4361,πρηνής,"with the face downwards, head-foremost (LSJ πρανής)",L,1,99.2003
4362,προέχομαι,,L,1,99.2010
4363,προαιρέομαι,,L,1,99.2018
4364,προαιτιάομαι,,L,1,99.2025
4365,προακούω,,L,1,99.2032
4366,προαύλιον,,L,1,99.2039
4367,προβατικός,,L,1,99.2047
4368,προβιβάζω,,L,1,99.2054
4369,προβλέπομαι,,L,1,99.2061
4370,προγίνομαι,,L,1,99.2069
4371,προδίδωμι,"to give beforehand, pay in advance; to betray, surrender",L,1,99.2076
4372,προελπίζω,,L,1,99.2083
4373,προευαγγελίζομαι,,L,1,99.2090
4374,προηγέομαι,,L,1,99.2098
4375,προθεσμία,,L,1,99.2105
4376,προθύμως,,L,1,99.2112
4377,προκαλέομαι,,L,1,99.2119
4378,προκαταρτίζω,,L,1,99.2127
4379,προκηρύσσω,,L,1,99.2134
4380,προκυρόω,,L,1,99.2141
4381,προμαρτύρομαι,,L,1,99.2149
4382,προμελετάω,,L,1,99.2156
4383,προμεριμνάω,,L,1,99.2163
4384,προπάσχω,,L,1,99.2170
4385,προπάτωρ,,L,1,99.2178
4386,προσάββατον,,L,1,99.2185
4387,προσαγορεύω,"to address, greet, accost",L,1,99.2192
4388,προσαιτέω,to ask besides,L,1,99.2199
4389,προσαναβαίνω,,L,1,99.2207
4390,προσαναλίσκω,,L,1,99.2214
4391,προσαπειλέομαι,,L,1,99.2221
4392,προσδέομαι,,L,1,99.2229
4393,προσδαπανάω,,L,1,99.2236
4394,προσεάω,,L,1,99.2243
4395,προσεργάζομαι,,L,1,99.2250
4396,προσηλόω,,L,1,99.2258
4397,προσκαρτέρησις,,L,1,99.2265
4398,προσκεφάλαιον,"a cushion for the head, pillow",L,1,99.2272
4399,προσκλίνομαι,,L,1,99.2279
4400,προσκληρόομαι,,L,1,99.2287
4401,προσκοπή,,L,1,99.2294
4402,προσκυνητής,,L,1,99.2301
4403,προσορμίζομαι,,L,1,99.2308
4404,προσοφείλω,,L,1,99.2316
4405,προσπήγνυμι,,L,1,99.2323
4406,προσποιέομαι,,L,1,99.2330
4407,προσπορεύομαι,,L,1,99.2338
4408,προστάτις,,L,1,99.2345
4409,προσφάγιον,,L,1,99.2352
4410,προσφάτως,,L,1,99.2359
4411,προσφιλής,"dear, beloved",L,1,99.2367
4412,προσψαύω,,L,1,99.2374
4413,προσωπολήμπτης,,L,1,99.2381
4414,προσωπολημπτέω,,L,1,99.2388
4415,προτείνω,"to stretch out before, hold before",L,1,99.2396
4416,προτρέπομαι,,L,1,99.2403
4417,προφητικός,,L,1,99.2410
4418,προφθάνω,,L,1,99.2418
4419,προχειροτονέω,,L,1,99.2425
4420,πρωτεύω,"to be the first, hold the first place",L,1,99.2432
4421,πρωτοστάτης,,L,1,99.2439
4422,πρωτοτόκια,,L,1,99.2447
4423,πρόδρομος,,L,1,99.2454
4424,πρόκριμα,,L,1,99.2461
4425,πρόσκλισις,,L,1,99.2468
4426,πρόσλημψις,,L,1,99.2476
4427,πρόσπεινος,,L,1,99.2483
4428,πρόσφατος,,L,1,99.2490
4429,πρόσχυσις,,L,1,99.2497
4430,πρόϊμος,,L,1,99.2505
4431,πρώτως,,L,1,99.2512
4432,πρῶτον,,L,1,99.2519
4433,πτέρνα,,L,1,99.2527
4434,πτηνόν,,L,1,99.2534
4435,πτωχεύω,,L,1,99.2541
4436,πτόησις,,L,1,99.2548
4437,πτύρομαι,,L,1,99.2556
4438,πτύσμα,,L,1,99.2563
4439,πτύσσω,,L,1,99.2570
4440,πυγμή,,L,1,99.2577
4441,πυκνά,,L,1,99.2585
4442,πυκτεύω,,L,1,99.2592
4443,πότερον,,L,1,99.2599
4444,πότος,"drinking, a drinking-bout, carousal",L,1,99.2607
4445,πύθων,,L,1,99.2614
4446,πύρινος,,L,1,99.2621
4447,σάλος,,L,1,99.2628
4448,σάπφιρος,,L,1,99.2636
4449,σήπω,,L,1,99.2643
4450,σίδηρος,iron,L,1,99.2650
4451,σίκερα,,L,1,99.2657
4452,σαίνομαι,,L,1,99.2665
4453,σαββατισμός,,L,1,99.2672
4454,σαγήνη,,L,1,99.2679
4455,σαλπιστής,,L,1,99.2687
4456,σανίς,,L,1,99.2694
4457,σαργάνη,,L,1,99.2701
4458,σαρδόνυξ,,L,1,99.2708
4459,σεβάζομαι,,L,1,99.2716
4460,σειρά,,L,1,99.2723
4461,σεμίδαλις,,L,1,99.2730
4462,σημειόομαι,,L,1,99.2737
4463,σητόβρωτος,,L,1,99.2745
4464,σθενόω,,L,1,99.2752
4465,σικάριος,,L,1,99.2759
4466,σιμικίνθιον,,L,1,99.2766
4467,σινιάζω,,L,1,99.2774
4468,σιρικός,,L,1,99.2781
4469,σιτίον,"grain, corn: food made from grain, bread",L,1,99.2788
4470,σιτιστός,,L,1,99.2796
4471,σιτομέτριον,,L,1,99.2803
4472,σκέπασμα,,L,1,99.2810
4473,σκευή,"equipment, attire, apparel, dress",L,1,99.2817
4474,σκηνοπηγία,,L,1,99.2825
4475,σκηνοποιός,,L,1,99.2832
4476,σκληροτράχηλος,,L,1,99.2839
4477,σκληρότης,hardness,L,1,99.2846
4478,σκοπός,"one that watches, one that looks after",L,1,99.2854
4479,σκωληκόβρωτος,,L,1,99.2861
4480,σκόλοψ,,L,1,99.2868
4481,σκύβαλον,,L,1,99.2876
4482,σκώληξ,,L,1,99.2883
4483,σκῦλα,,L,1,99.2890
4484,σμάραγδος,,L,1,99.2897
4485,σμαράγδινος,,L,1,99.2905
4486,σμυρνίζω,,L,1,99.2912
4487,σορός,a vessel for holding,L,1,99.2919
4488,σπεκουλάτωρ,,L,1,99.2926
4489,σπερμολόγος,,L,1,99.2934
4490,σπιλάς,,L,1,99.2941
4491,σπορά,,L,1,99.2948
4492,στάδιον,"a stade, = ca. 600 feet",L,1,99.2955
4493,στάμνος,,L,1,99.2963
4494,στέμμα,"a wreath, garland",L,1,99.2970
4495,στίγμα,,L,1,99.2977
4496,στίλβω,,L,1,99.2985
4497,στασιαστής,,L,1,99.2992
4498,στατήρ,gold stater,L,1,99.2999
4499,στερέωμα,,L,1,99.3006
4500,στηριγμός,,L,1,99.3014
4501,στιβάς,,L,1,99.3021
4502,στιγμή,,L,1,99.3028
4503,στρατολογέω,,L,1,99.3035
4504,στρατόπεδον,"the ground on which soldiers are encamped, a camp, encampment",L,1,99.3043
4505,στρεβλόω,to twist,L,1,99.3050
4506,στρῆνος,,L,1,99.3057
4507,στυγητός,,L,1,99.3065
4508,στόμαχος,,L,1,99.3072
4509,συγγενίς,,L,1,99.3079
4510,συγγνώμη,forgiveness,L,1,99.3086
4511,συγκάμπτω,,L,1,99.3094
4512,συγκακουχέομαι,,L,1,99.3101
4513,συγκαλύπτω,,L,1,99.3108
4514,συγκατάθεσις,,L,1,99.3115
4515,συγκαταβαίνω,,L,1,99.3123
4516,συγκατατίθεμαι,,L,1,99.3130
4517,συγκαταψηφίζομαι,,L,1,99.3137
4518,συγκινέω,,L,1,99.3145
4519,συγκομίζω,to carry,L,1,99.3152
4520,συγκυρία,,L,1,99.3159
4521,συγκύπτω,,L,1,99.3166
4522,συγχράομαι,,L,1,99.3174
4523,συζητητής,,L,1,99.3181
4524,συκάμινος,,L,1,99.3188
4525,συκομορέα,,L,1,99.3195
4526,συλάω,to strip off,L,1,99.3203
4527,συλαγωγέω,,L,1,99.3210
4528,συλλογίζομαι,"to collect and bring at once before the mind, to compute fully, sum up",L,1,99.3217
4529,συλλυπέομαι,,L,1,99.3224
4530,συμμαθητής,,L,1,99.3232
4531,συμμερίζομαι,,L,1,99.3239
4532,συμμιμητής,,L,1,99.3246
4533,συμμορφίζομαι,,L,1,99.3254
4534,συμπάρειμι,,L,1,99.3261
4535,συμπίνω,,L,1,99.3268
4536,συμπίπτω,"to fall together, meet in battle, come to blows",L,1,99.3275
4537,συμπαθής,,L,1,99.3283
4538,συμπαραγίνομαι,,L,1,99.3290
4539,συμπαρακαλέομαι,,L,1,99.3297
4540,συμπεριλαμβάνω,,L,1,99.3304
4541,συμπολίτης,,L,1,99.3312
4542,συμπρεσβύτερος,,L,1,99.3319
4543,συμφυλέτης,,L,1,99.3326
4544,συμφωνία,concord,L,1,99.3334
4545,συμφύομαι,,L,1,99.3341
4546,συμφώνησις,,L,1,99.3348
4547,συμψηφίζω,,L,1,99.3355
4548,συνέπομαι,"to follow along with, follow closely",L,1,99.3363
4549,συνήδομαι,to rejoice together,L,1,99.3370
4550,συναγωνίζομαι,,L,1,99.3377
4551,συναλίζομαι,,L,1,99.3384
4552,συναλλάσσω,"to bring into intercourse with, associate with",L,1,99.3392
4553,συναναπαύομαι,,L,1,99.3399
4554,συναπάγω,,L,1,99.3406
4555,συναποστέλλω,,L,1,99.3413
4556,συναπόλλυμαι,,L,1,99.3421
4557,συναυξάνομαι,,L,1,99.3428
4558,συνδέομαι,,L,1,99.3435
4559,συνδοξάζομαι,,L,1,99.3443
4560,συνδρομή,,L,1,99.3450
4561,συνεκλεκτός,,L,1,99.3457
4562,συνεπιμαρτυρέω,,L,1,99.3464
4563,συνεπιτίθεμαι,,L,1,99.3472
4564,συνεφίστημι,,L,1,99.3479
4565,συνηλικιώτης,,L,1,99.3486
4566,συνθρύπτω,,L,1,99.3493
4567,συνιστάνω,,L,1,99.3501
4568,συνοδία,,L,1,99.3508
4569,συνοδεύω,,L,1,99.3515
4570,συνοικέω,to dwell together,L,1,99.3523
4571,συνοικοδομέω,,L,1,99.3530
4572,συνομιλέω,,L,1,99.3537
4573,συνομορέω,,L,1,99.3544
4574,συντέμνω,,L,1,99.3552
4575,συντυγχάνω,"to meet with, fall in with",L,1,99.3559
4576,συνυποκρίνομαι,,L,1,99.3566
4577,συνυπουργέω,,L,1,99.3573
4578,συνωδίνω,,L,1,99.3581
4579,συνωμοσία,,L,1,99.3588
4580,συστατικός,,L,1,99.3595
4581,συστενάζω,,L,1,99.3603
4582,συστοιχέω,,L,1,99.3610
4583,σφάγιον,"a victim, offering",L,1,99.3617
4584,σφοδρῶς,,L,1,99.3624
4585,σφυδρόν,,L,1,99.3632
4586,σχολή,"spare time, leisure, rest, ease; σχολῇ scarcely",L,1,99.3639
4587,σωματικῶς,,L,1,99.3646
4588,σωφρονίζω,"to recall a person to his senses, chasten; moderate",L,1,99.3653
4589,σωφρονισμός,,L,1,99.3661
4590,σωφρόνως,,L,1,99.3668
4591,σύγχυσις,"a commixture, confusion",L,1,99.3675
4592,σύζυγος,,L,1,99.3682
4593,σύμβουλος,"an adviser, counsellor",L,1,99.3690
4594,σύμφημι,"to assent, approve",L,1,99.3697
4595,σύμφυτος,"born with one, congenital, innate, natural, inborn, inbred",L,1,99.3704
4596,σύμφωνος,"agreeing in sound, in unison",L,1,99.3712
4597,σύμψυχος,,L,1,99.3719
4598,σύντριμμα,,L,1,99.3726
4599,σύντροφος,,L,1,99.3733
4600,σύσσημον,,L,1,99.3741
4601,σύσσωμος,,L,1,99.3748
4602,τάγμα,,L,1,99.3755
4603,τήκομαι,,L,1,99.3762
4604,τίνω,to pay a price,L,1,99.3770
4605,τακτός,"ordered, prescribed",L,1,99.3777
4606,ταλαιπωρέω,"to go through hard labour, to suffer hardship",L,1,99.3784
4607,ταλαντιαῖος,,L,1,99.3792
4608,ταλιθα,,L,1,99.3799
4609,ταπεινόφρων,,L,1,99.3806
4610,ταρταρόω,,L,1,99.3813
4611,ταφή,burial,L,1,99.3821
4612,τεκμήριον,a sure signs.,L,1,99.3828
4613,τεκνογονέω,,L,1,99.3835
4614,τεκνογονία,,L,1,99.3842
4615,τεκνοτροφέω,,L,1,99.3850
4616,τελείως,,L,1,99.3857
4617,τελειωτής,,L,1,99.3864
4618,τελεσφορέω,,L,1,99.3871
4619,τελευτή,"a finishing, completion, accomplishment",L,1,99.3879
4620,τεταρταῖος,,L,1,99.3886
4621,τετράγωνος,"with four equal angles, rectangular",L,1,99.3893
4622,τετράδιον,,L,1,99.3901
4623,τετράμηνος,,L,1,99.3908
4624,τετραπλοῦς,,L,1,99.3915
4625,τεφρόω,,L,1,99.3922
4626,τηλαυγῶς,,L,1,99.3930
4627,τιμιότης,,L,1,99.3937
4628,τιμωρία,"help, aid, assistance, succour",L,1,99.3944
4629,τοιόσδε,such a,F,1,99.3951
4630,τολμηρότερον,,L,1,99.3959
4631,τολμητής,,L,1,99.3966
4632,τομώτερος,,L,1,99.3973
4633,τοπάζιον,,L,1,99.3981
4634,τοὔνομα,,L,1,99.3988
4635,τοῖχος,,L,1,99.3995
4636,τρίζω,"to utter a shrill cry, to scream, cry",L,1,99.4002
4637,τρίμηνον,,L,1,99.4010
4638,τρίστεγον,,L,1,99.4017
4639,τρίτον,,L,1,99.4024
4640,τρίχινος,,L,1,99.4031
4641,τραπεζίτης,,L,1,99.4039
4642,τραχηλίζομαι,,L,1,99.4046
4643,τραῦμα,"a wound, hurt",L,1,99.4053
4644,τριετία,,L,1,99.4061
4645,τρισχίλιοι,three thousand,L,1,99.4068
4646,τροπή,"a turn, turning",L,1,99.4075
4647,τροποφορέω,,L,1,99.4082
4648,τροφός,"a feeder, rearer, nurse",L,1,99.4090
4649,τροχιά,,L,1,99.4097
4650,τροχός,,L,1,99.4104
4651,τρυγών,,L,1,99.4111
4652,τρυμαλιά,,L,1,99.4119
4653,τρυφάω,"to live softly, delicately, luxuriously, to fare sumptuously",L,1,99.4126
4654,τρύπημα,,L,1,99.4133
4655,τρῆμα,,L,1,99.4140
4656,τυμπανίζω,,L,1,99.4148
4657,τυπικῶς,,L,1,99.4155
4658,τυφωνικός,,L,1,99.4162
4659,τόξον,a bow,L,1,99.4170
4660,τύφομαι,,L,1,99.4177
4661,φάραγξ,,L,1,99.4184
4662,φάρμακον,"a drug, medicine",L,1,99.4191
4663,φάσις,,L,1,99.4199
4664,φίλανδρος,,L,1,99.4206
4665,φίλαυτος,,L,1,99.4213
4666,φαιλόνης,,L,1,99.4220
4667,φαντάζομαι,,L,1,99.4228
4668,φαντασία,,L,1,99.4235
4669,φανός,"light, bright",L,1,99.4242
4670,φθινοπωρινός,,L,1,99.4250
4671,φθονέω,to bear ill-will,L,1,99.4257
4672,φιλάγαθος,,L,1,99.4264
4673,φιλάδελφος,,L,1,99.4271
4674,φιλήδονος,,L,1,99.4279
4675,φιλία,"friendly love, affection, friendship",L,1,99.4286
4676,φιλανθρώπως,,L,1,99.4293
4677,φιλαργυρία,,L,1,99.4300
4678,φιλονεικία,,L,1,99.4308
4679,φιλοπρωτεύω,,L,1,99.4315
4680,φιλοσοφία,"love of knowledge and wisdom, pursuit thereof, speculation, study",L,1,99.4322
4681,φιλοφρόνως,,L,1,99.4329
4682,φιλόθεος,,L,1,99.4337
4683,φιλόνεικος,,L,1,99.4344
4684,φιλόσοφος,a lover of wisdom,L,1,99.4351
4685,φιλόστοργος,,L,1,99.4359
4686,φιλότεκνος,,L,1,99.4366
4687,φλυαρέω,"to talk nonsense, play the fool",L,1,99.4373
4688,φλύαρος,,L,1,99.4380
4689,φράζω,"to point out, shew, indicate",L,1,99.4388
4690,φρίσσω,,L,1,99.4395
4691,φραγέλλιον,,L,1,99.4402
4692,φρεναπάτης,,L,1,99.4409
4693,φρεναπατάω,,L,1,99.4417
4694,φρονίμως,,L,1,99.4424
4695,φροντίζω,"to think, consider, reflect, take thought, have a care, give heed",L,1,99.4431
4696,φρυάσσω,,L,1,99.4439
4697,φρύγανον,,L,1,99.4446
4698,φυγή,flight,L,1,99.4453
4699,φυλακίζω,,L,1,99.4460
4700,φυλακτήριον,"a guarded post, a fort",L,1,99.4468
4701,φυσίωσις,,L,1,99.4475
4702,φυσικῶς,,L,1,99.4482
4703,φυτεία,,L,1,99.4489
4704,φωσφόρος,,L,1,99.4497
4705,φόβητρον,,L,1,99.4504
4706,χάραξ,,L,1,99.4511
4707,χάρτης,,L,1,99.4519
4708,χάσμα,"a yawning hollow, chasm, gulf",L,1,99.4526
4709,χαλκίον,,L,1,99.4533
4710,χαλκεύς,"a worker in copper, a smith",L,1,99.4540
4711,χαλκηδών,,L,1,99.4548
4712,χαλκοῦς,a copper coin,L,1,99.4555
4713,χαρακτήρ,a mark engraved,L,1,99.4562
4714,χείμαρρος,,L,1,99.4569
4715,χειμάζομαι,,L,1,99.4577
4716,χειραγωγός,,L,1,99.4584
4717,χειρόγραφον,,L,1,99.4591
4718,χλευάζω,,L,1,99.4598
4719,χλιαρός,,L,1,99.4606
4720,χολάω,,L,1,99.4613
4721,χορός,a round dance,L,1,99.4620
4722,χρή,"it is fated, necessary",L,1,99.4628
4723,χρήσιμον,,L,1,99.4635
4724,χρηματισμός,"an oracular response, divine warning",L,1,99.4642
4725,χρηστεύομαι,,L,1,99.4649
4726,χρηστολογία,,L,1,99.4657
4727,χρονοτριβέω,,L,1,99.4664
4728,χρυσοδακτύλιος,,L,1,99.4671
4729,χρυσόλιθος,,L,1,99.4678
4730,χρυσόπρασος,,L,1,99.4686
4731,χρύσεος,"golden, of gold, decked",L,1,99.4693
4732,χρώς,,L,1,99.4700
4733,χόρτασμα,,L,1,99.4708
4734,χῶρος,"a piece of ground, ground, place",L,1,99.4715
4735,ψευδαπόστολος,,L,1,99.4722
4736,ψευδοδιδάσκαλος,,L,1,99.4729
4737,ψευδολόγος,,L,1,99.4737
4738,ψευδώνυμος,,L,1,99.4744
4739,ψεῦσμα,,L,1,99.4751
4740,ψιθυρισμός,,L,1,99.4758
4741,ψιθυριστής,,L,1,99.4766
4742,ψύχομαι,,L,1,99.4773
4743,ψώχω,,L,1,99.4780
4744,ἀβαρής,,L,1,99.4788
4745,ἀγαθοεργέω,,L,1,99.4795
4746,ἀγαθοποιΐα,,L,1,99.4802
4747,ἀγαθοποιός,,L,1,99.4809
4748,ἀγαθουργέω,,L,1,99.4817
4749,ἀγανάκτησις,,L,1,99.4824
4750,ἀγγέλλω,to bear a message,L,1,99.4831
4751,ἀγγεῖον,"vessel, reservoir",L,1,99.4838
4752,ἀγενής,,L,1,99.4846
4753,ἀγενεαλόγητος,,L,1,99.4853
4754,ἀγκάλη,,L,1,99.4860
4755,ἀγνόημα,,L,1,99.4867
4756,ἀγράμματος,,L,1,99.4875
4757,ἀγραυλέω,,L,1,99.4882
4758,ἀγρεύω,,L,1,99.4889
4759,ἀγωγή,"a carrying away, carriage",L,1,99.4897
4760,ἀγωνία,,L,1,99.4904
4761,ἀδάπανος,,L,1,99.4911
4762,ἀδήλως,,L,1,99.4918
4763,ἀδίκως,,L,1,99.4926
4764,ἀδηλότης,,L,1,99.4933
4765,ἀδιάκριτος,,L,1,99.4940
4766,ἀθροίζω,"to gather together, to muster",L,1,99.4947
4767,ἀθυμέω,"to be disheartened, lose heart",L,1,99.4955
4768,ἀκαίρως,,L,1,99.4962
4769,ἀκαιρέομαι,,L,1,99.4969
4770,ἀκατάγνωστος,,L,1,99.4977
4771,ἀκατάλυτος,,L,1,99.4984
4772,ἀκατάπαυστος,,L,1,99.4991
4773,ἀκλινής,,L,1,99.4998
4774,ἀκμάζω,"to be in full bloom, be at one's prime",L,1,99.5006
4775,ἀκμήν,,L,1,99.5013
4776,ἀκρίβεια,"exactness, minute accuracy, precision",L,1,99.5020
4777,ἀκρατής,,L,1,99.5027
4778,ἀκριβής,"exact, accurate, precise, made",L,1,99.5035
4779,ἀκροατήριον,,L,1,99.5042
4780,ἀκροθίνιον,"the topmost part of a heap, the choice part, first-fruits",L,1,99.5049
4781,ἀκωλύτως,,L,1,99.5056
4782,ἀλάλητος,,L,1,99.5064
4783,ἀλίσγημα,,L,1,99.5071
4784,ἀλεκτοροφωνία,,L,1,99.5078
4785,ἀλλαχοῦ,,L,1,99.5086
4786,ἀλλαχόθεν,,L,1,99.5093
4787,ἀλληγορέω,,L,1,99.5100
4788,ἀλλογενής,,L,1,99.5107
4789,ἀλλοτριεπίσκοπος,,L,1,99.5115
4790,ἀλλόφυλος,"of another tribe, foreign",L,1,99.5122
4791,ἀλυπότερος,,L,1,99.5129
4792,ἀλυσιτελής,,L,1,99.5136
4793,ἀλόη,,L,1,99.5144
4794,ἀμάραντος,,L,1,99.5151
4795,ἀμάρτυρος,,L,1,99.5158
4796,ἀμάω,,L,1,99.5166
4797,ἀμέθυστος,,L,1,99.5173
4798,ἀμήτωρ,,L,1,99.5180
4799,ἀμαθής,"unlearned, ignorant, stupid, boorish",L,1,99.5187
4800,ἀμαράντινος,,L,1,99.5195
4801,ἀμετακίνητος,,L,1,99.5202
4802,ἀμετανόητος,,L,1,99.5209
4803,ἀμοιβή,,L,1,99.5216
4804,ἀμπελουργός,,L,1,99.5224
4805,ἀμφίβληστρον,,L,1,99.5231
4806,ἀμφιάζω,,L,1,99.5238
4807,ἀμφιβάλλω,,L,1,99.5246
4808,ἀμύνομαι,,L,1,99.5253
4809,ἀμώμητος,,L,1,99.5260
4810,ἀνάβλεψις,,L,1,99.5267
4811,ἀνάδειξις,,L,1,99.5275
4812,ἀνάκρισις,,L,1,99.5282
4813,ἀνάλημψις,,L,1,99.5289
4814,ἀνάλυσις,,L,1,99.5296
4815,ἀνάξιος,"unworthy, not deemed",L,1,99.5304
4816,ἀνάχυσις,,L,1,99.5311
4817,ἀνάψυξις,,L,1,99.5318
4818,ἀνέκλειπτος,,L,1,99.5325
4819,ἀνέλεος,,L,1,99.5333
4820,ἀνένδεκτος,,L,1,99.5340
4821,ἀνήμερος,,L,1,99.5347
4822,ἀναίδεια,,L,1,99.5355
4823,ἀναίρεσις,,L,1,99.5362
4824,ἀναβάλλομαι,,L,1,99.5369
4825,ἀναβιβάζω,"to make go up, cause to mount",L,1,99.5376
4826,ἀναβοάω,"to shout aloud, utter a loud cry",L,1,99.5384
4827,ἀναβολή,,L,1,99.5391
4828,ἀναγκαστῶς,,L,1,99.5398
4829,ἀναγνωρίζομαι,,L,1,99.5405
4830,ἀναδίδωμι,,L,1,99.5413
4831,ἀναζωπυρέω,,L,1,99.5420
4832,ἀναζώννυμι,,L,1,99.5427
4833,ἀναθάλλω,,L,1,99.5435
4834,ἀνακαινίζω,,L,1,99.5442
4835,ἀναλογία,,L,1,99.5449
4836,ἀναλογίζομαι,"to reckon up, sum up",L,1,99.5456
4837,ἀναμένω,"to wait for, await",L,1,99.5464
4838,ἀνανήφω,,L,1,99.5471
4839,ἀνανεόω,,L,1,99.5478
4840,ἀναντίρρητος,,L,1,99.5485
4841,ἀναντιρρήτως,,L,1,99.5493
4842,ἀναξίως,,L,1,99.5500
4843,ἀναπείθω,"to bring over, convince",L,1,99.5507
4844,ἀναπηδάω,"to leap up, start up",L,1,99.5514
4845,ἀναπτύσσω,to unfold,L,1,99.5522
4846,ἀναρίθμητος,"not to be counted, countless",L,1,99.5529
4847,ἀνασκευάζω,to pack up the baggage,L,1,99.5536
4848,ἀνασταυρόω,,L,1,99.5544
4849,ἀναστενάζω,,L,1,99.5551
4850,ἀνατάσσομαι,,L,1,99.5558
4851,ἀναφωνέω,,L,1,99.5565
4852,ἀναψύχω,,L,1,99.5573
4853,ἀνδρίζομαι,,L,1,99.5580
4854,ἀνδραποδιστής,"a slave-dealer, kidnapper",L,1,99.5587
4855,ἀνδροφόνος,man-slaying,L,1,99.5594
4856,ἀνεκδιήγητος,,L,1,99.5602
4857,ἀνεκλάλητος,,L,1,99.5609
4858,ἀνελεήμων,,L,1,99.5616
4859,ἀνεμίζομαι,,L,1,99.5624
4860,ἀνεξίκακος,,L,1,99.5631
4861,ἀνεξεραύνητος,,L,1,99.5638
4862,ἀνεπαίσχυντος,,L,1,99.5645
4863,ἀνεψιός,"a first-cousin, cousin",L,1,99.5653
4864,ἀνεύθετος,,L,1,99.5660
4865,ἀνθομολογέομαι,,L,1,99.5667
4866,ἀντίθεσις,,L,1,99.5674
4867,ἀντίλημψις,,L,1,99.5682
4868,ἀντίλυτρον,,L,1,99.5689
4869,ἀνταγωνίζομαι,,L,1,99.5696
4870,ἀνταναπληρόω,,L,1,99.5704
4871,ἀνταπόδοσις,,L,1,99.5711
4872,ἀντιβάλλω,,L,1,99.5718
4873,ἀντιδιατίθεμαι,,L,1,99.5725
4874,ἀντικαθίστημι,to lay down,L,1,99.5733
4875,ἀντικαλέω,,L,1,99.5740
4876,ἀντιλοιδορέω,,L,1,99.5747
4877,ἀντιμετρέω,,L,1,99.5754
4878,ἀντιπέρα,the opposite coast,F,1,99.5762
4879,ἀντιπίπτω,,L,1,99.5769
4880,ἀντιστρατεύομαι,,L,1,99.5776
4881,ἀντοφθαλμέω,,L,1,99.5783
4882,ἀνωτερικός,,L,1,99.5791
4883,ἀνώτερον,,L,1,99.5798
4884,ἀνώτερος,higher,L,1,99.5805
4885,ἀπάγχομαι,,L,1,99.5813
4886,ἀπάτωρ,,L,1,99.5820
4887,ἀπέκδυσις,,L,1,99.5827
4888,ἀπέραντος,"boundless, infinite",L,1,99.5834
4889,ἀπαίδευτος,uneducated,L,1,99.5842
4890,ἀπαλγέω,,L,1,99.5849
4891,ἀπαράβατος,,L,1,99.5856
4892,ἀπαρασκεύαστος,,L,1,99.5863
4893,ἀπαρτισμός,,L,1,99.5871
4894,ἀπαύγασμα,,L,1,99.5878
4895,ἀπείραστος,,L,1,99.5885
4896,ἀπελαύνω,"to drive away, expel from",L,1,99.5893
4897,ἀπελεγμός,,L,1,99.5900
4898,ἀπελεύθερος,,L,1,99.5907
4899,ἀπελπίζω,,L,1,99.5914
4900,ἀπερίτμητος,,L,1,99.5922
4901,ἀπερισπάστως,,L,1,99.5929
4902,ἀπεῖπον,"to speak out, tell out, declare (Hom.), deny, refuse, forbid",L,1,99.5936
4903,ἀποβλέπω,look steadily at,L,1,99.5943
4904,ἀπογίνομαι,,L,1,99.5951
4905,ἀποδιορίζω,,L,1,99.5958
4906,ἀποθησαυρίζω,,L,1,99.5965
4907,ἀποθλίβω,,L,1,99.5972
4908,ἀποκατάστασις,,L,1,99.5980
4909,ἀποκλείω,to shut off from,L,1,99.5987
4910,ἀπομάσσομαι,,L,1,99.5994
4911,ἀπονέμω,"to portion out, impart, assign",L,1,99.6002
4912,ἀπονίπτω,,L,1,99.6009
4913,ἀποπίπτω,to fall off from,L,1,99.6016
4914,ἀπορία,difficulty of passing,L,1,99.6023
4915,ἀπορίπτω,,L,1,99.6031
4916,ἀπορφανίζω,,L,1,99.6038
4917,ἀποσκίασμα,,L,1,99.6045
4918,ἀποστεγάζω,,L,1,99.6052
4919,ἀποστοματίζω,,L,1,99.6060
4920,ἀποστυγέω,,L,1,99.6067
4921,ἀποτίνω,"to pay back, repay, return",L,1,99.6074
4922,ἀποτολμάω,,L,1,99.6082
4923,ἀποτρέπομαι,,L,1,99.6089
4924,ἀπουσία,,L,1,99.6096
4925,ἀποφορτίζομαι,,L,1,99.6103
4926,ἀποψύχω,,L,1,99.6111
4927,ἀπροσωπολήμπτως,,L,1,99.6118
4928,ἀπρόσιτος,,L,1,99.6125
4929,ἀπόβλητος,,L,1,99.6132
4930,ἀπόδειξις,"a shewing forth, exhibiting",L,1,99.6140
4931,ἀπόδημος,,L,1,99.6147
4932,ἀπόκριμα,,L,1,99.6154
4933,ἀπόχρησις,,L,1,99.6162
4934,ἀρά,"a prayer, imprecation, curse",L,1,99.6169
4935,ἀρήν,,L,1,99.6176
4936,ἀργέω,"to lie idle, be unemployed, do nothing",L,1,99.6183
4937,ἀργυροκόπος,,L,1,99.6191
4938,ἀρεσκεία,,L,1,99.6198
4939,ἀρτέμων,,L,1,99.6205
4940,ἀρτιγέννητος,,L,1,99.6212
4941,ἀρχιερατικός,,L,1,99.6220
4942,ἀρχιποίμην,,L,1,99.6227
4943,ἀρχιτέκτων,,L,1,99.6234
4944,ἀρχιτελώνης,,L,1,99.6241
4945,ἀσεβέω,"to be impious, to act profanely, sin against the gods",L,1,99.6249
4946,ἀσθένημα,,L,1,99.6256
4947,ἀσιτία,,L,1,99.6263
4948,ἀσκέω,"to work curiously, form by art, fashion",L,1,99.6271
4949,ἀσμένως,,L,1,99.6278
4950,ἀσπίς,a round shield,L,1,99.6285
4951,ἀστατέω,,L,1,99.6292
4952,ἀσχήμων,"misshapen, unseemly, shameful",L,1,99.6300
4953,ἀσύμφωνος,,L,1,99.6307
4954,ἀσύνθετος,,L,1,99.6314
4955,ἀσώτως,,L,1,99.6321
4956,ἀτακτέω,"to be undisciplined, disorderly",L,1,99.6329
4957,ἀφανής,"unseen, invisible, viewless",L,1,99.6336
4958,ἀφανισμός,,L,1,99.6343
4959,ἀφειδία,,L,1,99.6351
4960,ἀφελότης,,L,1,99.6358
4961,ἀφθορία,,L,1,99.6365
4962,ἀφικνέομαι,to come to,L,1,99.6372
4963,ἀφιλάγαθος,,L,1,99.6380
4964,ἀφομοιόω,to make like,L,1,99.6387
4965,ἀφρός,,L,1,99.6394
4966,ἀφυπνόω,,L,1,99.6401
4967,ἀφυστερέω,,L,1,99.6409
4968,ἀχλύς,,L,1,99.6416
4969,ἀχρειόομαι,,L,1,99.6423
4970,ἀψευδής,"without lie and deceit, truthful, sincere, trusty",L,1,99.6430
4971,ἁγνισμός,,L,1,99.6438
4972,ἁγνῶς,,L,1,99.6445
4973,ἁδρότης,,L,1,99.6452
4974,ἁλιεύω,,L,1,99.6460
4975,ἁλυκός,,L,1,99.6467
4976,ἁπλῶς,"singly, in one way",L,1,99.6474
4977,ἁρμόζομαι,,L,1,99.6481
4978,ἁρμός,,L,1,99.6489
4979,ἁρπαγμός,,L,1,99.6496
4980,ἄγγος,a vessel,L,1,99.6503
4981,ἄγκιστρον,,L,1,99.6510
4982,ἄγνωστος,,L,1,99.6518
4983,ἄδολος,"without fraud, guileless",L,1,99.6525
4984,ἄθεος,"without god, denying the gods",L,1,99.6532
4985,ἄθλησις,,L,1,99.6540
4986,ἄκρατος,"unmixed, sheer",L,1,99.6547
4987,ἄκων,against one's will > ἀέκων,L,1,99.6554
4988,ἄλλως,in another way,L,1,99.6561
4989,ἄμφοδον,,L,1,99.6569
4990,ἄμωμον,,L,1,99.6576
4991,ἄναλος,,L,1,99.6583
4992,ἄνηθον,,L,1,99.6590
4993,ἄνθραξ,,L,1,99.6598
4994,ἄνοιξις,,L,1,99.6605
4995,ἄντικρυς,,F,1,99.6612
4996,ἄντλημα,,L,1,99.6620
4997,ἄπειρος,"without trial, inexperienced",L,1,99.6627
4998,ἄπταιστος,,L,1,99.6634
4999,ἄραφος,,L,1,99.6641
5000,ἄρκος,,L,1,99.6649
5001,ἄροτρον,,L,1,99.6656
5002,ἄρρητος,,L,1,99.6663
5003,ἄρτιος,"suitable, exactly fitted; ἀρτίως = ἄρτι, just now",L,1,99.6670
5004,ἄσημος,,L,1,99.6678
5005,ἄσιτος,,L,1,99.6685
5006,ἄσοφος,,L,1,99.6692
5007,ἄσπονδος,,L,1,99.6699
5008,ἄτακτος,not in battle-order,L,1,99.6707
5009,ἄτομος,,L,1,99.6714
5010,ἄφαντος,,L,1,99.6721
5011,ἄφιξις,an arrival,L,1,99.6729
5012,ἄχρηστος,"useless, unprofitable, unserviceable",L,1,99.6736
5013,ἄψινθος,,L,1,99.6743
5014,ἄψυχος,,L,1,99.6750
5015,ἅλα,,L,1,99.6758
5016,ἅλωσις,"a taking, capture, conquest, destruction",L,1,99.6765
5017,ἆσσον,,L,1,99.6772
5018,Ἀβαδδών,,L,1,99.6779
5019,Ἀβιαθάρ,,L,1,99.6787
5020,Ἀβιληνή,,L,1,99.6794
5021,Ἀδδί,,L,1,99.6801
5022,Ἀδμίν,,L,1,99.6809
5023,Ἀδρίας,,L,1,99.6816
5024,Ἀδραμυττηνός,,L,1,99.6823
5025,Ἀμπλιᾶτος,,L,1,99.6830
5026,Ἀμφίπολις,,L,1,99.6838
5027,Ἀνδρόνικος,,L,1,99.6845
5028,Ἀντιοχεύς,,L,1,99.6852
5029,Ἀντιπατρίς,,L,1,99.6859
5030,Ἀντιπᾶς,,L,1,99.6867
5031,Ἀπελλῆς,,L,1,99.6874
5032,Ἀπολλωνία,,L,1,99.6881
5033,Ἀπολλύων,,L,1,99.6888
5034,Ἀππίου,,L,1,99.6896
5035,Ἀπφία,,L,1,99.6903
5036,Ἀρεοπαγίτης,,L,1,99.6910
5037,Ἀριστόβουλος,,L,1,99.6918
5038,Ἀρνί,,L,1,99.6925
5039,Ἀρτεμᾶς,,L,1,99.6932
5040,Ἀρφαξάδ,,L,1,99.6939
5041,Ἀρχέλαος,,L,1,99.6947
5042,Ἀσιάρχης,,L,1,99.6954
5043,Ἀσιανός,,L,1,99.6961
5044,Ἀσύγκριτος,,L,1,99.6968
5045,Ἀττάλεια,,L,1,99.6976
5046,Ἀχαϊκός,,L,1,99.6983
5047,Ἁκελδαμάχ,,L,1,99.6990
5048,Ἁρέτας,,L,1,99.6998
5049,Ἁρμαγεδών,,L,1,99.7005
5050,Ἄζωτος,,L,1,99.7012
5051,Ἄραψ,,L,1,99.7019
5052,Ἄψινθος,,L,1,99.7027
5053,Ἅννα,,L,1,99.7034
5054,ἐγγύτερον,,L,1,99.7041
5055,ἐγκάθετος,,L,1,99.7048
5056,ἐγκαίνια,,L,1,99.7056
5057,ἐγκατοικέω,,L,1,99.7063
5058,ἐγκαυχάομαι,,L,1,99.7070
5059,ἐγκομβόομαι,,L,1,99.7078
5060,ἐγκοπή,,L,1,99.7085
5061,ἐγκρίνω,to reckon in,L,1,99.7092
5062,ἐγκρατής,in possession of power,L,1,99.7099
5063,ἐγκρύπτω,,L,1,99.7107
5064,ἐγχρίω,,L,1,99.7114
5065,ἐδαφίζω,,L,1,99.7121
5066,ἐθίζω,"to accustom, use",L,1,99.7128
5067,ἐθελοθρησκία,,L,1,99.7136
5068,ἐθνάρχης,,L,1,99.7143
5069,ἐθνικῶς,,L,1,99.7150
5070,ἐκβαίνω,to step out of,L,1,99.7157
5071,ἐκβολή,a throwing out,L,1,99.7165
5072,ἐκδαπανάομαι,,L,1,99.7172
5073,ἐκδιώκω,,L,1,99.7179
5074,ἐκδοχή,,L,1,99.7187
5075,ἐκζήτησις,,L,1,99.7194
5076,ἐκθαυμάζω,,L,1,99.7201
5077,ἐκκαίομαι,,L,1,99.7208
5078,ἐκκολυμβάω,,L,1,99.7216
5079,ἐκκομίζω,to carry out,L,1,99.7223
5080,ἐκκρέμαμαι,,L,1,99.7230
5081,ἐκλάμπω,to shine,L,1,99.7237
5082,ἐκλαλέω,,L,1,99.7245
5083,ἐκλανθάνω,to escape notice utterly,L,1,99.7252
5084,ἐκνήφω,,L,1,99.7259
5085,ἐκνεύω,,L,1,99.7267
5086,ἐκπερισσῶς,,L,1,99.7274
5087,ἐκπετάννυμι,,L,1,99.7281
5088,ἐκπηδάω,to leap out,L,1,99.7288
5089,ἐκπλήρωσις,,L,1,99.7296
5090,ἐκπληρόω,,L,1,99.7303
5091,ἐκπορνεύω,,L,1,99.7310
5092,ἐκπτύω,,L,1,99.7317
5093,ἐκστρέφομαι,,L,1,99.7325
5094,ἐκτένεια,,L,1,99.7332
5095,ἐκταράσσω,,L,1,99.7339
5096,ἐκτενέστερον,,L,1,99.7346
5097,ἐκτενής,"intense, zealous, instant",L,1,99.7354
5098,ἐκφοβέω,"to frighten away, affright",L,1,99.7361
5099,ἐκχωρέω,,L,1,99.7368
5100,ἐλαιών,,L,1,99.7376
5101,ἐλαττονέω,,L,1,99.7383
5102,ἐλαφρία,,L,1,99.7390
5103,ἐλεγμός,,L,1,99.7397
5104,ἐλεφάντινος,,L,1,99.7405
5105,ἐμέω,"to vomit, throw up",L,1,99.7412
5106,ἐμβάλλω,"to throw in, put in",L,1,99.7419
5107,ἐμβατεύω,,L,1,99.7426
5108,ἐμβιβάζω,,L,1,99.7434
5109,ἐμμαίνομαι,,L,1,99.7441
5110,ἐμπίμπρημι,"to kindle, burn, set on fire",L,1,99.7448
5111,ἐμπαιγμονή,,L,1,99.7456
5112,ἐμπαιγμός,,L,1,99.7463
5113,ἐμπεριπατέω,,L,1,99.7470
5114,ἐμπλοκή,,L,1,99.7477
5115,ἐμπνέω,,L,1,99.7485
5116,ἐμπορία,"commerce, trade, traffic",L,1,99.7492
5117,ἐμπόριον,"trading station, market place",L,1,99.7499
5118,ἐμφυσάω,,L,1,99.7506
5119,ἐνάλιον,,L,1,99.7514
5120,ἐνέος,,L,1,99.7521
5121,ἐνδέχεται,,L,1,99.7528
5122,ἐνδεής,in need of; deficient,L,1,99.7536
5123,ἐνδύνω,,L,1,99.7543
5124,ἐνδώμησις,,L,1,99.7550
5125,ἐνειλέω,,L,1,99.7557
5126,ἐννεύω,,L,1,99.7565
5127,ἐνορκίζω,,L,1,99.7572
5128,ἐντρέφομαι,,L,1,99.7579
5129,ἐντρυφάω,,L,1,99.7586
5130,ἐντυπόω,,L,1,99.7594
5131,ἐντόπιος,,L,1,99.7601
5132,ἐνυβρίζω,,L,1,99.7608
5133,ἐνωτίζομαι,,L,1,99.7615
5134,ἐνύπνιον,a thing seen in sleep,L,1,99.7623
5135,ἐξάλλομαι,,L,1,99.7630
5136,ἐξάπινα,,L,1,99.7637
5137,ἐξέλκω,,L,1,99.7645
5138,ἐξέραμα,,L,1,99.7652
5139,ἐξαίρω,,L,1,99.7659
5140,ἐξαιτέομαι,,L,1,99.7666
5141,ἐξανάστασις,,L,1,99.7674
5142,ἐξαστράπτω,,L,1,99.7681
5143,ἐξεραυνάω,,L,1,99.7688
5144,ἐξηχέομαι,,L,1,99.7695
5145,ἐξισχύω,,L,1,99.7703
5146,ἐξολεθρεύω,,L,1,99.7710
5147,ἐξορκίζω,,L,1,99.7717
5148,ἐξορκιστής,,L,1,99.7725
5149,ἐξουδενέω,,L,1,99.7732
5150,ἐξοχή,,L,1,99.7739
5151,ἐξυπνίζω,,L,1,99.7746
5152,ἐπάναγκες,,L,1,99.7754
5153,ἐπάρατος,,L,1,99.7761
5154,ἐπέκεινα,"on yonder side, beyond",F,1,99.7768
5155,ἐπίλοιπος,"still left, remaining",L,1,99.7775
5156,ἐπίλυσις,,L,1,99.7783
5157,ἐπίνοια,a thinking on,L,1,99.7790
5158,ἐπίορκος,"sworn falsely, perjured",L,1,99.7797
5159,ἐπαγωνίζομαι,,L,1,99.7804
5160,ἐπαθροίζομαι,,L,1,99.7812
5161,ἐπακούω,,L,1,99.7819
5162,ἐπακροάομαι,,L,1,99.7826
5163,ἐπαναμιμνῄσκω,,L,1,99.7834
5164,ἐπανόρθωσις,,L,1,99.7841
5165,ἐπαφρίζω,,L,1,99.7848
5166,ἐπειδήπερ,,F,1,99.7855
5167,ἐπεισέρχομαι,to come in besides,L,1,99.7863
5168,ἐπεισαγωγή,,L,1,99.7870
5169,ἐπεκτείνομαι,,L,1,99.7877
5170,ἐπενδύτης,,L,1,99.7884
5171,ἐπερώτημα,,L,1,99.7892
5172,ἐπιγίνομαι,,L,1,99.7899
5173,ἐπιγαμβρεύω,,L,1,99.7906
5174,ἐπιδιατάσσομαι,,L,1,99.7914
5175,ἐπιδιορθόω,,L,1,99.7921
5176,ἐπιδύω,,L,1,99.7928
5177,ἐπιθανάτιος,,L,1,99.7935
5178,ἐπιθυμητής,one who longs for,L,1,99.7943
5179,ἐπικάλυμμα,,L,1,99.7950
5180,ἐπικέλλω,,L,1,99.7957
5181,ἐπικαθίζω,,L,1,99.7964
5182,ἐπικαλύπτω,,L,1,99.7972
5183,ἐπικουρία,"aid, succour",L,1,99.7979
5184,ἐπικρίνω,,L,1,99.7986
5185,ἐπιλείπω,"to leave behind; to run out, fail",L,1,99.7994
5186,ἐπιλείχω,,L,1,99.8001
5187,ἐπιλησμονή,,L,1,99.8008
5188,ἐπιμέλεια,"care, attention",L,1,99.8015
5189,ἐπιμαρτυρέω,,L,1,99.8023
5190,ἐπιμελῶς,,L,1,99.8030
5191,ἐπινεύω,to nod,L,1,99.8037
5192,ἐπιορκέω,"to swear falsely, forswear oneself",L,1,99.8044
5193,ἐπιπλήσσω,"to strike, to rebuke",L,1,99.8052
5194,ἐπιποθία,,L,1,99.8059
5195,ἐπιπορεύομαι,,L,1,99.8066
5196,ἐπιπόθητος,,L,1,99.8073
5197,ἐπιράπτω,,L,1,99.8081
5198,ἐπισιτισμός,,L,1,99.8088
5199,ἐπισκευάζομαι,,L,1,99.8095
5200,ἐπισκηνόω,,L,1,99.8103
5201,ἐπισπάομαι,,L,1,99.8110
5202,ἐπισπείρω,,L,1,99.8117
5203,ἐπιστήμων,"knowing, wise, prudent",L,1,99.8124
5204,ἐπιστομίζω,,L,1,99.8132
5205,ἐπιστροφή,,L,1,99.8139
5206,ἐπισυντρέχω,,L,1,99.8146
5207,ἐπισφαλής,"prone to fall, unstable, precarious",L,1,99.8153
5208,ἐπισχύω,,L,1,99.8161
5209,ἐπισωρεύω,,L,1,99.8168
5210,ἐπιτήδειος,"suitable; useful, necessary; deserving; associate",L,1,99.8175
5211,ἐπιτιμία,,L,1,99.8183
5212,ἐπιτροπή,,L,1,99.8190
5213,ἐπιφανής,"coming to light, appearing; remarkable, distinguished",L,1,99.8197
5214,ἐπιφαύσκω,,L,1,99.8204
5215,ἐπιχέω,,L,1,99.8212
5216,ἐπονομάζομαι,,L,1,99.8219
5217,ἐπόπτης,,L,1,99.8226
5218,ἐρίζω,"to strive, wrangle, quarrel",L,1,99.8233
5219,ἐρίφιον,,L,1,99.8241
5220,ἐρείδω,,L,1,99.8248
5221,ἐρεύγομαι,,L,1,99.8255
5222,ἐρυθρός,red,L,1,99.8263
5223,ἐσχάτως,,L,1,99.8270
5224,ἐφάλλομαι,,L,1,99.8277
5225,ἐφήμερος,,L,1,99.8284
5226,ἐφευρετής,,L,1,99.8292
5227,ἑβδομηκοντάκις,,L,1,99.8299
5228,ἑδραίωμα,,L,1,99.8306
5229,ἑκάστοτε,"each time, on each occasion",L,1,99.8313
5230,ἑκατονταετής,,L,1,99.8321
5231,ἑκούσιος,voluntary,L,1,99.8328
5232,ἑλκόομαι,,L,1,99.8335
5233,ἑορτάζω,,L,1,99.8342
5234,ἑπτακισχίλιοι,seven-thousand,L,1,99.8350
5235,ἑτέρως,,L,1,99.8357
5236,ἑτεροζυγέω,,L,1,99.8364
5237,ἑτερόγλωσσος,,L,1,99.8372
5238,ἑτοιμασία,,L,1,99.8379
5239,ἔα,ha! oho!,F,1,99.8386
5240,ἔγγυος,,L,1,99.8393
5241,ἔγερσις,,L,1,99.8401
5242,ἔγκυος,,L,1,99.8408
5243,ἔδαφος,"the bottom, foundation, base",L,1,99.8415
5244,ἔκγονον,,L,1,99.8422
5245,ἔκδηλος,,L,1,99.8430
5246,ἔκδοτος,"given up, delivered over, surrendered",L,1,99.8437
5247,ἔκθαμβος,,L,1,99.8444
5248,ἔκθετος,,L,1,99.8452
5249,ἔκτρωμα,,L,1,99.8459
5250,ἔλεγξις,,L,1,99.8466
5251,ἔλεγχος,"a reproach, disgrace, dishonour",L,1,99.8473
5252,ἔλευσις,,L,1,99.8481
5253,ἔμφυτος,"implanted, innate, natural",L,1,99.8488
5254,ἔνδειγμα,,L,1,99.8495
5255,ἔνδυσις,,L,1,99.8502
5256,ἔνειμι,to be in; to be possible,L,1,99.8510
5257,ἔννυχα,,L,1,99.8517
5258,ἔξυπνος,,L,1,99.8524
5259,ἔπαυλις,,L,1,99.8531
5260,ἔπος,a word,L,1,99.8539
5261,ἔσθω,,L,1,99.8546
5262,ἕξις,"a having, possession",L,1,99.8553
5263,Ἐλαμίτης,,L,1,99.8561
5264,Ἐλιέζερ,,L,1,99.8568
5265,Ἐλισαῖος,,L,1,99.8575
5266,Ἐλμαδάμ,,L,1,99.8582
5267,Ἐλύμας,,L,1,99.8590
5268,Ἐμμανουήλ,,L,1,99.8597
5269,Ἐμμαοῦς,,L,1,99.8604
5270,Ἐνώς,,L,1,99.8611
5271,Ἐπαίνετος,,L,1,99.8619
5272,Ἐπικούρειος,,L,1,99.8626
5273,Ἐρυθρός,red,L,1,99.8633
5274,Ἐφραίμ,,L,1,99.8641
5275,Ἑλλάς,,L,1,99.8648
5276,Ἑλληνικός,,L,1,99.8655
5277,Ἑμμώρ,,L,1,99.8662
5278,Ἑρμογένης,,L,1,99.8670
5279,Ἑρμᾶς,,L,1,99.8677
5280,Ἑσλί,,L,1,99.8684
5281,Ἔβερ,,L,1,99.8691
5282,ἠχέω,,L,1,99.8699
5283,ἡγεμονία,"a leading the way, going first",L,1,99.8706
5284,ἡμιθανής,,L,1,99.8713
5285,ἡμιώριον,,L,1,99.8721
5286,ἤπερ,,F,1,99.8728
5287,ἤρεμος,,L,1,99.8735
5288,ἤτοι,"now surely, truly, verily",F,1,99.8742
5289,ἦθος,"custom, character",L,1,99.8750
5290,Ἠλί,,L,1,99.8757
5291,Ἡρῳδίων,,L,1,99.8764
5292,Ἤρ,,L,1,99.8771
5293,ἰκμάς,,L,1,99.8779
5294,ἰουδαΐζω,,L,1,99.8786
5295,ἰσάγγελος,,L,1,99.8793
5296,ἰσότιμος,,L,1,99.8800
5297,ἰσόψυχος,,L,1,99.8808
5298,ἰῶτα,,L,1,99.8815
5299,ἱδρώς,,L,1,99.8822
5300,ἱερατεύω,,L,1,99.8830
5301,ἱεροπρεπής,,L,1,99.8837
5302,ἱεροσυλέω,,L,1,99.8844
5303,ἱερουργέω,,L,1,99.8851
5304,ἱερόθυτος,,L,1,99.8859
5305,ἱερόσυλος,"a temple-robber, sacrilegious person",L,1,99.8866
5306,ἱκανότης,,L,1,99.8873
5307,ἱκετηρία,,L,1,99.8880
5308,ἱλαρός,,L,1,99.8888
5309,ἱλαρότης,,L,1,99.8895
5310,ἱππικόν,,L,1,99.8902
5311,ἱστορέω,to inquire into,L,1,99.8910
5312,ἴσως,"equally, in like manner",L,1,99.8917
5313,Ἰάννης,,L,1,99.8924
5314,Ἰάρετ,,L,1,99.8931
5315,Ἰαμβρῆς,,L,1,99.8939
5316,Ἰανναί,,L,1,99.8946
5317,Ἰδουμαία,,L,1,99.8953
5318,Ἰεζάβελ,,L,1,99.8960
5319,Ἰεφθάε,,L,1,99.8968
5320,Ἰλλυρικόν,,L,1,99.8975
5321,Ἰουδαϊκός,,L,1,99.8982
5322,Ἰουδαϊκῶς,,L,1,99.8989
5323,Ἰουλία,,L,1,99.8997
5324,Ἰουνία,,L,1,99.9004
5325,Ἰσσαχάρ,,L,1,99.9011
5326,Ἰταλικός,,L,1,99.9019
5327,Ἰτουραῖος,,L,1,99.9026
5328,Ἰωήλ,,L,1,99.9033
5329,Ἰωανάν,,L,1,99.9040
5330,Ἰωβήλ,,L,1,99.9048
5331,Ἰωδά,,L,1,99.9055
5332,Ἰωνάμ,,L,1,99.9062
5333,Ἰωρίμ,,L,1,99.9069
5334,Ἰωσήχ,,L,1,99.9077
5335,Ἰώβ,,L,1,99.9084
5336,Ἱεράπολις,,L,1,99.9091
5337,ὀκνέω,to shrink,L,1,99.9099
5338,ὀκταήμερος,,L,1,99.9106
5339,ὀλίγως,,L,1,99.9113
5340,ὀλιγοπιστία,,L,1,99.9120
5341,ὀλιγωρέω,to esteem little,L,1,99.9128
5342,ὀλιγόψυχος,,L,1,99.9135
5343,ὀλοθρευτής,,L,1,99.9142
5344,ὀλοθρεύω,,L,1,99.9149
5345,ὀλολύζω,,L,1,99.9157
5346,ὀνάριον,,L,1,99.9164
5347,ὀνίνημι,"to profit, benefit, help, assist",L,1,99.9171
5348,ὀπτάνομαι,,L,1,99.9179
5349,ὀπτός,"roasted, broiled",L,1,99.9186
5350,ὀπώρα,,L,1,99.9193
5351,ὀργίλος,,L,1,99.9200
5352,ὀρθοποδέω,,L,1,99.9208
5353,ὀρθοτομέω,,L,1,99.9215
5354,ὀρθρίζω,,L,1,99.9222
5355,ὀρθρινός,,L,1,99.9229
5356,ὀφρῦς,,L,1,99.9237
5357,ὀχλέομαι,,L,1,99.9244
5358,ὀχλοποιέω,,L,1,99.9251
5359,ὀχύρωμα,,L,1,99.9258
5360,ὁδεύω,,L,1,99.9266
5361,ὁδοιπορέω,,L,1,99.9273
5362,ὁλοκληρία,,L,1,99.9280
5363,ὁλοτελής,,L,1,99.9288
5364,ὁμίχλη,,L,1,99.9295
5365,ὁμείρομαι,,L,1,99.9302
5366,ὁμιλία,"a being together, communion, intercourse, converse, company",L,1,99.9309
5367,ὁμοίωσις,,L,1,99.9317
5368,ὁμοιάζω,,L,1,99.9324
5369,ὁμολογουμένως,conformably with,L,1,99.9331
5370,ὁμότεχνος,,L,1,99.9338
5371,ὁμόφρων,,L,1,99.9346
5372,ὁπλίζομαι,,L,1,99.9353
5373,ὁπότε,when,F,1,99.9360
5374,ὁρατός,"to be seen, visible",L,1,99.9368
5375,ὁροθεσία,,L,1,99.9375
5376,ὁσίως,,L,1,99.9382
5377,ὄγκος,,L,1,99.9389
5378,ὄζω,,L,1,99.9397
5379,ὄλυνθος,,L,1,99.9404
5380,ὄμβρος,,L,1,99.9411
5381,ὄνειδος,"reproach, censure, blame",L,1,99.9418
5382,ὄρεξις,,L,1,99.9426
5383,ὄσφρησις,,L,1,99.9433
5384,ὄψιμος,,L,1,99.9440
5385,ὅρμημα,,L,1,99.9447
5386,Ὀλυμπᾶς,,L,1,99.9455
5387,ὑάκινθος,,L,1,99.9462
5388,ὑακίνθινος,,L,1,99.9469
5389,ὑγρός,"wet, moist, running, fluid",L,1,99.9477
5390,ὑδροποτέω,,L,1,99.9484
5391,ὑδρωπικός,,L,1,99.9491
5392,ὑπέρακμος,,L,1,99.9498
5393,ὑπέχω,"to hold under, uphold; undergo, suffer, be accountable",L,1,99.9506
5394,ὑπείκω,"to retire, withdraw, depart",L,1,99.9513
5395,ὑπερέκεινα,,F,1,99.9520
5396,ὑπεραυξάνω,,L,1,99.9527
5397,ὑπερβαίνω,"to step over, mount, scale",L,1,99.9535
5398,ὑπερβαλλόντως,,L,1,99.9542
5399,ὑπερεκτείνω,,L,1,99.9549
5400,ὑπερεκχύννομαι,,L,1,99.9557
5401,ὑπερεντυγχάνω,,L,1,99.9564
5402,ὑπερηφανία,"arrogance, disdain",L,1,99.9571
5403,ὑπερνικάω,,L,1,99.9578
5404,ὑπεροράω,"to look over, look down upon",L,1,99.9586
5405,ὑπερπερισσῶς,,L,1,99.9593
5406,ὑπερπλεονάζω,,L,1,99.9600
5407,ὑπερυψόω,,L,1,99.9607
5408,ὑπερφρονέω,,L,1,99.9615
5409,ὑποβάλλω,,L,1,99.9622
5410,ὑπογραμμός,,L,1,99.9629
5411,ὑποζώννυμι,,L,1,99.9637
5412,ὑποκρίνομαι,,L,1,99.9644
5413,ὑπολήνιον,,L,1,99.9651
5414,ὑπολείπω,to leave remaining,L,1,99.9658
5415,ὑπολιμπάνω,,L,1,99.9666
5416,ὑποπνέω,,L,1,99.9673
5417,ὑποστολή,,L,1,99.9680
5418,ὑποστρωννύω,,L,1,99.9687
5419,ὑποτρέχω,,L,1,99.9695
5420,ὑπόδικος,,L,1,99.9702
5421,ὑπόλειμμα,,L,1,99.9709
5422,ὑπόνοια,a hidden thought,L,1,99.9716
5423,ὑφαντός,,L,1,99.9724
5424,ὑψηλοφρονέω,,L,1,99.9731
5425,ὕλη,"wood, material",L,1,99.9738
5426,ὕπανδρος,,L,1,99.9746
5427,ὗς,wild swine,L,1,99.9753
5428,ὠνέομαι,"to buy, purchase",L,1,99.9760
5429,ὠρύομαι,,L,1,99.9767
5430,ὡσπερεί,,F,1,99.9775
5431,Ὡσηέ,,L,1,99.9782
5432,ᾠόν,,L,1,99.9789
5433,ῥέδη,,L,1,99.9796
5434,ῥέω,"to flow, run, stream, gush",L,1,99.9804
5435,ῥήτωρ,"a public speaker, pleader",L,1,99.9811
5436,ῥακά,,L,1,99.9818
5437,ῥητῶς,,L,1,99.9826
5438,ῥιπή,,L,1,99.9833
5439,ῥιπίζομαι,,L,1,99.9840
5440,ῥοιζηδόν,,L,1,99.9847
5441,ῥυπαρία,,L,1,99.9855
5442,ῥυπαρεύω,,L,1,99.9862
5443,ῥυτίς,,L,1,99.9869
5444,ῥύπος,,L,1,99.9876
5445,ῥώννυμαι,,L,1,99.9884
5446,ῥᾳδιουργία,,L,1,99.9891
5447,ῥᾳδιούργημα,,L,1,99.9898
5448,ῥῆγμα,,L,1,99.9905
5449,Ῥήγιον,,L,1,99.9913
5450,Ῥαγαύ,,L,1,99.9920
5451,Ῥαιφάν,,L,1,99.9927
5452,Ῥαμά,,L,1,99.9935
5453,Ῥαχάβ,,L,1,99.9942
5454,Ῥαχήλ,,L,1,99.9949
5455,Ῥεβέκκα,,L,1,99.9956
5456,Ῥησά,,L,1,99.9964
5457,Ῥουβήν,,L,1,99.9971
5458,Ῥούθ,,L,1,99.9978
5459,Ῥωμαϊστί,,L,1,99.9985
5460,Ῥόδη,,L,1,99.9993
5461,Ῥόδος,,L,1,100.0000
