rank,lemma,gloss,kind,ref_count,ref_coverage
1,ὁ,the,F,52750,11.25
2,καί,"and, also",F,25712,16.74
3,δέ,but,F,12747,19.46
4,αὐτός,unemph. 3rd pers.pronoun; -self; [the] same,F,10923,21.79
5,εἰμί,to be,F,9888,23.89
6,ὅς,"who, that, which: relative pronoun",F,8193,25.64
7,οὗτος,this; that,F,7226,27.18
8,ἐγώ,I (first person pronoun),F,7032,28.68
9,ἐν,"in, among. c. dat.",F,5534,29.86
10,οὐ,not,F,5463,31.03
11,λέγω,to pick; to say,L,5415,32.18
12,σύ,you (personal pronoun),F,4677,33.18
13,μέν,"on the one hand, on the other hand",F,4663,34.18
14,τις,"any one, any thing, some one, some thing;",F,4495,35.13
15,γάρ,for,F,3989,35.99
16,εἰς,"into, to c. acc.",F,3882,36.81
17,τε,and,F,3464,37.55
18,ὅτι2,"conj.: that, because",F,3098,38.21
19,ὅτι,"adv. + superl., as...as possible; ὅτι μή except",F,3096,38.87
20,ἀλλά,"otherwise, but",F,2966,39.51
21,πᾶς,"all, the whole",F,2952,40.14
22,ὡς,"as, how",F,2864,40.75
23,μή,not,F,2790,41.34
24,ἔχω,to have,L,2567,41.89
25,γίγνομαι,"become, be born",L,2511,42.43
26,ἐπί,"on, upon with gen., dat., and acc.",F,2484,42.96
27,ὅς2,[possessive pronoun],F,2475,43.48
28,ἄλλος,"other, another",F,2331,43.98
29,πολύς,"much, many",F,2302,44.47
30,ἐκ,from out of,F,2263,44.95
31,εἰ,"conj. if, whether; part. w/wishes, adv. w/imperatives",F,2255,45.44
32,πρός,"(w. gen.) from; (w. dat.) at, near, in addition to; (w. acc.) to, toward, regarding",F,2219,45.91
33,ποιέω,"to make, to do",L,2209,46.38
34,φημί,"to say, to claim",L,2186,46.85
35,ἄν,modal particle,F,2020,47.28
36,περί,"around, round about with gen., dat., and acc.",F,1908,47.68
37,θεός,god,L,1899,48.09
38,οὖν,"so, then, therefore",F,1883,48.49
39,αὐτοῦ,"at the very place, just here, just there",F,1878,48.89
40,ὑμός,your,F,1756,49.27
41,τῷ,"therefore, in this wise, thereupon",F,1751,49.64
42,ἐάν,if,F,1683,50
43,εἶπον,"to speak, say",L,1542,50.33
44,διά,through c. gen.; because of c. acc.,F,1525,50.65
45,δή,[interactional particle: S&H on same page],F,1505,50.97
46,ἑαυτοῦ,"himself, herself, themselves",F,1502,51.29
47,γε,"at least, at any rate",F,1497,51.61
48,πόλις,a city,L,1466,51.93
49,ἤ,either..or; than,F,1446,52.23
50,ὁράω,to see,L,1418,52.54
51,οὐδείς,"not one, nobody",F,1306,52.82
52,ἐκεῖνος,"that over there, that",F,1296,53.09
53,ἀνήρ,a man,L,1285,53.37
54,τίς,who? which?,F,1243,53.63
55,κατά,"down, against with gen.; according to, throughout with acc.",F,1217,53.89
56,οὕτως,"so, in this manner",F,1201,54.15
57,ὑπό,"from under, by, c. gen. under, c. dat., towards c. acc.",F,1180,54.4
58,δέω,"to bind, tie, fetter",L,1148,54.64
59,ὦ,O! oh!,F,1126,54.88
60,ἐμός,mine,F,1117,55.12
61,δέω2,"to lack, miss, stand in need of",L,1116,55.36
62,δοκέω,"seem, impers. it seems best..",L,1098,55.59
63,τίη,why? wherefore?,F,1082,55.82
64,ἄνθρωπος,"man, person, human",L,1071,56.05
65,τοιοῦτος,such as this,F,1069,56.28
66,ἀπό,"from, away from. c. gen.",F,1065,56.51
67,μετά,"(w gen) with, among; (w acc) after",F,1044,56.73
68,λόγος,the word,L,1044,56.95
69,μέγας,"big, great",L,1028,57.17
70,ἔρχομαι,to come,L,1023,57.39
71,ἵνα,in order that (conj.); where (rel. adv.),F,994,57.6
72,παρά,"from the side of, c. gen., beside, alongside of, c. dat., to the side of, motion alongside of, c. acc.",F,965,57.81
73,ἐπεί,"after, since, when",F,925,58.01
74,οἶδα,to know,L,924,58.2
75,οὔτε,neither / nor,F,915,58.4
76,ἀκούω,to hear,L,913,58.59
77,οὐδέ,and/but not; not even,F,903,58.79
78,λαμβάνω,"to take, seize, receive",L,884,58.97
79,πρότερος,"before, earlier",,883,59.16
80,νῦν,now at this very time,F,880,59.35
81,δεῖ,it is necessary,L,815,59.52
82,καλός,beautiful,L,794,59.69
83,δίδωμι,to give,L,788,59.86
84,εἷς,one,,786,60.03
85,οἴομαι,"to suppose, think, deem, imagine",L,755,60.19
86,τῇ,"here, there",F,743,60.35
87,βούλομαι,"to will, wish, be willing",L,709,60.5
88,ὥστε,so that,F,703,60.65
89,ἀγαθός,good,L,684,60.8
90,δύναμαι,"to be able, capable, strong enough",L,680,60.94
91,ὅσος,as much/many as,F,675,61.09
92,ἡμέρα,day,L,674,61.23
93,δίκαιος,"just, observant of custom, correct, balanced",L,657,61.37
94,πατήρ,a father,L,657,61.51
95,κύριος2,"a lord, master",L,642,61.65
96,πρῶτος,first,,637,61.78
97,κακός,bad,L,624,61.92
98,εἶμι,"come, go",L,586,62.04
99,οἷος,(such a kind) as; for οἷός τε see οἷος III.2,F,573,62.16
100,ἄρχω,"(to be first) to rule, to begin",L,568,62.28
101,κύριος,having power,L,550,62.4
102,ἕκαστος,"every, every one, each, each one",F,540,62.52
103,ὥσπερ,"just as if, even as",F,538,62.63
104,μᾶλλον,"more, rather",,530,62.74
105,ἐθέλω,"to will, wish, purpose",L,510,62.85
106,πράσσω,"do, (w. adv) fare, (mid.) charge payment",L,504,62.96
107,ὑπέρ,"over, above, w. gen, over, beyond, w. acc.",F,501,63.07
108,μόνος,"alone, left alone, forsaken solitary",,500,63.17
109,νόμος,"usage, custom, law, ordinance",L,500,63.28
110,πως,"somehow, in some way",F,499,63.39
111,ἡγέομαι,"to lead; to consider, believe",L,496,63.49
112,ἔτι,"yet, as yet, still, besides",,496,63.6
113,γυνή,a woman,L,490,63.7
114,νομός,"place of pasture; district (nome), esp. in Egypt",L,488,63.81
115,πῶς,how? in what way,F,479,63.91
116,ὅστις,indef. relative or indirect interrogative,F,469,64.01
117,τότε,"at that time, then",F,466,64.11
118,ἕτερος,the one; the other (of two),,463,64.21
119,σός,your,F,462,64.31
120,πείθω,"to prevail upon, win over, persuade",L,461,64.4
121,ἔργον,work,L,459,64.5
122,βασιλεύς,"a king, chief",L,446,64.6
123,γιγνώσκω,"to learn to know, to perceive, mark, learn",L,445,64.69
124,ἀδελφός,sons of the same mother,L,442,64.79
125,μηδείς,"(and not one); not one, no-one",F,441,64.88
126,υἱός,a son,L,437,64.97
127,ἅπας,"quite all, the whole",,432,65.07
128,καλέω,"to call, summon",L,431,65.16
129,παῖς,a child,L,428,65.25
130,τοτέ,"at times, now and then",,427,65.34
131,ἀληθής,"unconcealed, true",L,427,65.43
132,φαίνω,"to bring to light, make to appear",L,427,65.52
133,ἤδη,already,,419,65.61
134,εἶδον,to see,L,412,65.7
135,ἀλλήλων,"of one another, to one another, one another",,412,65.79
136,γῆ,earth,L,411,65.88
137,ἀδικέω,to do wrong,L,408,65.96
138,χρόνος,time,L,404,66.05
139,ἀποθνῄσκω,"to die, be killed",L,404,66.13
140,μέλλω,"to think of doing, intend to do, to be about to do",L,400,66.22
141,ὅδε,this,F,399,66.3
142,ὄνομα,name,L,392,66.39
143,πολέμιος,hostile; enemy,L,390,66.47
144,πνεῦμα,a blowing,L,388,66.55
145,πορεύω,"to make to go, carry, convey",L,388,66.64
146,ψυχή,"breath, soul",L,388,66.72
147,ἄρα,particle: 'so',,377,66.8
148,φίλος,"friend; loved, beloved, dear",L,373,66.88
149,ὅταν,"when, whenever",,366,66.96
150,νομίζω,to have as a custom; to believe,L,364,67.04
151,ἀποκρίνω,"to separate, set apart; mid. answer",L,362,67.11
152,σφεῖς,personal and (ind.) reflexive pronoun,,360,67.19
153,σῶμα,the body,L,357,67.27
154,μάλιστα,most,,354,67.34
155,τυγχάνω,"(with gen.) to hit the mark, to get; (with pple) to happen to, to actually",L,354,67.42
156,ἄγω,to lead,L,353,67.49
157,τοίνυν,"therefore, accordingly",,349,67.57
158,πάρειμι,be present,L,341,67.64
159,αἴρω,"to take up, raise, lift up",L,339,67.71
160,ὅπως,"how, that, in order that, as",F,336,67.78
161,ἀρχή,"a beginning, rule, office, empire",L,336,67.85
162,πιστεύω,"to trust, trust to",L,333,67.93
163,ἦ,"in truth, truly, verily, of a surety",,332,68
164,εὑρίσκω,to find,L,328,68.07
165,πάσχω,"to experience, to suffer",L,324,68.14
166,σύν,"along with, in company with, together with",,320,68.2
167,οὐκοῦν,"therefore, then, accordingly",,318,68.27
168,οὔκουν,"not therefore, so not",,317,68.34
169,καθίστημι,"to set down, place",L,316,68.41
170,δόξα,a notion,L,315,68.47
171,τοσοῦτος,"so large, so tall",,314,68.54
172,δύναμις,"power, might, strength",,312,68.61
173,ζήω,to live (LSJ ζῶ),L,312,68.67
174,κελεύω,to urge,L,308,68.74
175,πάλιν,"back, backwards",F,307,68.81
176,χρή,"it is fated, necessary",L,306,68.87
177,πλείων,"more, larger",,305,68.94
178,φέρω,to bear,L,303,69
179,ἄξιος,worthy,,303,69.07
180,ἀπόλλυμι,"to destroy, kill; to lose",L,302,69.13
181,ἀφίημι,"to send forth, discharge",L,301,69.19
182,οὗ2,"him, her (οὗ οἷ ἕ)",,300,69.26
183,ἔοικα,to be like; to look like,,299,69.32
184,τίθημι,"to set, put, place",L,298,69.39
185,πάνυ,"altogether, entirely",,297,69.45
186,λαλέω,"to talk, chat, prattle, babble",L,295,69.51
187,αὖ,"again, anew, afresh, once more",,290,69.57
188,μήτε,neither / nor,,286,69.63
189,μένω,"to stay at home, stay where one is, not stir",L,285,69.69
190,χρῆμα,"thing, (pl.) goods, property, money",L,284,69.76
191,ἴδιος,"one's own, pertaining to oneself",,283,69.82
192,πρᾶγμα,"that which has been done, a deed, act",L,282,69.88
193,οὗ,where,,282,69.94
194,οὐρανός,heaven,,282,70
195,σῴζω,"to save, keep",L,279,70.06
196,ἕνεκα,"on account of, for the sake of, because of, for",,278,70.12
197,εὖ,well,,275,70.17
198,ποτε,"ever, sometime",F,274,70.23
199,ἀφικνέομαι,to come to,L,273,70.29
200,πίστις,"trust, belief; pledge, security",L,273,70.35
201,ἱκανός,"becoming, befitting, sufficing",,272,70.41
202,ὅμοιος,"like, resembling",,271,70.46
203,πόλεμος,"battle, fight, war",L,268,70.52
204,ἐξέρχομαι,"to go out, come out",L,267,70.58
205,χράω2,"proclaim an oracle, (rare) furnish; mid.: consult an oracle, lend",L,266,70.64
206,ὀλίγος,"few, little, scanty, small",L,265,70.69
207,που,"anywhere, somewhere",F,262,70.75
208,μέντοι,"however, nevertheless; of course (answers)",,262,70.8
209,χείρ,the hand,L,261,70.86
210,δεινός,"fearful, terrible, dread, dire",L,261,70.92
211,διό,"wherefore, on which account",,261,70.97
212,ἀνάγκη,"force, constraint, necessity",,260,71.03
213,μαθητής,"a learner, pupil",,260,71.08
214,φύσις,"the nature, natural qualities, powers, constitution, condition",L,259,71.14
215,χώρα,land,,255,71.19
216,εἰσέρχομαι,to go in,L,255,71.25
217,δίκη,"(custom, usage) justice, lawsuit, penalty",L,254,71.3
218,θάλασσα,the sea,,253,71.35
219,μηδέ,but not,,253,71.41
220,ὀρθός,straight,L,253,71.46
221,γράφω,"to scratch, draw, write",L,252,71.52
222,εὐθύς,"straight, direct",,249,71.57
223,τρόπος,"a turn, direction, course, way; character",L,249,71.62
224,ἀείρω,"to lift, heave, raise up",L,249,71.67
225,ἀποκτείνω,"to kill, slay",L,249,71.73
226,θάνατος,death,,249,71.78
227,ἅμα,"at once, at the same time",,248,71.83
228,τροπός,a twisted leathern thong,L,248,71.89
229,ὁδός,"a way, path, track, journey",L,248,71.94
230,ὁμολογέω,"agree, say the same thing as",L,248,71.99
231,δικαιοσύνη,"righteousness, justice",L,247,72.05
232,παρέχω,"to furnish, provide, supply",L,245,72.1
233,ἀνά,"up, upon",F,245,72.15
234,μήν,"now verily, full surely",,245,72.2
235,παραδίδωμι,"to hand over, to surrender",L,244,72.25
236,φεύγω,"to flee, take flight, run away",L,243,72.31
237,στρατηγός,the leader,L,242,72.36
238,χράομαι,"use, experience",L,242,72.41
239,ἆρα,particle introducing a question,,242,72.46
240,χάρις,"gratitude, favor, grace, charm",,241,72.51
241,μικρός,"small, little",,240,72.56
242,ἵστημι,to make to stand,L,239,72.61
243,αἱρέω,"to take, (mid.) to choose",L,237,72.66
244,ὅτε,when,,237,72.72
245,ἵημι,"to set a going, put in motion",L,237,72.77
246,ἀξιόω,to think worthy of; to expect,L,236,72.82
247,ἐναντίος,opposite,,234,72.87
248,ζητέω,"to seek, seek for",L,234,72.92
249,πέμπω,"to send, despatch",L,231,72.97
250,βιός,a bow,,229,73.01
251,βίος,life,L,228,73.06
252,ἴσος,"equal to, the same as; adv. perhaps",,227,73.11
253,ἅγιος,"devoted to the gods, sacred, holy",L,227,73.16
254,σκοπέω,to look at,L,226,73.21
255,δικαστής,a judge,L,226,73.26
256,ναῦς,a ship,,225,73.3
257,ἀεί,"always, for ever",F,225,73.35
258,ἄδικος,"wrong-doing, unrighteous, unjust",L,223,73.4
259,οἰκία,"a building, house, dwelling",L,220,73.45
260,ὅλος,"whole, entire, complete in all its parts",,220,73.49
261,πλῆθος,"a great number, a throng, crowd, multitude",,219,73.54
262,ἔθνος,"a number of people accustomed to live together, a company, body of men",L,219,73.59
263,χράω,"to fall upon, attack, assail",L,218,73.63
264,στρατιώτης,a citizen bound to military service;,L,218,73.68
265,ἀρετή,"goodness, excellence",,217,73.73
266,ἐρῶ,[I will say],L,216,73.77
267,ταχύς,"quick, swift, fleet",L,215,73.82
268,ὑμέτερος,"your, yours",,213,73.86
269,ἄγγελος,"a messenger, envoy",L,213,73.91
270,εἴτε,whether..or (regardless of whether A or B),,211,73.95
271,ἀλήθεια,truth,L,211,74
272,πλεῖστος,"most, largest",,210,74.04
273,ποταμός,"a river, stream",L,210,74.09
274,δῆλος,"visible, conspicuous",L,208,74.13
275,ἀμφότερος,"each of two, both",,207,74.18
276,ἐνταῦθα,"here, there; at that juncture",,207,74.22
277,ἕως,(w. aor or as prep.) until; (w. pres) as long as,,206,74.27
278,φοβέω,"to put to flight, to terrify; mid. to fear",L,204,74.31
279,ἥκω,"to have come, be present, be here",L,204,74.35
280,κρίνω,"to pick out, choose, judge, determine",L,204,74.4
281,στράτευμα,"an expedition, campaign",L,202,74.44
282,κόσμος,order,,202,74.48
283,τρεῖς,three,L,199,74.52
284,ὄχλος,"a moving crowd, a throng, mob",L,199,74.57
285,ἀποδίδωμι,"to give back, give what is due; (mid.) sell",L,198,74.61
286,ἀνίστημι,"to make to stand up, raise up",L,198,74.65
287,βασιλεία,"a kingdom, dominion",L,197,74.69
288,πολίτης,(fellow) citizen,L,196,74.74
289,νύξ,the night,,194,74.78
290,ἐκεῖ,"there, in that place",,193,74.82
291,μάρτυς,a witness,,191,74.86
292,κίνδυνος,"a danger, risk, hazard, venture, enterprise",,190,74.9
293,ἐφίστημι,"to set on, over; set in charge of",L,189,74.94
294,ἀπέρχομαι,"to go away, depart from",L,188,74.98
295,μανθάνω,to learn,L,188,75.02
296,ἐσθίω,to eat,L,188,75.06
297,ἁμαρτία,"a failure, fault, sin",,187,75.1
298,διδάσκω,to teach,L,186,75.14
299,πειράω,"to attempt, endeavour, try",L,185,75.18
300,βάρβαρος,barbarous,,185,75.22
301,δοῦλος,slave,L,185,75.26
302,ἔρως,love,,185,75.3
303,χωρίον,"a particular place, a place, spot, district",,184,75.34
304,ἔπειτα,"then, next",,183,75.38
305,ὑπάρχω,to begin; to exist,L,182,75.41
306,κοινός,"common, shared in common",L,182,75.45
307,μάλα,"very, very much, exceedingly",,181,75.49
308,νεκρός,"a dead body, corpse",,180,75.53
309,τιμάω,to honor; to value something at a price (gen.),L,180,75.57
310,ἀγαπάω,"to treat with affection, to caress, love, be fond of",L,180,75.61
311,πρίν,before; (after negated main clause) until,,179,75.65
312,ῥᾴδιος,"easy, ready, easy to make",,179,75.68
313,ἐάω,"to let, suffer, allow, permit",L,179,75.72
314,λοιπός,"remaining, the rest",,179,75.76
315,βασίλεια,"a queen, princess",L,179,75.8
316,καθώς,how,,179,75.84
317,δείκνυμι,to show,L,178,75.87
318,ἐρωτάω,to ask,L,178,75.91
319,ἐχθρός,"hated, hateful; enemy",,176,75.95
320,νέος,"young, youthful",,175,75.99
321,προσήκω,"to have come; to belong to, to fit",L,175,76.02
322,μέρος,"a part, share",,174,76.06
323,τριάκοντα,thirty,,174,76.1
324,πρέσβυς,an old man; pl. ambassadors,L,173,76.14
325,βλέπω,"to see, have the power of sight",L,173,76.17
326,ἐργάζομαι,"to work, labour",L,172,76.21
327,τελευτάω,"to complete, finish, accomplish; pple. finally, in the end",L,172,76.25
328,ἐπιθυμέω,to set one's heart upon,L,171,76.28
329,οἶκος,"a house, abode, dwelling",L,170,76.32
330,ἄρχων,"a ruler, commander, chief, captain",,170,76.35
331,ἀναγκάζω,"to force, compel",L,169,76.39
332,γνώμη,"a means of knowing, a mark, token",L,169,76.43
333,ἀναβαίνω,"to go up, mount, to go up to",L,169,76.46
334,πλοῖον,"a floating vessel, a ship, vessel",L,168,76.5
335,καίτοι,"and indeed, and further; and yet",,168,76.53
336,πονηρός,"toilsome, painful, grievous",L,168,76.57
337,ἐγείρω,"to awaken, wake up, rouse",L,168,76.61
338,οἰκέω,"to inhabit, occupy",L,166,76.64
339,καρδία,the heart,L,165,76.68
340,βάλλω,to throw,L,164,76.71
341,βουλεύω,"to take counsel, deliberate, concert measures",L,163,76.75
342,διαφέρω,"to carry through; be different from, excel",L,163,76.78
343,ἔτος,a year,,163,76.82
344,φωνή,"a sound, tone",L,163,76.85
345,αἰσχρός,"causing shame, abusive",L,162,76.89
346,ἐπιτήδειος,"suitable; useful, necessary; deserving; associate",,162,76.92
347,διέρχομαι,"to go through, pass through",L,162,76.95
348,καιρός,"time; the right moment, opportunity",,161,76.99
349,πολιτεία,"citizenship, citizen body, constitution",L,161,77.02
350,ποῖος,of what nature? of what sort?,F,160,77.06
351,χριστός,to be rubbed on,,160,77.09
352,ὅπλον,"a tool, implement, (pl.) arms, weapons",L,159,77.13
353,ἐμαυτοῦ,"of me, of myself",,159,77.16
354,μήτηρ,a mother,,159,77.19
355,κρατέω,"to be strong, mighty, powerful",L,158,77.23
356,εἰρήνη,"peace, time of peace",,158,77.26
357,κτάομαι,"to procure for oneself, to get, gain, acquire",L,158,77.29
358,μάχομαι,to fight,L,157,77.33
359,καθά,"according as, just as",,157,77.36
360,μέσος,"middle, in the middle",,157,77.39
361,ᾗ,"which way, where, whither, in",,156,77.43
362,δυνατός,"strong, mighty, able",,156,77.46
363,δέχομαι,"to take, accept, receive",L,156,77.49
364,ἄπειμι2,go away,L,156,77.53
365,χαλεπός,"hard to bear, painful; difficult",,155,77.56
366,ὧδε,"in this wise, so, thus",,155,77.59
367,ζάω,to live,L,155,77.63
368,ἡμέτερος,our,,154,77.66
369,ἀντί,"over against, opposite. c. gen.",,154,77.69
370,νικάω,"to conquer, prevail, vanquish",L,154,77.73
371,αἴτιος,"to blame, blameworthy, culpable",L,154,77.76
372,ἔξεστι,"it is allowed, it is in one's power, is possible",,153,77.79
373,ὥρα2,"time, season, climate",,152,77.82
374,ἐπιχειρέω,"to attempt, attack, put one’s hand to",L,152,77.86
375,ἵππος,"a horse, mare",,152,77.89
376,παρακαλέω,to call to,L,152,77.92
377,πότερος,which of the two?,F,152,77.95
378,χραύω,"to scrape, graze, wound slightly",L,151,77.99
379,βοηθέω,"to come to aid, to succour, assist, aid",L,151,78.02
380,σάρξ,flesh,L,151,78.05
381,κινδυνεύω,"to be daring, to make a venture, take the risk, do a daring thing",L,150,78.08
382,ταύτῃ,in this way.,,150,78.11
383,ἀποστέλλω,to send off,L,149,78.15
384,ὥρα,[sacrificial victim],,149,78.18
385,προφήτης,one who speaks for a God and interprets his will,L,149,78.21
386,ποιός,"of a certain nature, kind",F,148,78.24
387,ναί,"yea, verily",F,148,78.27
388,θαυμάζω,"to wonder, marvel, be astonished",L,147,78.3
389,καταλείπω,to leave behind,L,146,78.33
390,ὄρος,"a mountain, hill",,145,78.37
391,προσέρχομαι,to come,L,145,78.4
392,λαός,the people,,145,78.43
393,ἔξω,out,F,144,78.46
394,ἴσως,"equally, in like manner",,144,78.49
395,στρατιά,army,L,143,78.52
396,φυλάσσω,"to keep watch and ward, keep guard",L,142,78.55
397,πιστός2,to be trusted,L,142,78.58
398,ἱερόν,sanctuary,,141,78.61
399,ὅπου,where,F,141,78.64
400,τεῖχος,a wall,L,140,78.67
401,ζωή,a living,,140,78.7
402,διαφθείρω,"to destroy, ruin; to corrupt",L,139,78.73
403,διώκω,to pursue,L,139,78.76
404,ἐντεῦθεν,hence,,138,78.79
405,ἀποδείκνυμι,"display, appoint, demonstrate",L,138,78.82
406,σοφός,"wise, skilled, clever",L,138,78.85
407,κατηγορέω,"to speak against, to accuse",L,137,78.88
408,γεννάω,"to beget, engender",L,137,78.91
409,τολμάω,"to undertake, take heart",L,136,78.93
410,σύμμαχος,"fighting along with, allied with",L,135,78.96
411,πυνθάνομαι,to learn by hearsay,L,135,78.99
412,οἰκεῖος,in or of the house,L,135,79.02
413,ἡδονή,"delight, enjoyment, pleasure",,135,79.05
414,ὕδωρ,water,,135,79.08
415,ἐκκλησία,"an assembly of the citizens regularly summoned, the legislative assembly",,135,79.11
416,μάχη,"battle, fight, combat",,135,79.14
417,πρό,before,,134,79.16
418,κώμη,country town,,134,79.19
419,τόπος,a place,,133,79.22
420,φανερός,"open to sight, visible, manifest, evident",L,132,79.25
421,πλήν,except,,132,79.28
422,καταβαίνω,"to step down, go",L,131,79.31
423,ἐγγύς,"near, nigh, at hand",,130,79.33
424,σωτηρία,"a saving, deliverance, preservation, safety",,130,79.36
425,στρατεύω,"to serve in war, serve as a soldier, do military service, take the field, march",L,130,79.39
426,καθό,"in so far as, according as",,130,79.42
427,ἐπαινέω,"to approve, applaud, commend",L,129,79.44
428,πούς,a foot,L,129,79.47
429,ὀφθαλμός,the eye,,129,79.5
430,τρίτος,the third,L,127,79.53
431,ἥσσων,"less, weaker",,127,79.55
432,ὁπλίτης,"heavy-armed, armed",L,126,79.58
433,αἰτέω,"to ask, beg; postulate",L,126,79.61
434,ἄριστος,best,,126,79.63
435,αἰών,"life, lifetime, time; spinal marrow",L,126,79.66
436,τιμή,that which is paid in token of worth,L,125,79.69
437,πολεμέω,to be at war,L,125,79.71
438,χαίρω,"to rejoice, be glad, be delighted",L,125,79.74
439,παρασκευάζω,"to get ready, prepare",L,124,79.77
440,ἁμαρτάνω,"to miss, miss the mark",L,124,79.79
441,παύω,to make to cease,L,123,79.82
442,ἐξουσία,power,L,123,79.85
443,ἀρχιερεύς,"an arch-priest, chief-priest",,123,79.87
444,συμφέρω,to bring together; impers. to benefit,L,122,79.9
445,ἱππεύς,a horseman,,122,79.92
446,κεφαλή,the head,,122,79.95
447,νόος,"mind, perception",,121,79.98
448,διαβαίνω,"to cross (a river, etc.); to stand with feet apart",L,121,80
449,συμφορά,"an event, circumstance, chance, hap",,121,80.03
450,δείδω,to fear,L,121,80.05
451,κάθημαι,to be seated,L,121,80.08
452,μιμνήσκω,to remind,L,121,80.11
453,βουλή,"will, determination; council, senate",L,121,80.13
454,ἀγάπη,love,L,121,80.16
455,ἀργύριον,"a piece of silver, a silver coin",,120,80.18
456,αἰτία,"a charge, accusation",L,120,80.21
457,τέχνη,"art, skill, craft in work, cunning of hand",L,120,80.23
458,φύλαξ,"a watcher, guard, sentinel",L,119,80.26
459,πέντε,five,,119,80.29
460,ὅμως,"all the same, nevertheless",F,119,80.31
461,ἐκβάλλω,to throw,L,119,80.34
462,κρείσσων,"stronger, mightier, more powerful",,118,80.36
463,ἑκάτερος,"each of two, either, each singly",,118,80.39
464,γένος,"race, stock, family",L,118,80.41
465,ἐφορεύω,to be ephor [JT: cut off?],L,118,80.44
466,οὐκέτι,"no more, no longer, no further",,117,80.46
467,τέκνον,a child,,117,80.49
468,θύω,to sacrifice,L,116,80.51
469,ἰσχυρός,"strong, mighty",,115,80.54
470,τέσσαρες,four,,115,80.56
471,πίνω,to drink,L,115,80.58
472,ἑπτάς,period of seven days,,115,80.61
473,καταλαμβάνω,"to seize upon, lay hold of",L,114,80.63
474,εἴπερ,"strengthd. for εἰ, if indeed",,114,80.66
475,ἀκολουθέω,to follow,L,114,80.68
476,μισθός,"wages, pay, hire",,114,80.71
477,ἐπίσταμαι,to know,L,114,80.73
478,σοφία,skill,L,114,80.76
479,ἀδύνατος,"unable, impossible",L,113,80.78
480,τάσσω,"to arrange, put in order",L,113,80.8
481,ἐλπίς,"hope, expectation",,113,80.83
482,ἐλάσσων,"smaller, less",,113,80.85
483,δῆμος,"people; (originally) a country-district, country, land",L,113,80.88
484,μαρτυρέω,"to be a witness, to bear witness, give evidence, bear testimony",L,113,80.9
485,ἀδικία,injustice,L,113,80.92
486,τιμωρέω,"to help, aid, succour",L,112,80.95
487,δημός,fat,L,112,80.97
488,ἐπιθυμία,"desire, yearning, longing",L,112,81
489,σφόδρα,"very, very much, exceedingly, violently",,112,81.02
490,ὅσιος,"hallowed, sanctioned by the law of God",,112,81.04
491,λανθάνω,"to escape notice, to be unknown, unseen, unnoticed",L,110,81.07
492,μετέχω,"to partake of, enjoy a share of, share in, take part in",L,110,81.09
493,πληρόω,to make full,L,109,81.11
494,φυλακή,a watching,L,109,81.14
495,θύω2,"rage, seethe",L,109,81.16
496,ἄρτος,"bread, loaf of bread",,109,81.18
497,λίθος,a stone,,108,81.21
498,ἕπομαι,follow,L,108,81.23
499,αἷμα,blood,L,108,81.25
500,ἀμήν,"verily, of a truth, so be it",,108,81.28
501,ἀνοίγνυμι,to open,L,107,81.3
502,τρέφω,"to nourish, rear, maintain",L,107,81.32
503,πῦρ,fire,L,107,81.34
504,δοξάζω,"to think, imagine, suppose, fancy, conjecture",L,107,81.37
505,κεῖμαι,to lie; to have been set/put (as perf. pass. of τίθημι),L,106,81.39
506,ἄπειμι,be absent,L,106,81.41
507,ἱερός,"super-human, mighty, divine, wonderful",,106,81.43
508,δεύτερος,second,,106,81.46
509,τέλος,the fulfilment,,105,81.48
510,ἀπαγγέλλω,"to bring tidings, report, announce",L,104,81.5
511,σημεῖον,"a sign, a mark, token",L,104,81.52
512,ἅπτω,"to fasten, bind fast; mid. touch",L,104,81.55
513,ἡδύς,sweet,,104,81.57
514,ψεύδω,"to cheat by lies, beguile",L,103,81.59
515,βελτίων,better,,103,81.61
516,νῆσος,an island,,102,81.63
517,πολλάκις,"many times, often, oft",,102,81.66
518,ἑπτά,seven,,102,81.68
519,ζέω,"to boil, seethe",L,102,81.7
520,ὁμῶς,"equally, likewise, alike",F,101,81.72
521,ἄλλως,in another way,F,101,81.74
522,στόμα,the mouth,L,101,81.76
523,παραλαμβάνω,to receive from,L,100,81.79
524,αἰσθάνομαι,"to perceive, apprehend by the senses, to see, hear, feel",L,100,81.81
525,βέλτιστος,best,,100,81.83
526,τρέω,"to flee from fear, flee away",L,100,81.85
527,ἀφαιρέω,"to take from, take away from",L,100,81.87
528,ἐνθυμέομαι,"to lay to heart, consider well, reflect on, ponder",L,100,81.89
529,λύω,to loose,L,99,81.91
530,πλούσιος,"rich, wealthy, opulent",,99,81.93
531,ὠφελέω,"to help, aid, assist, to be of use",L,98,81.95
532,φιλέω,"to love, regard with affection",L,98,81.98
533,ἀπαλλάσσω,"to set free, release, deliver",L,98,82
534,θεάομαι,"to look on, gaze at, view, behold",L,98,82.02
535,πλέω,"to sail, go by sea",L,97,82.04
536,χαρίζω,"to do a favor, to oblige, to please",L,97,82.06
537,ἕνος,"belonging to the former of two periods, last year's",,97,82.08
538,ἀλλότριος,of/belonging to another,,97,82.1
539,ἐπιδείκνυμι,to exhibit as a specimen,L,97,82.12
540,νυνί,"now, at this moment",,96,82.14
541,παντάπασι,"all in all, altogether, wholly, absolutely",,96,82.16
542,σεαυτοῦ,of thyself,,96,82.18
543,ἐρῆμος,"desolate, lone, lonely, lonesome, solitary",L,95,82.2
544,ὕστερον,the afterbirth,,95,82.22
545,φύω,"to bring forth, produce, put forth",L,95,82.24
546,ἔσχατος,outermost,,95,82.26
547,περιπατέω,"to walk up and down, to walk about",L,95,82.28
548,ὁρμάω,"to set in motion, urge",L,94,82.3
549,ἐπιτίθημι,"to lay, put on; (mid.) to attack",L,94,82.32
550,τοιόσδε,such a,,94,82.34
551,φόβος,"fear, panic, flight",L,94,82.36
552,στρατόπεδον,"the ground on which soldiers are encamped, a camp, encampment",L,94,82.38
553,ἑτοῖμος,"at hand, ready, prepared",,94,82.4
554,ἔνθα,there,,94,82.42
555,τάξις,an arranging,L,94,82.44
556,ἐνώπιος,face to face,,94,82.46
557,παραγίγνομαι,"to come near, attend upon",L,93,82.48
558,πίπτω,"to fall, fall down",L,93,82.5
559,ἱμάτιον,"an outer garment, a cloak",,93,82.52
560,καρπός,fruit,,93,82.54
561,οὐσία,"that which is one's own, one's substance, property",,93,82.56
562,εἶδος,"that which is seen, form, shape, figure",,93,82.58
563,ἀσπάζομαι,"to welcome kindly, bid welcome, greet",L,93,82.6
564,ἔνειμι,to be in; to be possible,L,92,82.62
565,πατρίς,"fatherland, homeland; of one’s father",L,92,82.64
566,οἴχομαι,"to be gone, to have gone",L,92,82.66
567,προσεύχομαι,to offer prayers,L,92,82.68
568,ἁμός,"our, my > ἐμός",F,92,82.7
569,κωλύω,"to let, hinder, check, prevent",L,91,82.72
570,ἄνω,"to accomplish, achieve, finish",L,91,82.74
571,θυγάτηρ,a daughter,,91,82.76
572,μέχρι,"until (prep. and conj. w. aor.), as long as (conj. w. pres.)",,90,82.78
573,λοχαγός,the leader of an armed band; commander of a company,,90,82.8
574,ἀφίστημι,"to put away, remove; (mid.) revolt",L,89,82.82
575,ὁπότε,when,F,89,82.84
576,πρόσθεν,before,,89,82.85
577,ἐπιβουλεύω,to plot against,L,89,82.87
578,ἐπιστήμη,"knowledge, skill",,89,82.89
579,προστάσσω,to order,L,89,82.91
580,μισέω,to hate,L,89,82.93
581,δέκα,ten,L,88,82.95
582,ἄρτι,"just now, recently",,88,82.97
583,εἴκοσι,twenty,,88,82.99
584,δύω,dunk,L,88,83.01
585,πώποτε,ever yet,F,88,83.02
586,ἀπολογέομαι,"to speak in defence, defend oneself",L,88,83.04
587,ἡγεμών,"leader, guide",,88,83.06
588,ἐράω,"to love, to be in love with",L,88,83.08
589,ὅσπερ,"the very man who, the very thing which",,87,83.1
590,ἀμείνων,"better, abler, stronger, braver",,87,83.12
591,θεραπεύω,"to be an attendant, do service",L,87,83.14
592,ναός,"the dwelling of a god, a temple",,87,83.16
593,ὑπάγω,to lead,L,87,83.17
594,παιδίον,a child,L,87,83.19
595,πρόσωπον,"the face, visage, countenance",,87,83.21
596,ἀπολύω,to loose from,L,86,83.23
597,τηρέω,"to watch over, protect, guard",L,86,83.25
598,τάλαντον,a balance,,86,83.27
599,ἔρδω,to do,L,86,83.28
600,ἔμπροσθεν,"before, in front",,86,83.3
601,ἄνευ,without,,85,83.32
602,ἄνω2,"up, upwards",,85,83.34
603,ἥλιος,the sun,,85,83.36
604,τοι,"let me tell you, surely, verily",,85,83.38
605,τρέπω,to turn,L,84,83.39
606,ἐλεύθερος,free,,84,83.41
607,ἐνθάδε,"here, in this place, at this point",,84,83.43
608,ἐλπίζω,"to hope for, look for, expect",L,83,83.45
609,ὀφείλω,"to owe, have to pay",L,83,83.46
610,ἀναγκαῖος,"necessary, forcible (subst. kin, necessities for life)",,83,83.48
611,συνάγω,"to bring together, gather together, collect, convene",L,83,83.5
612,ποιητής,"one who makes, a maker",L,83,83.52
613,ἐλεέω,"to have pity on, shew mercy upon",L,83,83.54
614,ἀπόστολος,"a messenger, ambassador, envoy",,83,83.55
615,ῥῆμα,"(spoken) word, line, verb",,83,83.57
616,φάος,"light, daylight",L,83,83.59
617,ἐράω2,"[to pour out, vomit forth]",L,83,83.61
618,συμβαίνω,"meet, agree, happen",L,82,83.62
619,πειράζω,to make proof,L,82,83.64
620,μακρός,long,,82,83.66
621,οἶνος,wine,L,82,83.68
622,ἐλευθερία,"freedom, liberty",L,82,83.69
623,παραγγέλλω,to transmit as a message; give orders,L,82,83.71
624,θύρα,a door,,82,83.73
625,ἐξαμαρτάνω,"to err from the mark, fail",L,82,83.75
626,ψηφίζω,(mid.) to vote; (act.) to count with pebbles,L,81,83.76
627,κηρύσσω,"to be a herald, officiate as herald",L,81,83.78
628,ξένος,"a guest, guest-friend, stranger; foreign",L,81,83.8
629,ἐξαπατάω,to deceive,L,81,83.81
630,βαπτίζω,to dip in,L,81,83.83
631,κατέχω,to hold fast,L,80,83.85
632,καῖρος,the row of thrums,,80,83.87
633,θεωρέω,"to look at, view, behold",L,80,83.88
634,φάσκω,"to say, affirm, assert",L,80,83.9
635,σῖτος,"corn, grain",L,79,83.92
636,φαῦλος,"slight, indifferent, trivial, common, simple",,79,83.93
637,κομίζω,"to take care of, provide for",L,79,83.95
638,παρέρχομαι,"to go by, beside",L,79,83.97
639,ἀγών,"a gathering; a contest, a struggle, a trial",L,79,83.98
640,φρονέω,"to think, to have understanding, to be sage, wise, prudent",L,79,84
641,διδάσκαλος,"a teacher, master",L,79,84.02
642,γραφή,"drawing, writing; indictment",L,79,84.04
643,ἀπέχω,to keep off,L,78,84.05
644,μακάριος,"blessed, happy",,78,84.07
645,δηλόω,to make visible,L,77,84.09
646,διαλέγω,"to pick out one from another, to pick out",L,77,84.1
647,εὐαγγέλιον,the reward of good tidings,,77,84.12
648,συλλέγω,"to collect, gather",L,76,84.13
649,ἀσφαλής,"not liable to fall, immoveable, steadfast, firm",,76,84.15
650,πάλαι,"long ago, in olden time, in days of yore, in time gone by",L,76,84.17
651,ἀγορά,an assembly of the people,L,76,84.18
652,παιδεύω,to bring up,L,76,84.2
653,εὐδαίμων,"fortunate, wealthy, happy",,76,84.22
654,ὀργίζω,"to make angry, provoke to anger, irritate",L,75,84.23
655,κρίσις,"a separating, power of distinguishing",,75,84.25
656,ἐμέω,"to vomit, throw up",L,75,84.26
657,θηρίον,"a wild animal, beast",,75,84.28
658,βία,"bodily strength, force, power, might",,74,84.29
659,λείπω,"to leave, quit",L,74,84.31
660,ὅστε,"who, which",,74,84.33
661,χωρίς,"separately, asunder, apart, by oneself",,74,84.34
662,προαγορεύω,to tell beforehand,L,73,84.36
663,ἔπειμι2,"(go) come upon, approach, attack",L,73,84.37
664,διάνοια,"a thought, intention, purpose",L,73,84.39
665,σταθμός,"a standing place, weight",L,73,84.4
666,ἐπιμελέομαι,"to take care of, have charge of, have the management of",L,72,84.42
667,δεξιός,on the right hand,L,72,84.44
668,πρόθυμος,"ready, willing, eager, zealous",L,72,84.45
669,θρόνος,"a seat, chair",,72,84.47
670,ἐπερωτάω,"to inquire of, question, consult",L,72,84.48
671,αἰώνιος,lasting for an age,L,72,84.5
672,ἀντιλέγω,"to speak against, gainsay, contradict",L,71,84.51
673,δημόσιος,belonging to the people,L,71,84.53
674,οὔπω,not yet,F,71,84.54
675,θυσία,"burnt offering, sacrifice",,71,84.56
676,προσκυνέω,to make obeisance,L,71,84.57
677,πρόβατον,sheep; small cattle,,71,84.59
678,πλέως,full of,,70,84.6
679,ἐφέζομαι,to sit upon,L,70,84.62
680,ὅθεν,"from where, whence",F,70,84.63
681,ἀσθενής,"without strength, weak, feeble, weakly",,70,84.65
682,προσφέρω,to bring to,L,70,84.66
683,μεταξύ,"betwixt, between",,70,84.68
684,ἐπιτρέπω,"to turn over to, entrust, command",L,70,84.69
685,σκέπτομαι,"to look about, look carefully",L,70,84.71
686,πεδίον,a plain,L,70,84.72
687,γοῦν,"at least then, at any rate, any way",,70,84.74
688,θεῖος,"of/from the gods, divine",,70,84.75
689,ἐντολή,"an injunction, order, command, behest",,70,84.77
690,συνέρχομαι,"come together, meet",L,69,84.78
691,ἀναλίσκω,"to use up, to spend, lavish",L,69,84.8
692,παρίστημι,to make to stand,L,69,84.81
693,χρηστός,"useful, good of its kind, serviceable",L,69,84.83
694,μιν,"him, her, it",,69,84.84
695,λογίζομαι,"to count, reckon, calculate, compute",L,68,84.85
696,ὄμνυμι,to swear,L,68,84.87
697,ὀργή,natural impulse,L,68,84.88
698,χρεία,"use, advantage, service",,68,84.9
699,ἀγαπητός,beloved,L,68,84.91
700,ἐννοέω,"to have in one's thoughts, to think, consider, reflect",L,68,84.93
701,στρατός,an encamped army,L,67,84.94
702,ἔπειμι,"be there (in addition, later, set over)",L,67,84.96
703,ἐξελαύνω,to drive out from,L,67,84.97
704,ἑκών,"willing, of free will, readily",,67,84.98
705,συμβουλεύω,"to advise, counsel",L,67,85
706,φιλόσοφος,a lover of wisdom,L,67,85.01
707,τροφή,"nourishment, food, victuals",L,66,85.03
708,σπονδή,"drink-offering; (pl.) truce, treaty",,66,85.04
709,αὖθις,"back, back again",,66,85.06
710,πελταστής,one who bears a light shield,,66,85.07
711,χρύσεος,"golden, of gold, decked",L,66,85.08
712,μιμέομαι,"to mimic, imitate, represent, portray",L,66,85.1
713,ἄστυ,"a city, town",,66,85.11
714,δύο,two,,65,85.13
715,μείς,a month,,65,85.14
716,δημοκρατία,"democracy, popular government",L,65,85.15
717,διάκειμαι,"to be in a certain state, to be disposed",L,65,85.17
718,βασιλεύω,"to be king, to rule, reign",L,65,85.18
719,οὐδαμός,"not even one, no one",,65,85.19
720,οὖς,"auris, the ear",,65,85.21
721,τύχη,"(good) fortune, luck, chance",L,64,85.22
722,προσέχω,"to hold to, offer",L,64,85.24
723,ἀπορέω2,to be at a loss,L,64,85.25
724,διαπράσσω,"to pass over; bring about, accomplish",L,64,85.26
725,οἰκοδομέω,to build a house,L,64,85.28
726,ἀπαλλαξείω,to wish to be delivered from,L,64,85.29
727,ὀλιγαρχία,"an oligarchy, government in the hands of a few families",L,64,85.3
728,κύκλος,"a ring, circle, round",,64,85.32
729,ἀριθμός,number,L,64,85.33
730,πρᾶξις,"a doing, transaction, business",L,64,85.35
731,αὐξάνω,"to make large, increase, augment",L,64,85.36
732,γλῶσσα,the tongue,L,64,85.37
733,ὅρκος,"the object by which one swears, the witness of an oath",,63,85.39
734,ἁλίσκομαι,"to be caught, conquered, caught in the act",L,63,85.4
735,παλαιός,old in years,,63,85.41
736,ἔρομαι,"to ask, enquire",L,63,85.43
737,καινός,"new, fresh",L,63,85.44
738,ἀποδέχομαι,to accept from,L,63,85.45
739,πρόγονος,"a forefather, ancestor",L,63,85.47
740,ἀναμιμνήσκω,to remind,L,63,85.48
741,γραμματεύς,"a secretary, clerk",L,63,85.49
742,ἀμύνω,"to keep off, ward off",L,62,85.51
743,ἰδιώτης,"a private person, an individual",,62,85.52
744,ὑπισχνέομαι,to promise,L,62,85.53
745,παρίημι,"to pass over, let go, relax, yield, allow",L,62,85.55
746,δώδεκα,twelve,L,62,85.56
747,ἀκριβής,"exact, accurate, precise, made",L,62,85.57
748,λυπέω,"to give pain to, to pain, distress, grieve, vex, annoy",L,62,85.59
749,πύλη,one wing of a pair of double gates,L,62,85.6
750,ἐγγίγνομαι,"to be born or bred in; be innate, be native",L,62,85.61
751,θαυμαστός,"wondrous, wonderful, marvellous",,62,85.63
752,πονηρία,a bad state,L,62,85.64
753,μά,"(no,) by ..",,62,85.65
754,θέλημα,will,,62,85.67
755,βλάπτω,"to disable, hinder (Hom.); to harm, damage",L,61,85.68
756,ὅπη,by which way,F,61,85.69
757,ἀναγιγνώσκω,"to know well, know certainly; to read",L,61,85.7
758,καθίζω,"to make to sit down, seat",L,61,85.72
759,ἐπιτήδευμα,"a pursuit, business, practice",,61,85.73
760,δουλεύω,to be a slave,L,61,85.74
761,μάθημα,"that which is learnt, a lesson",L,61,85.76
762,ποῦ,where,F,61,85.77
763,ὀπίσω,backwards,F,60,85.78
764,ἥκιστος,least,,60,85.8
765,ἀναιρέω,to take up; to destroy,L,60,85.81
766,σαφής,"clear, plain, distinct, manifest",,60,85.82
767,ἡσσάομαι,"to be less than another, inferior to",L,60,85.83
768,θέω,to run,L,60,85.85
769,δήπου,"perhaps, it may be",F,60,85.86
770,αἰσχύνω,"to make ugly, disfigure, mar",L,60,85.87
771,ἐλαύνω,"to drive, drive on, set in motion",L,60,85.88
772,χαρά,"joy, delight",,60,85.9
773,ὁρμέω,"to be moored, lie at anchor",L,59,85.91
774,ὄψις,"look, appearance, aspect",,59,85.92
775,ἑκατόν,a hundred,,59,85.94
776,ἀπάγω,"to lead away, carry off",L,59,85.95
777,περ,precisely; w. pple. even though (later καίπερ),,59,85.96
778,δεῦρο,hither,,59,85.97
779,πεζός,on foot,L,58,85.99
780,στάδιον,"a stade, = ca. 600 feet",,58,86
781,ἔχθρα,"hatred, enmity",,58,86.01
782,καθοράω,(to look down); to observe,L,58,86.02
783,ἐντυγχάνω,"to light upon, fall in with, meet with",L,58,86.03
784,ἅτε,just as (both pre-and postposed); w. part.: because,,58,86.05
785,ἀδελφή,a sister,L,58,86.06
786,ἀγρός,"fields, lands",L,58,86.07
787,σπείρω,to sow,L,58,86.08
788,ἀποφαίνω,"to shew fort, display, produce",L,57,86.1
789,διότι,"for the reason that, since",,57,86.11
790,διανοέομαι,"to be minded, intend, purpose",L,57,86.12
791,χίλιοι,a thousand,,57,86.13
792,συλλαμβάνω,"to collect, gather together",L,57,86.15
793,εἶτα,"then, next",,57,86.16
794,ἡλικία,"time of life, age",,57,86.17
795,δοκιμάζω,to assay,L,57,86.18
796,ζῷον,"a living being, animal",,57,86.19
797,τύραννος,an absolute sovereign,L,57,86.21
798,τέλειος,"having reached its end, finished, complete",,57,86.22
799,δαιμόνιον,"divine being, spirit",L,57,86.23
800,χωρέω,"give way, draw back, retire, withdraw",L,56,86.24
801,εἴσειμι,to go into,L,56,86.25
802,ὀνομάζω,to name,L,56,86.27
803,χείρων,"worse, meaner, inferior",,56,86.28
804,πλοῦτος,"wealth, riches",,56,86.29
805,μουσικός,"musical, skilled in music, elegant",,56,86.3
806,συναγωγή,"a bringing together, uniting",L,56,86.31
807,κράζω,to croak,L,56,86.33
808,τυφλός,blind,L,56,86.34
809,δημιουργός,"one who works for the people, a skilled workman, handicraftsman",L,56,86.35
810,παρασάγγης,a parasang,,56,86.36
811,εἴωθα,to be accustomed,,55,86.37
812,δράω,to do,L,55,86.39
813,διαβάλλω,to throw over,L,55,86.4
814,τεκμήριον,a sure signs.,,55,86.41
815,σχεδόν,"close, near, hard by, nigh",,55,86.42
816,ἀμφί,on both sides,,55,86.43
817,ὡσαύτως,"in like manner, just so",,55,86.44
818,κατήγορος,an accuser,,55,86.46
819,σφέτερος,"their own, their",,54,86.47
820,συνίημι,to bring together; understand,L,54,86.48
821,ἡσυχία,"stillness, rest, quiet",,54,86.49
822,κέρας,the horn of an animal,,54,86.5
823,συγγνώμη,forgiveness,,54,86.51
824,ἀγνοέω,"not to perceive, be ignorant of",L,54,86.52
825,ἀπολείπω,to leave over,L,54,86.54
826,μνᾶ,"a weight, 1 mina=100 drachmae",,54,86.55
827,φιλοσοφία,"love of knowledge and wisdom, pursuit thereof, speculation, study",L,54,86.56
828,καθαρός,"clear of dirt, clean, spotless, unsoiled",,54,86.57
829,κακία,badness,L,54,86.58
830,εὐαγγελίζομαι,"to bring good news, announce them",L,54,86.59
831,τεσσαράκοντα,forty,,53,86.6
832,νέα,fallow land (LSJ νειός),,53,86.62
833,σταυρόω,to fence with pales; to crucify,L,53,86.63
834,ὅπῃ,where,F,53,86.64
835,καταλύω,"to put down, destroy; settle (disputes); lodge, rest",L,53,86.65
836,ἀέκων,"against one's will, unwilling",L,53,86.66
837,ἄκων2,against one's will > ἀέκων,L,53,86.67
838,ἀνέχω,"to hold up; (mid.) endure, put up with",L,53,86.68
839,ἐλάχιστος,"the smallest, least",,53,86.7
840,δῶρον,"a gift, present",,53,86.71
841,κατοικέω,to settle; to inhabit,L,53,86.72
842,οὐδαμῶς,in no wise,,53,86.73
843,νῦν δή,just now,,53,86.74
844,καταψηφίζομαι,to vote against,L,53,86.75
845,προδίδωμι,"to give beforehand, pay in advance; to betray, surrender",L,52,86.76
846,τριήρης,trireme,L,52,86.77
847,ὑβρίζω,"to wax wanton, run riot",L,52,86.79
848,φιλία,"friendly love, affection, friendship",L,52,86.8
849,προστίθημι,"to add, to apply, to close (a door); mid. to join (a group), take as an ally",L,52,86.81
850,εἰκός,like truth,,52,86.82
851,ἁμάρτημα,"a failure, fault, sin",,52,86.83
852,κατέρχομαι,to go down from; return from exile,L,52,86.84
853,ἀγωνίζομαι,to contend for a prize,L,52,86.85
854,ἀγείρω,"to bring together, gather together",L,52,86.86
855,δεσπότης,"a master, lord, the master of the house",L,52,86.87
856,ἄχρι,"until, up to; (Hom.) to the uttermost, utterly",,52,86.89
857,λύπη,pain of body,,52,86.9
858,ἐπαγγελία,a public denunciation,L,52,86.91
859,ἀφεστήξω,"I shall be absent, away from",L,51,86.92
860,ὑπομένω,"to stay behind, survive",L,51,86.93
861,ὑστεραῖος,"on the day after, the next day",,51,86.94
862,καίω,"to light, kindle",L,51,86.95
863,συνίστημι,"to set together, combine, associate, unite, band together",L,51,86.96
864,ἐνιαυτός,year,,51,86.97
865,ἀμφισβητέω,"to stand apart; disagree, dispute",L,51,86.98
866,ἀληθινός,agreeable to truth,L,51,86.99
867,δικάζω,"to judge, to give judgment on",L,51,87.01
868,εἰκών,"a likeness, image, portrait",,51,87.02
869,ἀναχωρέω,to go back,L,50,87.03
870,βιάζω,to constrain,L,50,87.04
871,μέτριος,within measure,,50,87.05
872,εἰκότως,"in all likelihood, suitably, fairly, reasonably, naturally",,50,87.06
873,ἐοικότως,"similarly, like",,50,87.07
874,καταφρονέω,to think down upon,L,50,87.08
875,οὐδέποτε,never,,50,87.09
876,σύνειμι,"be with (incl. be wife of, study with)",L,50,87.1
877,διατίθημι,"to place separately, arrange",L,50,87.11
878,πλανάω,"to make to wander, lead wandering about",L,50,87.12
879,φωνέω,to produce a sound,L,50,87.13
880,περισσός,beyond the regular number,,50,87.14
881,στασιάζω,"to rebel, revolt, rise in rebellion",L,49,87.15
882,ξύλον,wood,,49,87.16
883,ἐπιέννυμι,to put on besides,L,49,87.18
884,θαρσέω,"to be of good courage, take courage",L,49,87.19
885,ἐπιλαμβάνω,"to lay hold of, seize, attack",L,49,87.2
886,πόνος,work,L,49,87.21
887,σύνοιδα,"to share in knowledge, be cognisant of",L,49,87.22
888,ὑπολαμβάνω,"take up; understand, interpret; assume; reply, rejoin",L,49,87.23
889,κάλλος,beauty,,49,87.24
890,γενεά,"race, stock, family",L,49,87.25
891,σήμερον,to-day,,49,87.26
892,παραβολή,"juxta-position, comparison",,49,87.27
893,ἑταῖρος,"a comrade, companion, mate",,49,87.28
894,φανερόω,to make manifest,L,49,87.29
895,ἀρχαῖος,from the beginning,,48,87.3
896,ἀπορία,difficulty of passing,L,48,87.31
897,βραχύς,short,,48,87.32
898,ἀσπίς,a round shield,,48,87.33
899,ἐπαίρω,to lift up and set on,L,48,87.34
900,ἐπιεικής,"fitting, meet, suitable",,48,87.35
901,ὁπόσος,as many as,F,48,87.36
902,ἐφίημι,to send to; (mid) to long for,L,48,87.37
903,πρόσειμι2,approach,L,48,87.38
904,στάσις,"a standing, the posture of standing",,48,87.39
905,δένδρον,a tree,L,48,87.4
906,ἀποστερέω,"to rob, despoil, bereave",L,48,87.41
907,μνημεῖον,"a memorial, remembrance, monument",L,48,87.42
908,κολάζω,"to curtail, dock, prune",L,48,87.43
909,σημαίνω,"to shew by a sign, indicate, make known, point out",L,48,87.44
910,νόσος,"sickness, disease, malady",,48,87.45
911,παιδεία,the rearing of a child,L,48,87.46
912,γέλοιος,"causing laughter, laughable",L,48,87.47
913,ἑορτή,a feast,,47,87.48
914,μέγεθος,"greatness, magnitude, size, height, stature",,47,87.49
915,ἄνεμος,wind,L,47,87.5
916,ἔξειμι,go out,L,47,87.51
917,ἐκεῖθεν,"from that place, thence",,47,87.52
918,διατρίβω,"to rub between, rub hard, rub away, consume, waste",L,47,87.53
919,θάπτω,"to bury, to honour with funeral rites",L,47,87.54
920,ἁρπάζω,"to snatch away, carry off",L,47,87.55
921,χρυσός,gold,L,47,87.56
922,ἔνιοι,some,,47,87.57
923,κύων,a dog,,47,87.58
924,κλαίω,"to weep, lament, wail",L,47,87.59
925,χειμών,"winter; storm, stormy weather",,46,87.6
926,τελευταῖος,last,,46,87.61
927,ἀποβαίνω,to step off from,L,46,87.62
928,ἀνάγω,to lead up; mid. set sail,L,46,87.63
929,ἐπικαλέω,to call upon,L,46,87.64
930,σπέρμα,"seed, offspring",,46,87.65
931,ἐπιτιμάω,"honor, raise price; blame, rebuke, censure",L,46,87.66
932,κῆρυξ,"a herald, pursuivant, marshal, public messenger",,46,87.67
933,λόφος,the back of the neck,,46,87.68
934,ἄλλῃ,"in another place, elsewhere",,46,87.69
935,σκεῦος,a vessel,,46,87.7
936,κινέω,"to set in motion, to move",L,46,87.71
937,δικαιόω,to set right,L,46,87.72
938,εὔνοος,"well-disposed, kindly, friendly",,46,87.73
939,μέλω,to be an object of care,L,46,87.74
940,μέλος,a limb; a phrase of song; a song,,46,87.75
941,ἁμαρτωλός,"(adj.) sinful, (n.) sinner",L,46,87.76
942,οὐαί,woe,F,46,87.77
943,διηγέομαι,"to set out in detail, describe in full",L,46,87.78
944,μαρτυρία,"witness, testimony, evidence",,46,87.79
945,φυγή,flight,L,45,87.8
946,ἕλκω,"to draw, drag",L,45,87.81
947,σώφρων,of sound mind,,45,87.82
948,ἐκπλήσσω,"(to knock out); to astound, shock, amaze",L,45,87.83
949,ἐξάγω,to lead out,L,45,87.84
950,κάτω,"down, downwards",F,45,87.85
951,τελέω,"to complete, fulfil, accomplish",L,45,87.86
952,πιστός,liquid (medicines),,45,87.87
953,ἀμελέω,"to have no care for, be neglectful of",L,45,87.88
954,ἀγανακτέω,to feel irritation,L,45,87.89
955,πρόσω,"forwards, onwards, further",F,45,87.9
956,πόθεν,"whence? (i.e., from where?)",F,45,87.91
957,πόσος,how much? how many?,F,45,87.92
958,ἐλέγχω,cross-examine; put to the test; prove; refute,L,45,87.93
959,ὁστισοῦν,anybody (anything) whatsoever,,45,87.94
960,ὄπισθεν,"behind, at the back",,45,87.94
961,τίκτω,to bring into the world,L,45,87.95
962,πένης,"one who works for his daily bread, a day-labourer, a poor man",,45,87.96
963,οὐρανόω,"remove to heaven, deify",L,45,87.97
964,σκότος,"darkness, gloom",L,45,87.98
965,ἐπισκοπέω,to look upon,L,45,87.99
966,βέβαιος,"firm, steady, steadfast, sure, certain",L,44,88
967,πάθος,"anything that befalls one, an incident, accident",L,44,88.01
968,συμβάλλω,"to throw together, dash together",L,44,88.02
969,ἐκλέγω,to pick out; single out,L,44,88.03
970,χρήσιμος,"useful, serviceable, good for use, good, apt",L,44,88.04
971,πω,"up to this time, yet",F,44,88.05
972,ψῆφος,"a small stone, a pebble; vote",L,44,88.06
973,πρέπω,"to be clearly seen, to resemble, to seem (πρέπει it is fitting)",L,44,88.07
974,καθεύδω,"to lie down to sleep, sleep",L,44,88.08
975,γονεύς,"a begetter, father",L,44,88.09
976,ὠφέλεια,"help, aid, succour, assistance",L,44,88.1
977,περιβάλλω,to throw round,L,44,88.11
978,ποθεν,from some place,F,44,88.11
979,ἐπιγιγνώσκω,"to look upon, witness, observe",L,44,88.12
980,γεωργός,tilling the ground,L,44,88.13
981,ἰατρικός,"of or for a doctor, skilled in medicine, medical",,44,88.14
982,ἤπειρος,"terra-firma, the land",,43,88.15
983,ὀκτώ,eight,L,43,88.16
984,ἄπιστος,not to be trusted,,43,88.17
985,εἰσάγω,to lead in,L,43,88.18
986,ἑτοιμάζω,"to make ready, prepare",L,43,88.19
987,σύμπας,"all together, all at once, all in a body",,43,88.2
988,ἐκπίπτω,to fall out of,L,43,88.21
989,δουλεία,"servitude, slavery, bondage",L,43,88.22
990,ὁποῖος,of what sort,F,43,88.23
991,εἰσφέρω,"to bring in, to propose (a question, a law), to pay tax (εἰσφορά)",L,43,88.23
992,πλησίος,"near, close to",,43,88.24
993,ἰατρός,"one who heals, a mediciner, physician",,43,88.25
994,νοέω,"to perceive by the eyes, observe, notice",L,43,88.26
995,διακονέω,"to minister, serve, do service",L,43,88.27
996,βοάω,"to cry aloud, to shout",L,42,88.28
997,ἀπολαμβάνω,"to take away, receive one’s due, cut off",L,42,88.29
998,τιμωρία,"help, aid, assistance, succour",L,42,88.3
999,μεταπέμπω,to send after,L,42,88.31
1000,μηκέτι,"no more, no longer, no further",,42,88.32
1001,συγγενής,"born with, congenital, natural, in-born",,42,88.33
1002,ἐξαιρέω,to take out of,L,42,88.33
1003,κατασκευάζω,to equip,L,42,88.34
1004,ἔνδον,"in, within, in the house, at home",,42,88.35
1005,ἀρέσκω,"(to make good, make up), to please",L,42,88.36
1006,πολιτεύω,to live as a citizen,L,42,88.37
1007,ἀνδρεία,"manliness, manhood, manly spirit",,42,88.38
1008,βοῦς,cow,,42,88.39
1009,σωφροσύνη,"soundness of mind, moderation, discretion",,42,88.4
1010,φρόνιμος,"in one's right mind, in one's senses",L,42,88.41
1011,ἰάομαι,"to heal, cure",L,42,88.41
1012,μεστός,"full, filled, filled full",,42,88.42
1013,εὔχομαι,"to pray, offer prayers, pay one's vows, make a vow",L,42,88.43
1014,κλέπτω,"to steal, filch, purloin",L,42,88.44
1015,πορεία,"a walking, mode of walking",L,42,88.45
1016,λόχος,an ambush,,41,88.46
1017,προθυμέομαι,"to be ready, willing, eager, zealous to do",L,41,88.47
1018,κράτιστος,"strongest, mightiest",,41,88.48
1019,κενός,empty,L,41,88.49
1020,αὐτίκα,"forthwith, straightway, at once",,41,88.49
1021,ἐξευρίσκω,"to find out, discover",L,41,88.5
1022,ἀνάστασις,a raising up,,41,88.51
1023,ζημία,"loss, damage",,41,88.52
1024,πτωχός,one who crouches,,41,88.53
1025,κερδαίνω,"to gain, derive profit",L,41,88.54
1026,δεξιά,the right hand,L,41,88.55
1027,βασανίζω,"to put to the test, to torture",L,41,88.56
1028,κάμνω,"to work, toil, be sick",L,41,88.56
1029,βιβλίον,"a paper, scroll, letter",,41,88.57
1030,ἐγγίζω,"bring near, bring up to",L,41,88.58
1031,ἄκρον,"the highest or furthest point: mountain top, cape",L,41,88.59
1032,πάντοτε,"at all times, always",,41,88.6
1033,κοινωνία,"communion, association, partnership, fellowship",,41,88.61
1034,ἐπέρχομαι,come near; come upon; attack,L,40,88.62
1035,ὕστερος,"latter, last",,40,88.62
1036,συγχωρέω,"to come together, meet",L,40,88.63
1037,ζημιόω,to cause loss,L,40,88.64
1038,κατεργάζομαι,"to effect by labour, to achieve, accomplish",L,40,88.65
1039,καθαιρέω,to take down,L,40,88.66
1040,προσκαλέω,"to call to, call on, summon",L,40,88.67
1041,σπουδάζω,to make haste,L,40,88.68
1042,μνημονεύω,"to call to mind, remember",L,40,88.68
1043,ἐπιτάσσω,"to put upon one as a duty, to enjoin",L,40,88.69
1044,ἀσθενέω,"to be weak, feeble, sickly",L,40,88.7
1045,ἀρνέομαι,"to deny, disown",L,40,88.71
1046,λαγχάνω,"to obtain by lot, by fate, by the will of the gods",L,40,88.72
1047,περισσεύω,to be over and above,L,40,88.73
1048,φυλή,"a race, a tribe",L,40,88.74
1049,τετρακόσιοι,four hundred,,39,88.74
1050,ἀξιάω,( = ἀξιόω) consider worthy,L,39,88.75
1051,σπουδή,"haste, speed",,39,88.76
1052,ὑποστρέφω,"to turn round about, turn back",L,39,88.77
1053,δεσμός,"anything for binding, a band, bond",L,39,88.78
1054,ἀποπέμπω,to send off,L,39,88.79
1055,πρόφασις,"that which is alleged as the cause, an allegation, plea",,39,88.79
1056,ἐξίημι,"to send out, let",L,39,88.8
1057,εἰσίημι,to send into,L,39,88.81
1058,ἐλευθερόω,"to free, set free",L,39,88.82
1059,ἀνθρώπινος,belonging to mankind; human,,39,88.83
1060,ἔπος,a word,,39,88.84
1061,δυώδεκα,twelve,L,39,88.84
1062,δεῖπνον,the principal meal,L,39,88.85
1063,στρατεία,"an expedition, campaign",L,38,88.86
1064,ἀναπαύω,"to make to cease, to stop",L,38,88.87
1065,ἐκπλέω,"to sail out, sail away, weigh anchor",L,38,88.88
1066,ἰσχύς,strength,,38,88.88
1067,ἐνδεής,in need of; deficient,,38,88.89
1068,πεντήκοντα,fifty,,38,88.9
1069,πάρειμι2,"go past, march along, come forward",L,38,88.91
1070,πολεμικός,of or for war; skilled in war; hostile,L,38,88.92
1071,ἄτοπος,out of place,,38,88.93
1072,δωρεά,"a gift, present",,38,88.93
1073,ἀπαγορεύω,"to forbid; to give up, renounce",L,38,88.94
1074,σωτήρ,"a saviour, deliverer, preserver",,38,88.95
1075,ἐκδίδωμι,"to give up, surrender",L,38,88.96
1076,ὑπέχω,"to hold under, uphold; undergo, suffer, be accountable",L,38,88.97
1077,γαμέω,to marry,L,38,88.97
1078,τύπος,a blow,,38,88.98
1079,ἐπιστρέφω,"to turn about, turn round",L,38,88.99
1080,πωλέω,to exchange; to sell,L,38,89
1081,εὐχαριστέω,"to be thankful, return thanks",L,38,89.01
1082,κατάκειμαι,"to lie down, lie outstretched",L,38,89.01
1083,καυχάομαι,"to speak loud, be loud-tongued",L,38,89.02
1084,ἀποψηφίζομαι,to vote away from,L,38,89.03
1085,ἐραστής,a lover,,38,89.04
1086,πολιορκέω,"to hem in a city, blockade, beleaguer, besiege",L,37,89.05
1087,ἄκων,"a javelin, dart",L,37,89.05
1088,κλίνη,"that on which one lies, a couch",,37,89.06
1089,ἀείδω,to sing,L,37,89.07
1090,μυρίος,"numberless, countless, infinite",,37,89.08
1091,ἀνδρεῖος,of or for a man; courageous,,37,89.09
1092,βλασφημέω,to drop evil,L,37,89.09
1093,ἀθάνατος,"undying, immortal",L,37,89.1
1094,ἀπολιμπάνω,to leave,L,37,89.11
1095,ἐπιτηδεύω,to pursue,L,37,89.12
1096,ὁρίζω,to divide,L,37,89.13
1097,ἀναγκαῖον,"a place of constraint, a prison",,37,89.13
1098,φράζω,"to point out, shew, indicate",L,37,89.14
1099,θυμός,the soul,,37,89.15
1100,πλουτέω,"to be rich, wealthy",L,37,89.16
1101,τράπεζα,four-legged a table,,37,89.17
1102,διάβολος,"slanderous, backbiting",,37,89.17
1103,στρέφω,to turn about,L,37,89.18
1104,ἔλεος,"pity, mercy, compassion",,37,89.19
1105,ὑποτάσσω,to place,L,37,89.2
1106,εἶἑν,"well, quite so, very good",,37,89.2
1107,δικαστήριον,a court of justice,L,37,89.21
1108,ἁρμονία,a fastening,,37,89.22
1109,παρασκευή,preparation,L,36,89.23
1110,περιοράω,"to look over, overlook",L,36,89.24
1111,ἀδίκημα,"a wrong done, a wrong",L,36,89.24
1112,ἄπορος,without passage,,36,89.25
1113,ἀποδιδράσκω,to run away,L,36,89.26
1114,παίω,"to strike, smite",L,36,89.27
1115,γράμμα,"(drawing, scratch) letter, character, writing, document",L,36,89.27
1116,συνθήκη,a composition,L,36,89.28
1117,πέραν,"on the other side, across, beyond",,36,89.29
1118,ἐμποιέω,to make in,L,36,89.3
1119,παραλείπω,"to leave on one side, leave remaining",L,36,89.3
1120,ἦθος,"custom, character",,36,89.31
1121,γάμος,"a wedding, wedding-feast",L,36,89.32
1122,τίμιος,valued,L,36,89.33
1123,προσαγορεύω,"to address, greet, accost",L,36,89.34
1124,παράδειγμα,a pattern,L,36,89.34
1125,φυλάζω,to divide into tribes,L,36,89.35
1126,προσδοκάω,to expect,L,36,89.36
1127,φόνος,"murder, homicide, slaughter",L,36,89.37
1128,πίμπλημι,to fill full of,L,36,89.37
1129,γένεσις,"an origin, source, productive cause",L,36,89.38
1130,ἐκπορεύω,"to make to go out, fetch out",L,36,89.39
1131,μάχαιρα,a large knife,,36,89.4
1132,προσευχή,prayer,L,36,89.4
1133,διακονία,"the office of a διάκονος, service",,36,89.41
1134,περιτομή,circumcision,L,36,89.42
1135,ἐμπίπτω,to fall in,L,35,89.43
1136,διαιρέω,"to take one from another, to cleave in twain, to divide into parts",L,35,89.43
1137,ὠφέλιμος,"useful, advantageous, beneficial",L,35,89.44
1138,ὁπότερος,"which of two, whether of the twain",F,35,89.45
1139,ὑγιής,"sound, healthy, hearty, sound in",,35,89.46
1140,διακόσιοι,two hundred,,35,89.46
1141,ἀσθένεια,"want of strength, weakness, feebleness, sickliness",,35,89.47
1142,τριακόσιοι,three hundred,,35,89.48
1143,ἀπιστέω,"to disbelieve, distrust; to disobey",L,35,89.49
1144,ἥμισυς,half,,35,89.49
1145,πάθημα,"anything that befals one, a suffering, calamity, misfortune",L,35,89.5
1146,ἰδέα,form,,35,89.51
1147,ἀκοή,"a hearing, the sound heard",L,35,89.52
1148,μηνύω,"to disclose what is secret, reveal, betray",L,35,89.52
1149,μέτρον,that by which anything is measured,,35,89.53
1150,ἔπαινος,"approval, praise, commendation",,35,89.54
1151,διδαχή,teaching,L,35,89.55
1152,ἐνδείκνυμι,"to mark, point out",L,35,89.55
1153,παίζω,"to play like a child, to sport, play",L,35,89.56
1154,ἀτιμάζω,"to hold in no honour, to esteem lightly, dishonour, slight",L,35,89.57
1155,μεταβάλλω,"to throw into a different position, to turn quickly",L,35,89.58
1156,παρρησία,"freespokenness, openness, frankness",,35,89.58
1157,ἄσσα,"something, some",,35,89.59
1158,ἐρέω,"Epic: ask, enquire",L,35,89.6
1159,ἐνδύω,to go into,L,35,89.61
1160,λευκός,"light, bright, clear",,35,89.61
1161,ἱερεύς,"a priest, sacrificer",,35,89.62
1162,ἀνόσιος,"unholy, profane",,35,89.63
1163,θλῖψις,pressure,,35,89.64
1164,σκηνή,"a covered place, a tent",L,35,89.64
1165,διαθήκη,a disposition,,35,89.65
1166,φθάνω,"to come or do first, before others",L,34,89.66
1167,πλέος,full.,,34,89.67
1168,ἕξ,six,,34,89.67
1169,παραχρῆμα,"on the spot, forthwith, straightway",L,34,89.68
1170,ἀνίημι,"to send up; let go, abate",L,34,89.69
1171,στρατηγέω,to be general,L,34,89.69
1172,διάγω,to carry over,L,34,89.7
1173,ἰσχύω,to be strong,L,34,89.71
1174,συγγίγνομαι,to be with,L,34,89.72
1175,ὁμοιόω,to make like,L,34,89.72
1176,ἀποβλέπω,look steadily at,L,34,89.73
1177,κοινωνέω,to have or do in common with,L,34,89.74
1178,λίαν,"very, exceedingly",,34,89.75
1179,εὐδαιμονία,"prosperity, good fortune, wealth, weal, happiness",,34,89.75
1180,οἴκαδε,"to one's home, home, homewards",L,34,89.76
1181,δαιμόνιος,"of or belonging to a δαίμων; miraculous, marvellous",L,34,89.77
1182,διαλέγομαι,talk,L,34,89.77
1183,αἰτιάομαι,"to charge, accuse, censure, blame",L,34,89.78
1184,πάντως,altogether;,,34,89.79
1185,ἐντέλλω,"to enjoin, command",L,34,89.8
1186,γεύω,to give a taste of,L,34,89.8
1187,ἀποκαλύπτω,to uncover,L,34,89.81
1188,ὑποζύγιον,"a beast for the yoke, a beast of burden",L,34,89.82
1189,μετανοέω,to change one's mind,L,34,89.83
1190,οὐράνη,chamber-pot,,34,89.83
1191,ἀγοράζω,to be in the ἀγορά,L,34,89.84
1192,διάκονος,"a servant, waiting-man",,34,89.85
1193,δραχμή,a handful; a drachma,,34,89.85
1194,κόσμιος,"well-ordered, regular, moderate",,34,89.86
1195,ἀπεργάζομαι,"to finish off, turn out complete",L,34,89.87
1196,ὁτιοῦν,whatsoever,,33,89.88
1197,ἄσμενος,"well-pleased, glad",,33,89.88
1198,ἐντός,"within, inside",,33,89.89
1199,δουλόω,"to make a slave of, enslave",L,33,89.9
1200,ἐπαύω,to shout over,L,33,89.9
1201,εὐώνυμος,"of good name, left",,33,89.91
1202,καταστρέφω,"to turn down, trample on",L,33,89.92
1203,ἀφανίζω,"to make unseen, hide from sight",L,33,89.93
1204,πάτριος,"of one’s father, ancestral, native",L,33,89.93
1205,σταυρός,an upright pale,,33,89.94
1206,εἴσω,"to within, into",F,33,89.95
1207,πολιτικός,"of, for, related to citizen or statesman; civil, constitutional",L,33,89.95
1208,ἐπαγγέλλω,"to tell, proclaim, announce",L,33,89.96
1209,ῥέω,"to flow, run, stream, gush",L,33,89.97
1210,προΐστημι,set before,L,33,89.97
1211,λυσιτελέω,"to bring profit, gain",L,33,89.98
1212,χαλεπαίνω,"to be severe, sore, grievous",L,33,89.99
1213,τυραννίς,"kingly power, sovereignty",L,33,90
1214,ἐμβαίνω,to step in,L,33,90
1215,εἴδωλον,"an image, a phantom",,33,90.01
1216,ἔξωθεν,from without,,33,90.02
1217,ἀκάθαρτος,"uncleansed, unclean, impure",L,33,90.02
1218,θαυμάσιος,"wondrous, wonderful, marvellous",,33,90.03
1219,θόρυβος,"a noise, uproar, clamour",,32,90.04
1220,διασῴζω,to preserve through,L,32,90.04
1221,ταράσσω,"to stir, stir up, trouble",L,32,90.05
1222,ἀπορέω,[(Ion.) > ἀφοράω] [JT: so what should gloss be?],L,32,90.06
1223,κατακαίω,"to burn down, burn completely",L,32,90.06
1224,ἀναλαμβάνω,"to take up, take into one's hands",L,32,90.07
1225,ἐπιστολή,"a message, command, commission",,32,90.08
1226,νεώτερος,younger,,32,90.09
1227,ὑπακούω,"to listen, hearken, give ear",L,32,90.09
1228,σωφρονέω,to be sound of mind,L,32,90.1
1229,ἀπαντάω,to meet,L,32,90.11
1230,τέταρτος,fourth,,32,90.11
1231,ἀπολογία,"a speech in defence, defence",L,32,90.12
1232,θνητός,"liable to death, mortal",,32,90.13
1233,ἀναφέρω,"to bring up, bring back",L,32,90.13
1234,ἁπλόος,"single, simple",,32,90.14
1235,μεταδίδωμι,"to give part of, give a share of",L,32,90.15
1236,ἀπελαύνω,"to drive away, expel from",L,32,90.15
1237,οἰκέτης,"a house-slave, menial",L,32,90.16
1238,μυστήριον,a mystery,,32,90.17
1239,ποσός,of a certain quantity,F,32,90.17
1240,ἄττα,"form of address: ""father""",,32,90.18
1241,τρέχω,to run,L,32,90.19
1242,εὖρος,"breadth, width",,32,90.19
1243,τύπτω,"to beat, strike, smite",L,32,90.2
1244,πλήρης,filled,,32,90.21
1245,ποτήριον,"a drinking-cup, wine-cup",L,32,90.22
1246,ἀπογράφω,"to write off, copy: to enter in a list, register",L,32,90.22
1247,ὑπομονή,a remaining behind,L,32,90.23
1248,γυμναστικός,"fond of athletic exercises, skilled in them",L,32,90.24
1249,ἐρωτικός,amatory,,32,90.24
1250,εἰσβάλλω,"to throw into, put into",L,31,90.25
1251,ἑξήκοντα,sixty,,31,90.26
1252,λιμήν,"a harbour, haven, creek",,31,90.26
1253,τάχος,"swiftness, speed, fleetness, velocity",L,31,90.27
1254,ἥμερος,"tame, tamed, reclaimed",,31,90.28
1255,παρακελεύομαι,to order,L,31,90.28
1256,λογισμός,"a counting, reckoning, calculation, computation",,31,90.29
1257,μεταβολή,"a change, changing",,31,90.3
1258,στερέω,"to deprive, bereave, rob of",L,31,90.3
1259,πολεμόω,"to make hostile, make an enemy of",L,31,90.31
1260,ὀξύς2,"sharp, keen",,31,90.32
1261,ἐξαίφνης,suddenly,,31,90.32
1262,μισθόω,"to let out for hire, farm out, let",L,31,90.33
1263,πλεονεκτέω,to have or claim more than one’s share; to have an advantage,L,31,90.34
1264,προσάγω,to bring to,L,31,90.34
1265,δαίμων,god; divine power,L,31,90.35
1266,παντοδαπός,"of every kind, of all sorts, manifold",,31,90.35
1267,ἔκγονος,"born of, sprung from",,31,90.36
1268,ὀνειδίζω,to throw a reproach upon,L,31,90.37
1269,ὅποι,"to which place, whither",F,31,90.37
1270,ὑπηρέτης,(an under-rower); a servant,,31,90.38
1271,γυμνός,"naked, unclad",L,31,90.39
1272,ῥίπτω,"to throw, cast, hurl",L,31,90.39
1273,ἥδομαι,"to enjoy oneself, take delight, take one's pleasure",L,31,90.4
1274,τελειόω,"to make perfect, complete",L,31,90.41
1275,ψεῦδος,"a falsehood, untruth, lie",L,31,90.41
1276,πέτρα,"a rock, a ledge",,31,90.42
1277,εὐλογέω,"to speak well of, praise, honour",L,31,90.43
1278,ἀρνίον,a little lamb; a sheep-skin,,31,90.43
1279,διαβολή,"false accusation, slander, calumny",,31,90.44
1280,προσδέχομαι,"to receive favourably, accept",L,30,90.45
1281,τιτρώσκω,to wound,L,30,90.45
1282,ἐμβάλλω,"to throw in, put in",L,30,90.46
1283,αἰσχύνη,"shame done one, disgrace, dishonour",L,30,90.47
1284,ἐναντιόομαι,"to set oneself against, oppose, withstand",L,30,90.47
1285,ἐπιβάλλω,to throw,L,30,90.48
1286,δίς,"twice, doubly",,30,90.49
1287,εὔνοια,"good-will, favour, kindness",L,30,90.49
1288,μέμφομαι,"to blame, censure, find fault with",L,30,90.5
1289,καταγιγνώσκω,"to remark, discover",L,30,90.5
1290,γενναῖος,"noble, excellent",L,30,90.51
1291,ὑπηρετέω,"to do service on board ship, to do rower's service",L,30,90.52
1292,ἄχρηστος,"useless, unprofitable, unserviceable",,30,90.52
1293,φροντίζω,"to think, consider, reflect, take thought, have a care, give heed",L,30,90.53
1294,μῦθος,"anything, delivered by word of mouth, word, speech",,30,90.54
1295,τεός,"᾽= σός, 'your'",,30,90.54
1296,ἀνατίθημι,"dedicate, refer",L,30,90.55
1297,ἱππεύω,to be a horseman,L,30,90.56
1298,ἰχθύς,a fish,,30,90.56
1299,ἄγριος,"(living in the fields) wild, savage, harsh",L,30,90.57
1300,δειπνέω,to make a meal,L,30,90.58
1301,ἄχθομαι,to be loaded; to be annoyed,L,30,90.58
1302,ἄθλιος,"winning the prize, struggling, wretched",L,30,90.59
1303,συντίθημι,to put together,L,29,90.59
1304,ἀποβάλλω,to throw off,L,29,90.6
1305,περιγίγνομαι,to be superior to; to survive,L,29,90.61
1306,ἐκφέρω,to carry out of,L,29,90.61
1307,διακρίνω,to separate one from another,L,29,90.62
1308,διαφεύγω,"to flee through, get away from, escape",L,29,90.63
1309,στρατοπεδεύω,"to encamp, bivouac, take up a position",L,29,90.63
1310,ἀποπλέω,"to sail away, sail off",L,29,90.64
1311,πονέω,"to work hard, do work, suffer toil",L,29,90.64
1312,οἷ2,whither; where (to),F,29,90.65
1313,μηχανάομαι,"to prepare, make ready",L,29,90.66
1314,προσποιέω,"to make over to; mid. procure, pretend",L,29,90.66
1315,παράκλησις,"a calling to one's aid, summons",L,29,90.67
1316,δέος,"fear, alarm",,29,90.67
1317,κατάγω,to lead down,L,29,90.68
1318,σπεύδω,"to set a-going, to urge on, hasten, quicken",L,29,90.69
1319,ποιητέος,to be made,L,29,90.69
1320,γέφυρα,"a dyke, dam",,29,90.7
1321,πανταχοῦ,everywhere,,29,90.71
1322,ψήφισμα,a proposition carried by vote,L,29,90.71
1323,ἐξελέγχω,"to convict, confute, refute",L,29,90.72
1324,φθέγγομαι,to utter a sound,L,29,90.72
1325,κοσμέω,"to order, arrange",L,29,90.73
1326,ἀνόητος,"not thought on, unheard of; senseless, silly",,29,90.74
1327,ἐγκωμιάζω,to praise,L,29,90.74
1328,πάντῃ,"every way, on every side",,29,90.75
1329,ἐκφεύγω,to flee out,L,29,90.76
1330,μεταλαμβάνω,to have or get a share of,L,29,90.76
1331,κοιμάω,to lull,L,29,90.77
1332,κρύπτω,"to hide, cover, cloak",L,29,90.77
1333,ἔνθεν,whence; thence,,29,90.78
1334,πεινάω,"to be hungry, suffer hunger, be famished",L,29,90.79
1335,σκανδαλίζω,"to make to stumble, give offence to",L,29,90.79
1336,καθαρίζω,"to make clean, to cleanse",L,29,90.8
1337,ἐκραίνω,"to scatter out of, make to fall in drops from",L,29,90.8
1338,πάσχα,Passover,,29,90.81
1339,γνωρίζω,"to make known, point out, explain",L,29,90.82
1340,ἐνίοτε,sometimes,,29,90.82
1341,θυμοειδής,"high-spirited, courageous",,29,90.83
1342,ἐπιγίγνομαι,"to be born after, come into being after",L,28,90.84
1343,συμμαχέω,"to be an ally, to be in alliance",L,28,90.84
1344,προθυμία,"readiness, willingness, eagerness, zeal",L,28,90.85
1345,καταφεύγω,to flee for refuge,L,28,90.85
1346,προσλαμβάνω,to take or receive in addition,L,28,90.86
1347,ἀκρόπολις,the upper city,L,28,90.87
1348,αὐτόθι,on the spot,,28,90.87
1349,ἐκλείπω,"to leave out, omit, pass over",L,28,90.88
1350,ἄνωθεν,"from above, from on high",,28,90.88
1351,ὕβρις,"wantonness, wanton violence",L,28,90.89
1352,συχνός,long,,28,90.89
1353,ἐθίζω,"to accustom, use",L,28,90.9
1354,τυραννεύω,"to be a monarch, an absolute ruler",L,28,90.91
1355,κριτής,"a decider, judge, umpire",,28,90.91
1356,λοιδορέω,"to abuse, revile",L,28,90.92
1357,βιόω,"to live, pass one's life",L,28,90.92
1358,προάγω,"to lead forward, on, onward",L,28,90.93
1359,θεοφιλής,"dear to the gods, highly favoured",,28,90.94
1360,ὑπολείπω,to leave remaining,L,28,90.94
1361,ἐνθένδε,"hence, from this quarter",,28,90.95
1362,παράγω,to lead by,L,28,90.95
1363,χρυσίον,a piece of gold,L,28,90.96
1364,ἁγιάζω,"hallow, make sacred",L,28,90.97
1365,προφητεύω,to be an interpreter,L,28,90.97
1366,ποιμήν,"herdsman, shepherd",L,28,90.98
1367,ἀναβλέπω,to look up,L,28,90.98
1368,νεανίσκος,a youth,,28,90.99
1369,πληγή,"a blow, stroke",,28,91
1370,πνευματικός,"of spirit, spiritual",L,28,91
1371,φάλαγξ,"a line of battle, battle-array",,28,91.01
1372,μειράκιον,"a boy, lad, stripling",,28,91.01
1373,θάσσων,"quicker, swifter",,27,91.02
1374,ναυμαχία,a sea-fight,L,27,91.03
1375,φείδομαι,to spare,L,27,91.03
1376,μηχανή,"an instrument, machine",,27,91.04
1377,ἐκπέμπω,to send out,L,27,91.04
1378,κρέας,"flesh, meat, a piece of meat",,27,91.05
1379,ἀρκέω,to ward off; to be sufficient,L,27,91.05
1380,συμμαχία,an alliance offensive and defensive,L,27,91.06
1381,ἀπαιτέω,"to demand back, demand",L,27,91.07
1382,κράτος,"strength, might",,27,91.07
1383,διατάσσω,to appoint,L,27,91.08
1384,ἔθος,"custom, habit",,27,91.08
1385,πρόειμι,go forward,L,27,91.09
1386,νέμω,"to deal out, distribute, dispense",L,27,91.1
1387,ὁμολογία,agreement,L,27,91.1
1388,ἀποτρέπω,"to turn away from, dissuade",L,27,91.11
1389,πη,"[Dor. in some way, somehow]",F,27,91.11
1390,ἐκτείνω,to stretch out,L,27,91.12
1391,προέρχομαι,"to go forward, go on, advance",L,27,91.12
1392,ἀσεβέω,"to be impious, to act profanely, sin against the gods",L,27,91.13
1393,ἄπειρος,"without trial, inexperienced",,27,91.14
1394,τηλικοῦτος,"of such an age, of such a magnitude",,27,91.14
1395,εὐδοκιμέω,"to be of good repute, to be held in esteem, honoured, famous, popular",L,27,91.15
1396,ὑφή,a web [JT: or clothes],,27,91.15
1397,ἅπαξ,once,,27,91.16
1398,θησαυρός,"a store laid up, treasure",,27,91.16
1399,μαίνομαι,"to rage, be furious",L,27,91.17
1400,ἄρσην,male,,27,91.18
1401,ἐκβαίνω,to step out of,L,27,91.18
1402,ἄτιμος,"unhonoured, dishonoured",L,27,91.19
1403,βαστάζω,"to lift, lift up, raise",L,27,91.19
1404,κρίμα,"decision, judgement",,27,91.2
1405,νεφέλη,a cloud,,27,91.2
1406,χήρα,"bereft of a husband, a widow",,27,91.21
1407,γνῶσις,"a (judicial) inquiry, knowledge",L,27,91.22
1408,καταργέω,to leave unemployed,L,27,91.22
1409,συνείδησις,self-consciousness: conscience,,27,91.23
1410,θέρος,"summer, summertime; harvest, crop",,26,91.23
1411,λιμός,"hunger, famine",,26,91.24
1412,τοξότης,"a bowman, archer",,26,91.24
1413,προσδέω2,to need besides,L,26,91.25
1414,σιτίον,"grain, corn: food made from grain, bread",L,26,91.26
1415,ψευδής,"lying, false",L,26,91.26
1416,δρόμος,"a course, running, race",,26,91.27
1417,ψιλός,"bare, stripped; (soldier) without heavy armor, light troops",L,26,91.27
1418,δισχίλιοι,two thousand,,26,91.28
1419,οἰκίζω,to found as a colony,L,26,91.28
1420,παραπλήσιος,"coming near, nearly resembling, such-like",L,26,91.29
1421,στέφανος,that which surrounds,L,26,91.29
1422,παρουσία,"a being present, presence",L,26,91.3
1423,ὑπερβάλλω,to throw over,L,26,91.31
1424,κατηγορία,"an accusation, charge",,26,91.31
1425,μείγνυμι,"to mix, mix up, mingle, properly of liquids",L,26,91.32
1426,φθονέω,to bear ill-will,L,26,91.32
1427,ζηλόω,"to rival, vie with, emulate",L,26,91.33
1428,ὑπερβολή,a throwing beyond,L,26,91.33
1429,ποίησις,"a making, fabrication, creation, production",L,26,91.34
1430,περιμένω,"to wait for, await",L,26,91.34
1431,τυραννικός,"of or for a tyrant, befitting a tyrant, in favor of tyranny",L,26,91.35
1432,ἀσθενόω,to weaken,L,26,91.36
1433,προτίθημι,"to place before, to propose, to prefer",L,26,91.36
1434,ἄφρων,without sense,,26,91.37
1435,ἄρον,"cuckoo-pint, Arum italicum",,26,91.37
1436,ἀποφεύγω,"to flee from, escape",L,26,91.38
1437,ὗς,wild swine,,26,91.38
1438,ἱππικός,of a horse,,26,91.39
1439,βουκόλος,"a cowherd, herdsman",,26,91.39
1440,ποικίλος,"many-coloured, spotted, mottled, pied, dappled",L,26,91.4
1441,ἐκχέω,to pour out,L,26,91.4
1442,φώς,a man,,26,91.41
1443,ῥυθμός,"measured motion, time, rhythm",L,26,91.42
1444,κομιδῇ,"exactly, just",,26,91.42
1445,ἡσυχάζω,"to be still, keep quiet, be at rest",L,25,91.43
1446,περιίστημι,to place round,L,25,91.43
1447,πορίζω,"to carry: to bring about, to furnish, provide, supply, procure, cause",L,25,91.44
1448,προσπίπτω,"to fall upon, strike against",L,25,91.44
1449,ῥώμη,"bodily strength, strength, might",,25,91.45
1450,κατατίθημι,"to place, put",L,25,91.45
1451,ἐκεῖσε,"thither, to that place",,25,91.46
1452,ἐπίκουρος,"an assister, ally",,25,91.46
1453,κτείνω,"to kill, slay",L,25,91.47
1454,καρπόω,to bear fruit,L,25,91.47
1455,λίμνη,a pool of standing water; a lake,,25,91.48
1456,ἐκτίνω,"to pay off, pay in full",L,25,91.49
1457,κτῆσις,acquisition,,25,91.49
1458,ὑψηλός,"high, lofty, high-raised",,25,91.5
1459,ἀνάθημα,a votive offering set up,L,25,91.5
1460,καταγελάω,"to laugh at, jeer",L,25,91.51
1461,τάχα,"(Homer, later rare) quickly, presently; (post-Homer) perhaps",L,25,91.51
1462,βασίλειος,"of the king, kingly, royal",L,25,91.52
1463,σχολή,"spare time, leisure, rest, ease; σχολῇ scarcely",,25,91.52
1464,ὠνέομαι,"to buy, purchase",L,25,91.53
1465,νέω,to swim,L,25,91.53
1466,ἐμπίμπλημι,fill quite full,L,25,91.54
1467,παρατίθημι,to place beside,L,25,91.54
1468,συγκαλέω,"to call to council, convoke, convene",L,25,91.55
1469,ὄναρ,"a dream, vision in sleep",,25,91.55
1470,ἀστήρ,star,,25,91.56
1471,συνέδριον,"a body of men assembled in council, a council-board, council",,25,91.57
1472,πορνεία,"fornication, prostitution",L,25,91.57
1473,αὔριον,to-morrow,,25,91.58
1474,κατανοέω,"to observe well, to understand",L,25,91.58
1475,βαρύς,heavy,,25,91.59
1476,νή,(yes) by..,,25,91.59
1477,ἀπειθέω,"to be disobedient, refuse compliance",L,25,91.6
1478,ἔστε,"up to the time that, until",,25,91.6
1479,ἀποχωρέω,to go from,L,24,91.61
1480,πιέζω,"to press, squeeze; oppress, distress",L,24,91.61
1481,προσβάλλω,to strike,L,24,91.62
1482,λοχέος,an ambush,,24,91.62
1483,περίειμι,"be superior, survive, be left over",L,24,91.63
1484,κυβερνήτης,"a steersman, helmsman, pilot",,24,91.63
1485,ἐπιφέρω,"to bring, put",L,24,91.64
1486,σπένδω,"to pour a libation, (mid.) to make a treaty",L,24,91.64
1487,προσίημι,to send to,L,24,91.65
1488,ἀφοράω,to look away from,L,24,91.65
1489,ἐπιπίπτω,to fall upon,L,24,91.66
1490,ἐξίστημι,"to put out of its place, to change",L,24,91.66
1491,προπέμπω,"to send before, send on",L,24,91.67
1492,ἀθρόος,in crowds,L,24,91.67
1493,ἐφέπω,"to go after, follow, pursue",L,24,91.68
1494,μεθίστημι,"to place in another way, to change",L,24,91.68
1495,ἄμαξα,"a wagon, wain",,24,91.69
1496,ὀρός,the watery or serous part of milk,,24,91.7
1497,ἐπιτελέω,"to complete, finish, accomplish",L,24,91.7
1498,νόμιμος,"conformable to custom, usage",,24,91.71
1499,κτίζω,to found,L,24,91.71
1500,πρόκειμαι,to be set before one,L,24,91.72
1501,φῖλος,[> φιλία friendship],L,24,91.72
1502,τέως,"so long, meanwhile, the while",,24,91.73
1503,πότε,when? at what time?,F,24,91.73
1504,χωρίζω,"to separate, part, sever, divide",L,24,91.74
1505,ἀμείβω,"change, alternate, respond",L,24,91.74
1506,χαλκοῦς,a copper coin,,24,91.75
1507,ἀποδημέω,"to be away from home, be abroad",L,24,91.75
1508,ἴσχω,"to hold, check, curb, keep back, restrain",L,24,91.76
1509,ὀρύσσω,to dig,L,24,91.76
1510,μοῖρα,"a part, portion; fate",,24,91.77
1511,σής,a moth,,24,91.77
1512,γόνυ,the knee,,24,91.78
1513,ἐλαία,the olive-tree,,24,91.78
1514,διψάω,to thirst,L,24,91.79
1515,κλέπτης,a thief,,24,91.79
1516,ἐκτός,outside,,24,91.8
1517,χιών,snow,,24,91.8
1518,αἴσθησις,perception by the senses,L,24,91.81
1519,ἀνδράποδον,"one taken in war and sold as a slave, a captive",,24,91.81
1520,διαφερόντως,"differently from, at odds with",,24,91.82
1521,ἐπίκειμαι,"lie on, to be closed, to lie nearby (off the coast of)",L,23,91.82
1522,κλείω,"to shut, close, bar",L,23,91.83
1523,παραβαίνω,"(go beside) overstep, transgress, violate",L,23,91.83
1524,μέσης,a wind between,,23,91.84
1525,ἐφίζω,to set upon,L,23,91.84
1526,ἄκρος,at the furthest point,L,23,91.85
1527,παραινέω,"to exhort, recommend, advise",L,23,91.85
1528,ἔμπειρος,experienced,,23,91.86
1529,βίαιος,"forcible, violent",,23,91.86
1530,περίειμι2,go around,L,23,91.87
1531,πεντακόσιοι,five hundred,,23,91.87
1532,καθίημι,"to send down, let fall",L,23,91.88
1533,κεφάλαιος,of the head,,23,91.88
1534,ἀμαθία,ignorance,L,23,91.89
1535,πείρω,"to pierce quite through, fix",L,23,91.89
1536,φοβερός,fearful,L,23,91.9
1537,διαφορά,"difference, distinction",,23,91.9
1538,ἄνομος,"without law, lawless",,23,91.91
1539,ἀκροάομαι,"to hearken to, listen to",L,23,91.91
1540,πλήσσω,"to strike, smite",L,23,91.92
1541,παντελής,"all-complete, absolute, complete, entire",,23,91.92
1542,διατελέω,"to bring quite to an end, accomplish",L,23,91.93
1543,εὐσέβεια,"reverence towards the gods, piety, religion",L,23,91.93
1544,δυστυχέω,"to be unlucky, unhappy, unfortunate",L,23,91.94
1545,ἄριστον,"the morning meal, breakfast",,23,91.94
1546,ἐξετάζω,to examine well,L,23,91.95
1547,καταδουλόω,"to reduce to slavery, enslave",L,23,91.95
1548,φιλότιμος,"loving honour, covetous of honour, ambitious, emulous",L,23,91.96
1549,πρᾶος,"mild, soft, gentle, meek",,23,91.96
1550,ἀνομία,lawlessness,L,23,91.97
1551,ἡνίκα,"at which time, when",,23,91.97
1552,ἀπεχθάνομαι,"to be hated, incur hatred, be roused to hatred",L,23,91.97
1553,ἐπιτυγχάνω,to hit the mark,L,23,91.98
1554,ἀνάξιος,"unworthy, not deemed",,23,91.98
1555,δεσμωτήριον,a prison,L,23,91.99
1556,ἀμπελών,a vineyard,,23,91.99
1557,γρηγορέω,to be awake,L,23,92
1558,χιλιάς,"the number one thousand, a thousand",,23,92
1559,πλάσσω,"to form, mould, shape",L,23,92.01
1560,τείνω,to stretch,L,23,92.01
1561,πενία,"poverty, need",,23,92.02
1562,ὀλιγαρχικός,"oligarchical, of, for",L,23,92.02
1563,πλόος,"a sailing, voyage",L,22,92.03
1564,ἐπιμένω,"to stay on, tarry",L,22,92.03
1565,ἐπέχω,to hold on; hold out; hold back; adjourn; occupy,L,22,92.04
1566,στενός,"narrow, strait",,22,92.04
1567,εὐεργεσία,well-doing,L,22,92.05
1568,διαλύω,"to loose one from another, to part asunder, undo",L,22,92.05
1569,ἔγκλημα,"an accusation, charge, complaint",,22,92.06
1570,ἑβδομήκοντα,seventy,,22,92.06
1571,βρῶμα,"that which is eaten, food, meat",L,22,92.07
1572,φυλακός,guard,L,22,92.07
1573,ὀξύς,"wood sorrel, Oxalis Acetosella",,22,92.08
1574,διαγιγνώσκω,"to distinguish, discern",L,22,92.08
1575,κέρδος,"gain, profit, advantage",,22,92.08
1576,νίκη,victory,,22,92.09
1577,συμπέμπω,to send with,L,22,92.09
1578,ἀνθίστημι,to set against,L,22,92.1
1579,ἐφοράω,"to oversee, observe, survey",L,22,92.1
1580,προΐημι,"send forth, send forward; abandon",L,22,92.11
1581,διαρπάζω,to tear in pieces,L,22,92.11
1582,τελευτή,"a finishing, completion, accomplishment",,22,92.12
1583,κραυγή,"a crying, screaming, shrieking, shouting",,22,92.12
1584,ἐξαρκέω,"to be quite enough for, suffice for",L,22,92.13
1585,ἔνοχος,held in,,22,92.13
1586,παραδέχομαι,to receive from,L,22,92.14
1587,χάλκεος,of copper,,22,92.14
1588,πατρῷος,of or belonging to the father,L,22,92.15
1589,δάκτυλος,a finger,,22,92.15
1590,σχῆμα,"form, figure, appearance",,22,92.16
1591,θῆλυς,female,,22,92.16
1592,κατακλίνω,to lay down,L,22,92.16
1593,ὑγιαίνω,"to be sound, healthy",L,22,92.17
1594,ἐπάνω,"above, atop, on the upper side",F,22,92.17
1595,πηγή,"running waters, streams",,22,92.18
1596,θεραπεία,"a waiting on, service",,22,92.18
1597,ἀποδοκιμάζω,"to reject on scrutiny, to reject for want of qualification",L,22,92.19
1598,μετάνοια,"after-thought, repentance",L,22,92.19
1599,εὐδοκέω,to be well pleased,L,22,92.2
1600,θερίζω,"to do summer-work, to mow, reap",L,22,92.2
1601,κοπιάω,"to be tired, grow weary",L,22,92.21
1602,κοιλία,"the large cavity of the body, the belly",,22,92.21
1603,διδασκαλία,"teaching, instruction, education",L,22,92.22
1604,ἐκλεκτός,"picked out, select",,22,92.22
1605,γέμω,to be full,L,22,92.23
1606,σάλπιγξ,"a war-trumpet, trump",,22,92.23
1607,γνωστός,"known, to be known",L,22,92.24
1608,συκοφαντέω,"to accuse falsely, slander, calumniate",L,22,92.24
1609,νομοθετέω,to make law,L,22,92.24
1610,παιδικά,boyfriend,L,22,92.25
1611,γῆρας,old age,,22,92.25
1612,ψέγω,"to blame, censure",L,22,92.26
1613,μίμησις,imitation,,22,92.26
1614,ἐπάγω,to bring on,L,21,92.27
1615,πρόσειμι,be there (in addition),L,21,92.27
1616,κοινόω,"to make common, communicate, impart",L,21,92.28
1617,ἐτάζω,"to examine, test",L,21,92.28
1618,προσδέω,to bind on,L,21,92.29
1619,ἐπιδίδωμι,to give besides,L,21,92.29
1620,κόπτω,"to strike, smite, knock down",L,21,92.29
1621,ἐμμένω,to abide in,L,21,92.3
1622,λέων,a lion,,21,92.3
1623,νεωστί,"lately, just now",,21,92.31
1624,τρίς,"thrice, three times",L,21,92.31
1625,λῃστής,"a robber, plunderer",,21,92.32
1626,φθόνος,"ill-will, envy, jealousy",,21,92.32
1627,ἐγκαλέω,to call in; bring a charge or accusation,L,21,92.33
1628,τέρας,"a sign, wonder, marvel",,21,92.33
1629,ἀπολαύω,to have enjoyment of,L,21,92.33
1630,οἴκοι,"at home, in the house",L,21,92.34
1631,καταμανθάνω,"to observe well, examine closely",L,21,92.34
1632,κήδω,"to trouble, distress, vex; mid. care for",L,21,92.35
1633,μνήμη,"a remembrance, memory, record",,21,92.35
1634,ἐπιλανθάνομαι,to forget,L,21,92.36
1635,καταλέγω,"recount, tell at length and in order",L,21,92.36
1636,ὄνειδος,"reproach, censure, blame",,21,92.37
1637,γελάω,to laugh,L,21,92.37
1638,ῥήτωρ,"a public speaker, pleader",,21,92.38
1639,νομοθέτης,a lawgiver,,21,92.38
1640,λαμπρός,"bright, brilliant, radiant",,21,92.38
1641,χῶρος,"a piece of ground, ground, place",,21,92.39
1642,χιτών,"the garment worn next the skin, a frock",,21,92.39
1643,μεθίημι,"to let go, let loose, release",L,21,92.4
1644,χρηστήριον,an oracle,L,21,92.4
1645,ἀπιστία,"disbelief, distrust, mistrust",L,21,92.41
1646,φονεύω,"to murder, kill, slay",L,21,92.41
1647,ὄμμα,the eye,,21,92.42
1648,νέω3,"to heap, pile, heap up",L,21,92.42
1649,μετρέω,to measure in any way,L,21,92.42
1650,ὄνος,an ass,,21,92.43
1651,ἀνάβασις,"a going up, mounting",,21,92.43
1652,παρθένος,"a maid, maiden, virgin, girl",,21,92.44
1653,βάπτισμα,baptism,L,21,92.44
1654,ὡσεί,"just as if, as though",,21,92.45
1655,ὑποκριτής,"an interpreter, actor",L,21,92.45
1656,πειρασμός,"trial, temptation",L,21,92.46
1657,μεριμνάω,"to care for, be anxious about, think earnestly upon, scan minutely",L,21,92.46
1658,μαρτύριον,"a testimony, proof",,21,92.46
1659,ἐνεργέω,"to be in action, to operate",L,21,92.47
1660,μεθύω,to be drunken with wine,L,21,92.47
1661,χιλίαρχος,"the commander of a thousand men, a chiliarch",,21,92.48
1662,ὁμιλέω,"to be in company with, consort with",L,21,92.48
1663,μιμητής,"an imitator, copyist",,21,92.49
1664,σκηνέω,to be or dwell in a tent,L,21,92.49
1665,μάντις,"one who divines, a seer, prophet",,21,92.5
1666,ὀπισθοφύλαξ,one who guards the rear,,21,92.5
1667,ἀτεχνής,"unskilled, adv. ἀτεχνῶς simply",,21,92.51
1668,ἀτεχνῶς,simply,,21,92.51
1669,ἄτεχνος,"without art, ignorant of the rules of art, unskilled, empirical",,21,92.51
1670,ἀτέχνως,"without rules of art, empirically",,21,92.52
1671,λογιστικός,skilled,,21,92.52
1672,δημεύω,"to declare public property, to confiscate",L,21,92.53
1673,φυγάς,"one who flees, exile, fugitive",L,20,92.53
1674,δαπανάω,to spend,L,20,92.54
1675,πρωΐ,"early in the day, at morn",,20,92.54
1676,καίπερ,"although, albeit",,20,92.54
1677,τρόπαιον,a trophy,,20,92.55
1678,χειρόω,"master, subdue",L,20,92.55
1679,διαλλάσσω,"to change one with another, interchange",L,20,92.56
1680,ἀντεῖπον,to speak against,,20,92.56
1681,ἀσκός,"a leathern-bag, a wine-skin",,20,92.57
1682,μεταμέλομαι,"feel repentance, regret",L,20,92.57
1683,ἀναστρέφω,"to turn upside down, upset",L,20,92.57
1684,ἀραρίσκω,"to join, join together, fasten",L,20,92.58
1685,ἄλλοτε,"at another time, at other times",,20,92.58
1686,τοξεύω,to shoot with the bow,L,20,92.59
1687,ὑποπτεύω,to be suspicious,L,20,92.59
1688,ἑξακόσιοι,six hundred,,20,92.6
1689,θορυβέω,to make a noise,L,20,92.6
1690,δειλός,"cowardly, craven",,20,92.6
1691,βεβαιόω,"to make firm, confirm, establish, secure, warrant, make good",L,20,92.61
1692,πέμπτος,"the fifth, oneself with four others",,20,92.61
1693,ἕνδεκα,"eleven; the Eleven, police commissioners at Athens",L,20,92.62
1694,ἡγεμονία,"a leading the way, going first",,20,92.62
1695,ἀποφέρω,to carry off,L,20,92.63
1696,βωμός,"any raised platform, a stand",,20,92.63
1697,ἁρπαγή,"seizure, rapine, robbery, rape",,20,92.63
1698,χρηματίζω,"to negotiate, transact business, have dealings",L,20,92.64
1699,ταπεινός,low,,20,92.64
1700,νόσημα,"a sickness, disease, plague",,20,92.65
1701,αἵρεσις,a taking especially,L,20,92.65
1702,λατρεύω,to work for hire,L,20,92.66
1703,τέμνω,"to cut, hew",L,20,92.66
1704,ἕκτος,sixth,,20,92.66
1705,ἀνάκειμαι,to be laid up,L,20,92.67
1706,θέα,"a seeing, looking at, view",,20,92.67
1707,δίαιτα,"a way of living, mode of life",,20,92.68
1708,ὕπνος,"sleep, slumber",,20,92.68
1709,μεταβαίνω,to pass over from one place to another,L,20,92.69
1710,αὐλή,court,,20,92.69
1711,ὑστερέω,"to be behind, come late",L,20,92.69
1712,ἐξαιτέω,to demand,L,20,92.7
1713,περιφέρω,to carry round,L,20,92.7
1714,πλέθρον,"a plethron, = 100 feet long, or 10,000 square feet",,20,92.71
1715,βάθος,depth,,20,92.71
1716,ῥίζα,a root,,20,92.72
1717,ἐκκόπτω,"to cut out, knock out",L,20,92.72
1718,νηστεύω,to fast,L,20,92.72
1719,σκιά,a shadow,,20,92.73
1720,παράπτωμα,"a false step, a transgression, trespass",L,20,92.73
1721,θλίβω,"to press, squeeze, pinch",L,20,92.74
1722,νυμφίος,"a bridegroom, one lately married",,20,92.74
1723,κόπος,"a striking, beating",,20,92.75
1724,δόγμα,"that which seems to one, an opinion, dogma",L,20,92.75
1725,σκηνόω,"to pitch tents, encamp",L,20,92.75
1726,καταγγέλλω,"to denounce, betray",L,20,92.76
1727,ἀκροβυστία,the foreskin,L,20,92.76
1728,ἐπίγνωσις,full knowledge,,20,92.77
1729,βαδίζω,"to go slowly, to walk",L,20,92.77
1730,λεκτέος,to be said,,20,92.77
1731,ὄργανον,"an organ, instrument, tool, for making",L,20,92.78
1732,διάφορος,"different, unlike",,19,92.78
1733,ὑποχωρέω,"to go back, retire, recoil",L,19,92.79
1734,ὑφίστημι,"to place under; mid. to submit, to promise",L,19,92.79
1735,ἠώς,"the morning red, daybreak, dawn",,19,92.8
1736,διΐστημι,"set apart, separate",L,19,92.8
1737,μόλις,"barely, scarcely",,19,92.8
1738,εἰκάζω,"to make like to, represent by a likeness, portray",L,19,92.81
1739,ὀϊστός,arrow,,19,92.81
1740,ἱδρύω,"to make to sit down, to seat",L,19,92.82
1741,ἀδεής,"without fear, fearless; causing no fear",L,19,92.82
1742,ποι,somewhither,F,19,92.82
1743,ποῖ,"whither? (i.e., in what direction?)",F,19,92.83
1744,ἀνθρώπειος,"of man, of mankind",,19,92.83
1745,ἐπιβουλή,a plan against,,19,92.84
1746,προεῖπον,to tell,L,19,92.84
1747,στεφανόω,"to wreathe, to crown",L,19,92.84
1748,καθαίρω,to make pure,L,19,92.85
1749,ὑποδείκνυμι,to shew secretly,L,19,92.85
1750,πεμπτός,sent,L,19,92.86
1751,σύνειμι2,come together,L,19,92.86
1752,σιωπάω,to be silent,L,19,92.86
1753,φιλοσοφέω,"to love knowledge, pursue it, philosophise",L,19,92.87
1754,πλεονεξία,"greediness, assumption, arrogance",,19,92.87
1755,ἀργός2,"not working the ground, living without labour",,19,92.88
1756,συνουσία,"a being with, social intercourse, society, conversation, communion",L,19,92.88
1757,μυριάς,"a number of ten thousand, myriad",,19,92.88
1758,καταισχύνω,"to disgrace, dishonour, put to shame",L,19,92.89
1759,ὄλεθρος,"ruin, destruction, death",,19,92.89
1760,φονεύς,"a murderer, slayer, homicide",L,19,92.9
1761,βλάβη,"hurt, harm, damage",L,19,92.9
1762,περαίνω,"to bring to an end, finish, accomplish, execute",L,19,92.9
1763,παραιτέομαι,to beg from,L,19,92.91
1764,θεά,a goddess,,19,92.91
1765,ἀρόω,to plough,L,19,92.92
1766,πῃ,"in some way, somehow",F,19,92.92
1767,χαλκός,copper,,19,92.93
1768,φιάλη,"a broad, flat vessel, a bowl",,19,92.93
1769,νέω2,to spin,L,19,92.93
1770,τάφος,"a burial, funeral",,19,92.94
1771,ἐσθής,"dress, clothing, raiment",,19,92.94
1772,κλῆρος,"lot, casting of lots, allotment",,19,92.95
1773,ἑσπέρα,"evening, eventide, eve",,19,92.95
1774,ἐρύω2,"protect, guard",L,19,92.95
1775,ὕω,"to send rain, to rain",L,19,92.96
1776,συκῆ,the fig-tree,L,19,92.96
1777,ὑπόδημα,"sandal, shoe",L,19,92.97
1778,μοιχεύω,to commit adultery with,L,19,92.97
1779,πλήρωμα,a full measure; crew,,19,92.97
1780,μαλακός,soft,,19,92.98
1781,προφητεία,the gift of interpreting the will of the gods,L,19,92.98
1782,πατάσσω,"to beat, knock",L,19,92.99
1783,κτίσις,"a founding, foundation",,19,92.99
1784,μαθητός,"learnt, that may be learnt",,19,92.99
1785,ὄντως,"really, actually > εἰμί",,19,93
1786,φρόνησις,"thought, practical wisdom, purpose",L,19,93
1787,ζῆλος,"eager rivalry, zealous imitation, emulation",,19,93.01
1788,ἐπουράνιος,"in heaven, heavenly",,19,93.01
1789,σκηνάω,"to dwell, live",L,19,93.01
1790,βαρβαρικός,"barbaric, foreign, like a foreigner",,19,93.02
1791,σκεπτέος,one must reflect,,19,93.02
1792,μείων,less,,19,93.03
1793,δῆτα,"certainly, to be sure, of course",F,19,93.03
1794,κλῄζω,"to make famous; mention, call",L,18,93.03
1795,ναυτικός,"seafaring, naval",,18,93.04
1796,τριηραρχέω,to be a captain of a trireme,L,18,93.04
1797,ναυμαχέω,to fight in a ship,L,18,93.05
1798,ἄκριτος,"undistinguishable, unarranged, disorderly",L,18,93.05
1799,κακόω,"to treat ill, maltreat, afflict, distress",L,18,93.05
1800,ὁπόθεν,"whence, from what place",F,18,93.06
1801,ἄγνυμι,"to break, shiver",L,18,93.06
1802,ἀντέχω,"to hold out against, withstand",L,18,93.07
1803,ἀμαθής,"unlearned, ignorant, stupid, boorish",,18,93.07
1804,φοιτάω,"to go to and fro, up and down, to stalk",L,18,93.07
1805,ἕβδομος,seventh,,18,93.08
1806,οὐδαμοῦ,nowhere,,18,93.08
1807,κατάστασις,"a settling, appointing, appointment, institution",,18,93.08
1808,τάφρος,"a ditch, trench",,18,93.09
1809,οὐδέτερος,"not either, neither of the two",,18,93.09
1810,ἥρως,hero,,18,93.1
1811,ἄμπελος,clasping tendrils,,18,93.1
1812,ὅρος,"a boundary, landmark",,18,93.1
1813,παράνομος,"acting contrary to law, lawless",,18,93.11
1814,ὑπόθεσις,"proposal, subject, supposition",L,18,93.11
1815,ἔρις,"strife, quarrel, debate, contention",,18,93.11
1816,τόλμα,"courage, to undertake",,18,93.12
1817,πορθέω,"to destroy, ravage, waste, plunder",L,18,93.12
1818,διοικέω,to manage a house,L,18,93.13
1819,συνοικέω,to dwell together,L,18,93.13
1820,ὑμνέω,"to sing, laud, sing of",L,18,93.13
1821,μηδαμός,none,,18,93.14
1822,δωρέω,"to give, present",L,18,93.14
1823,ἀργός,"shining, bright, glistening",,18,93.15
1824,ἔντιμος,"in honour, honoured, prized",L,18,93.15
1825,ἱκετεύω,to approach as a suppliant,L,18,93.15
1826,ἀπωθέω,"to thrust away, push back",L,18,93.16
1827,μόγις,"(with toil and pain); barely, scarcely",,18,93.16
1828,κάρτα,"very, very, much, extremely",,18,93.16
1829,ἀριστάω,to take breakfast,L,18,93.17
1830,πῆ,[Dor. in what way? how?],F,18,93.17
1831,ἀριστερός,"left, on the left",,18,93.18
1832,πρίασθαι,to buy,L,18,93.18
1833,ὄφις,"a serpent, snake",,18,93.18
1834,σιγάω,to be silent,L,18,93.19
1835,παιδίσκη,"a young girl, maiden",L,18,93.19
1836,πιπράσκω,to sell,L,18,93.2
1837,ἔλεγχος,"a reproach, disgrace, dishonour",,18,93.2
1838,θρίξ,the hair of the head,,18,93.2
1839,κληρονομέω,"to receive a share of an inheritance, to inherit a portion",L,18,93.21
1840,χορτάζω,"to feed, fatten",L,18,93.21
1841,τελώνης,a tax collector,L,18,93.21
1842,χόρτος,a feeding-place; fodder,,18,93.22
1843,ἀπώλεια,destruction,,18,93.22
1844,ἐκρήγνυμι,"to break off, snap asunder",L,18,93.23
1845,ἐξαράσσω,"to dash out, shatter",L,18,93.23
1846,χωλός,lame,L,18,93.23
1847,βλασφημία,a profane speech,L,18,93.24
1848,κατακρίνω,to give as sentence against,L,18,93.24
1849,κλάω,"to break, break off",L,18,93.25
1850,φυτεύω,to plant,L,18,93.25
1851,εἰσπορεύω,to lead into,L,18,93.25
1852,κληρονόμος,one who receives a portion,,18,93.26
1853,ὑψόω,"to lift high, raise up",L,18,93.26
1854,μύρον,"sweet juice extracted form plants, sweet-oil, unguent, balsam",,18,93.26
1855,ἄφεσις,"a letting go, dismissal",,18,93.27
1856,ἐπιλήθω,to cause to forget,L,18,93.27
1857,ἐπιδημέω,"to be at home, live at home",L,18,93.28
1858,καπνός,smoke,,18,93.28
1859,ἄγνοια,"want of perception, ignorance",L,18,93.28
1860,λειτουργέω,to serve public offices at one's own cost,L,18,93.29
1861,ἄμη,a shovel,,18,93.29
1862,ὑγίεια,"health, soundness",,18,93.3
1863,ἀγγέλλω,to bear a message,L,17,93.3
1864,βοήθεια,"help, aid, rescue, support",L,17,93.3
1865,ἐρημία,"a solitude, desert, wilderness",,17,93.31
1866,πέλαγος,the sea,,17,93.31
1867,ὕψος,height,,17,93.31
1868,αὐλίζομαι,"to lie in the court-yard, to live, to camp",L,17,93.32
1869,ἐπεξέρχομαι,"to go out against, make a sally against",L,17,93.32
1870,θεράπων,"a waiting-man, attendant",,17,93.32
1871,προσγίγνομαι,"to come in addition, to accrue, to support",L,17,93.33
1872,προκαλέω,to call forth,L,17,93.33
1873,ἐνδίδωμι,to give in,L,17,93.34
1874,γέλως,laughter,L,17,93.34
1875,παρατάσσω,"to place side by side, draw up in battle-order",L,17,93.34
1876,σεισμός,"a shaking, shock",,17,93.35
1877,φθείρω,"to ruin, waste, spoil, destroy",L,17,93.35
1878,συμπράσσω,to join or help in doing,L,17,93.35
1879,ἐπέξειμι,"go out against, prosecute",L,17,93.36
1880,παραμένω,to stay beside,L,17,93.36
1881,ὑπήκοος,"giving ear, listening to",L,17,93.36
1882,ἀστός,"a townsman, citizen",,17,93.37
1883,πρόνοια,"foresight, foreknowledge",L,17,93.37
1884,φίλιος,"friendly, of friendship; dear, beloved",L,17,93.38
1885,τεκμαίρομαι,to fix by a mark,L,17,93.38
1886,λύχνος,"a portable light, a lamp",,17,93.38
1887,φιλοτιμέομαι,to be ambitious,L,17,93.39
1888,σοφιστής,a master of one's craft,,17,93.39
1889,πενθέω,"to bewail, lament, mourn for",L,17,93.39
1890,ὀκνέω,to shrink,L,17,93.4
1891,ἀνάστατος,"made to rise up and depart, driven from one's home",,17,93.4
1892,μηδαμῶς,not at all,,17,93.4
1893,ἐμποδών,"at the feet, in the way, in one's path",,17,93.41
1894,κατεῖδον,to look down,L,17,93.41
1895,συστρατεύω,to make a campaign,L,17,93.42
1896,βασιλικός,"royal, kingly",,17,93.42
1897,ἀσέβεια,"ungodliness, impiety, profaneness",L,17,93.42
1898,ἀνδροφόνος,man-slaying,,17,93.43
1899,ἄδηλος,not seen,L,17,93.43
1900,χῶρος2,north-west wind,,17,93.43
1901,προβαίνω,"to step on, step forward, advance",L,17,93.44
1902,σπουδαῖος,"earnest, serious",,17,93.44
1903,αἰδώς,"a sense of shame, shame, modesty, self-respect",L,17,93.44
1904,τίνω,to pay a price,L,17,93.45
1905,ἐπείρομαι,ask besides,L,17,93.45
1906,ὄρθιος,"straight up, going upwards, steep, uphill",L,17,93.46
1907,οὐδαμῇ,"nowhere, in no place",,17,93.46
1908,νεανίας,young man,,17,93.46
1909,κωφός,"blunt, dull, obtuse",,17,93.47
1910,μαντεύομαι,"to divine, prophesy, presage",L,17,93.47
1911,πόα,"grass, herb",,17,93.47
1912,δόλος,"a bait, trap, cunning",,17,93.48
1913,χεῖλος,lip,,17,93.48
1914,νήπιος,"infant, childish",,17,93.48
1915,συμμείγνυμι,"mix together, commingle",L,17,93.49
1916,πρεσβύτης2,old man,L,17,93.49
1917,σφραγίς,"a seal, signet, seal-ring",,17,93.49
1918,συνέχω,"to hold or keep together, secure; mid. to be afflicted",L,17,93.5
1919,σκοτία,"darkness, gloom",L,17,93.5
1920,κρυπτός,"hidden, secret",,17,93.51
1921,νίζω,to wash the hands,L,17,93.51
1922,ἐργάτης,a workman,,17,93.51
1923,κοινωνός,"a companion, partner",,17,93.52
1924,πυλών,"a gateway, gate-house",L,17,93.52
1925,βῆμα,"a step, pace; a platform",,17,93.52
1926,ἐπαύριον,on the morrow,,17,93.53
1927,αὐτόματος,"acting of one's own will, of oneself",,17,93.53
1928,ἀνακρίνω,"to examine closely, to question, interrogate",L,17,93.53
1929,ὀνίνημι,"to profit, benefit, help, assist",L,17,93.54
1930,χάρισμα,"a grace, favour: a free gift, gift of God's grace",,17,93.54
1931,ἀσεβής,"ungodly, godless, unholy, profane",,17,93.55
1932,εὐλογία,good,L,17,93.55
1933,συνεργός,"working together, joining",L,17,93.55
1934,ὄφελος,"furtherance, advantage, help",,17,93.56
1935,εὐλαβέομαι,"to be discreet, cautious, beware",L,17,93.56
1936,ἐπιλείπω,"to leave behind; to run out, fail",L,17,93.56
1937,οἰόομαι,"to be left alone, abandoned, forsaken.",L,17,93.57
1938,πάμπολυς,"very much, great, large",,17,93.57
1939,δημιουργέω,"to practise a trade, do work",L,17,93.57
1940,εἰσφορά,a gathering in,,17,93.58
1941,φρουρέω,to keep watch,L,16,93.58
1942,ἄκρα,"a headland, foreland, cape",L,16,93.59
1943,ναύτης,"a sailor, seaman; a fellow sailor",,16,93.59
1944,ὁπλίζω,"to equip, make ready; to arm",L,16,93.59
1945,εὔπορος,easy to pass,,16,93.6
1946,ἐμπειρία,experience,,16,93.6
1947,λάθρῃ,"secretly, covertly, by stealth, treacherously",,16,93.6
1948,σιδήρεος,made of iron,L,16,93.61
1949,ἐγκαταλείπω,to leave behind,L,16,93.61
1950,καταπλέω,to sail down,L,16,93.61
1951,ἀσκέω,"to work curiously, form by art, fashion",L,16,93.62
1952,ἡμερόω,"to tame, make tame",L,16,93.62
1953,τεύχω,"to make ready, make, build, work",L,16,93.62
1954,τόξευμα,"that which is shot, an arrow",,16,93.63
1955,ἀναφαίνω,"to make to give light, make to blaze up",L,16,93.63
1956,τοσόσδε,"so strong, so able",,16,93.63
1957,αἰχμάλωτος,"taken by the spear, captive to one's spear, taken prisoner",L,16,93.64
1958,ἐπαείδω,"to sing to, to sing incantations, to soothe by singing",L,16,93.64
1959,προστάτης,"one who stands before, a front-rank-man",,16,93.64
1960,οἴκημα,"any inhabited place, a dwellingplace",L,16,93.65
1961,περιαιρέω,"to take off something that surrounds, take off an outer coat, take away, strip off",L,16,93.65
1962,ἐνοικέω,to dwell in,L,16,93.65
1963,οὐδεπώποτε,"nor yet at any time, never yet at any time",,16,93.66
1964,γείτων,"one of the same land, a neighbour",,16,93.66
1965,ὑποτίθημι,"to place under, to suggest",L,16,93.66
1966,συμπίπτω,"to fall together, meet in battle, come to blows",L,16,93.67
1967,τετρακισχίλιοι,four thousand,,16,93.67
1968,σίδηρος,iron,L,16,93.67
1969,ἄδεια,"freedom from fear: safe conduct, indemnity",L,16,93.68
1970,ἠμί,to say,L,16,93.68
1971,ἐργασία,"work, daily labour, business",,16,93.68
1972,πραότης,"mildness, gentleness",,16,93.69
1973,ἐνίημι,to send in,L,16,93.69
1974,ἀθλητής,a prizefighter,L,16,93.69
1975,ἑκάστοτε,"each time, on each occasion",,16,93.7
1976,ζεῦγος,"a yoke of beasts, a pair of mules, oxen",,16,93.7
1977,γυμνάζω,"to train naked, train in gymnastic exercise",L,16,93.7
1978,συμβόλαιος,of or concerning contracts,,16,93.71
1979,καταγέλαστος,"ridiculous, absurd",,16,93.71
1980,χρησμός,"the answer of an oracle, oracular response, oracle",L,16,93.71
1981,σεμνός,"revered, august, holy, awful",,16,93.72
1982,εὐσεβής,"pious, religious, righteous",,16,93.72
1983,ᾠδή,"a song, lay, ode",,16,93.73
1984,ἐξηγέομαι,to be leader of,L,16,93.73
1985,ἁρμόζω,"to fit together, join",L,16,93.73
1986,εὐχή,"a prayer, vow",L,16,93.74
1987,ἀθροίζω,"to gather together, to muster",L,16,93.74
1988,ἆθλον,the prize of contest,L,16,93.74
1989,ἄφθονος,without envy,,16,93.75
1990,γεωργέω,"to be a husbandman, farmer",L,16,93.75
1991,πεντεκαίδεκα,fifteen,L,16,93.75
1992,ὀφλισκάνω,"to owe, to be liable to pay",L,16,93.76
1993,μεθύσκω,"to make drunk, intoxicate, inebriate",L,16,93.76
1994,μακράν,"a long way, far, far away",,16,93.76
1995,ἄργυρος,silver,,16,93.77
1996,ἀργύρεος,"silver, of silver",,16,93.77
1997,εἴρω,"to fasten together in rows, to string",L,16,93.77
1998,πεντακισχίλιοι,five thousand,,16,93.78
1999,ἀμήχανος,without means,,16,93.78
2000,ὁμοῦ,"at the same place, together",F,16,93.78
2001,δορυφόρος,spear-bearing,,16,93.79
2002,δίκτυον,"a casting-net, a net",,16,93.79
2003,γέρων,"an old man (in apposition as adj., old)",,16,93.79
2004,κατεσθίω,"to eat up, devour",L,16,93.8
2005,γαστήρ,"the paunch, belly",,16,93.8
2006,σελήνη,the moon,,16,93.8
2007,ἁπαλός,"soft to the touch, tender",,16,93.81
2008,κάλαμος,a reed,L,16,93.81
2009,στράπτω,to lighten,L,16,93.81
2010,ἑκατοντάρχης,leader of a hundred,,16,93.82
2011,ξηραίνω,"to parch up, dry up",L,16,93.82
2012,διαλογίζομαι,to balance accounts,L,16,93.82
2013,δηνάριον,a denary,,16,93.83
2014,πῶλος,"a foal, young horse",L,16,93.83
2015,ὄϊς,sheep,,16,93.83
2016,δέσμιος,binding,L,16,93.84
2017,ἄγος,"pollution, expiation",L,16,93.84
2018,ἀνακράζω,"to cry out, lift up the voice",L,16,93.84
2019,βροντή,thunder,,16,93.85
2020,ἀθετέω,to set aside,L,16,93.85
2021,διήγησις,"narrative, statement",,16,93.85
2022,περιτέμνω,to cut,L,16,93.86
2023,θεμέλιος,of or for the foundation; (abs.) foundation (stone),,16,93.86
2024,ἕξις,"a having, possession",,16,93.86
2025,ἐπειδάν,whenever.,,16,93.87
2026,οἶος,"alone, lone, lonely",,16,93.87
2027,σκυτοτόμος,"a leather-cutter, a worker in leather",,16,93.88
2028,ἐπιθυμιάω,to offer incense,L,16,93.88
2029,οἰστός,"that must be borne, endurable",,16,93.88
2030,ἰσθμός,"neck, narrow passage",L,15,93.89
2031,ἀϋτέω,"cry, shout",L,15,93.89
2032,ἔργω,to bar one's way,L,15,93.89
2033,μετέωρος,"raised from the ground, hanging",,15,93.89
2034,εὐτυχέω,"to be well off, successful, prosperous",L,15,93.9
2035,ἑκούσιος,voluntary,,15,93.9
2036,ὀψέ,"after a long time, late",,15,93.9
2037,ἀφανής,"unseen, invisible, viewless",,15,93.91
2038,ἀντιτάσσω,"to set opposite to, range in battle against",L,15,93.91
2039,συντάσσω,to put in order together,L,15,93.91
2040,τραχύς,"rugged, rough",,15,93.92
2041,περιέρχομαι,"to go round, go about",L,15,93.92
2042,ἐπιμέλεια,"care, attention",L,15,93.92
2043,φόρος,"tribute, payment",,15,93.93
2044,μῆκος,length,,15,93.93
2045,καθέζομαι,"to sit down, take one's seat",L,15,93.93
2046,φρόνημα,"one's mind, spirit",L,15,93.94
2047,περιτίθημι,to place round,L,15,93.94
2048,ἀποστρέφω,"to turn back, turn to flight, turn away",L,15,93.94
2049,δόρυ,"tree, plank, spear",,15,93.95
2050,πρόσοδος,"approach, income",,15,93.95
2051,διῶρυξ,"a trench, conduit, canal",,15,93.95
2052,φορέω,to bear,L,15,93.96
2053,ἁρπάγη,"hook, rake, grappling iron",,15,93.96
2054,κηδεστής,a connexion by marriage,,15,93.96
2055,διατριβή,a way of spending time,,15,93.97
2056,διπλάσιος,"twofold, double, twice as much as, twice as many as, as long as",,15,93.97
2057,ἐρρωμένος,"in good health, stout, vigorous",,15,93.97
2058,νουθετέω,"to put in mind, to admonish, warn, advise",L,15,93.97
2059,διομολογέω,"to make an agreement, undertake",L,15,93.98
2060,μελετάω,"to care for, attend to",L,15,93.98
2061,ὀρχέομαι,to dance in a row,L,15,93.98
2062,διακελεύομαι,"to exhort, give orders, direct",L,15,93.99
2063,νεάω,to plough up anew,L,15,93.99
2064,σῶς,"safe and sound, alive and well, in good case",,15,93.99
2065,ξενίζω,"to receive a guest; to surprise, to make strange",L,15,94
2066,ὀδούς,tooth,,15,94
2067,χρῄζω,"to need, want, lack, have need of",L,15,94
2068,εὐήθης,"good-hearted, open-hearted, simpleminded, guileless",,15,94.01
2069,σέβομαι,to feel awe,L,15,94.01
2070,τῇδε,"here, thus",,15,94.01
2071,ἀποτέμνω,"to cut off, sever",L,15,94.02
2072,σχίζω,"to split, cleave",L,15,94.02
2073,στολή,"an equipment, armament",,15,94.02
2074,αἰνέω,"(to tell;) to praise, approve, acquiesce in",L,15,94.03
2075,ἔξοδος,a going out; an exit,,15,94.03
2076,ζήτησις,"a seeking, seeking for, search for",,15,94.03
2077,μέλας,"black, swart",,15,94.04
2078,οὐράνιος,"heavenly, of or in heaven, dwelling in heaven",,15,94.04
2079,τόκος,"a bringing forth, childbirth, parturition",,15,94.04
2080,θώραξ,"a breastplate, cuirass, corslet",,15,94.05
2081,πετεινός,"able to fly, full fledged",,15,94.05
2082,αὐλέω,to play on the flute,L,15,94.05
2083,ἔλαιον,olive-oil,,15,94.05
2084,ἐφάπτω,"to bind on, mid. touch",L,15,94.06
2085,ποτίζω,to give to drink,L,15,94.06
2086,σαλεύω,"to cause to rock, make to oscillate, shake to and fro",L,15,94.06
2087,μερίζω,"to divide, distribute",L,15,94.07
2088,σκάνδαλον,a trap,,15,94.07
2089,ἔμπορος,one who goes on shipboard as a passenger,,15,94.07
2090,ταπεινόω,to lower,L,15,94.08
2091,ἐλαιόω,oil,L,15,94.08
2092,δέρω,"to skin, flay",L,15,94.08
2093,ῥαββί,o my master,L,15,94.09
2094,διπλόος,"twofold, double",,15,94.09
2095,σκληρός,hard,,15,94.09
2096,σφραγίζω,to seal,L,15,94.1
2097,λειτουργία,a liturgy,,15,94.1
2098,ἀποκρύπτω,"to hide from, keep hidden from",L,15,94.1
2099,εὐφραίνω,"to cheer, delight, gladden",L,15,94.11
2100,διαμαρτύρομαι,to protest solemnly,L,15,94.11
2101,κομψός,well-dressed,,15,94.11
2102,αὐτόφωρος,"self-detected, caught in the act of theft",,15,94.12
2103,εὐχαριστία,"thankfulness, gratitude",L,15,94.12
2104,ὑπακοή,obedience,,15,94.12
2105,σύμφημι,"to assent, approve",L,15,94.13
2106,ἐξαλείφω,"to plaster over; to wipe out, obliterate",L,15,94.13
2107,συσκευάζω,"to make ready by putting together, to pack up",L,15,94.13
2108,κατακαίνω,kill,L,15,94.13
2109,ξένιος,"belonging to a friend and guest, hospitable",,15,94.14
2110,σφενδονάω,"to sling, to use the sling",L,15,94.14
2111,ὑγιεινός,"good for the health, wholesome, sound, healthy",,15,94.14
2112,μηνυτής,bringing to light,,15,94.15
2113,ταξίαρχος,the commander of a squadron,L,14,94.15
2114,νῶτον,the back,,14,94.15
2115,ἐξεργάζομαι,"to work out, make completely, finish off, bring to perfection",L,14,94.16
2116,διαβιβάζω,to carry over,L,14,94.16
2117,ἀπόβασις,"a stepping off, disembarking",,14,94.16
2118,σύγκειμαι,to lie together,L,14,94.17
2119,ἐμπίμπρημι,"to kindle, burn, set on fire",L,14,94.17
2120,βοή,"a loud cry, shout",L,14,94.17
2121,ἀποκλείω,to shut off from,L,14,94.17
2122,κήρυγμα,"that which is cried by a herald, a proclamation, public notice",,14,94.18
2123,φυλακεύς,watching,L,14,94.18
2124,πρεσβεύω,to be the elder; to be an ambassador,L,14,94.18
2125,παιωνίζω,to chant the paean,L,14,94.19
2126,δυνατέω,"to be powerful, mighty",L,14,94.19
2127,ἀσφάλεια,security against stumbling,,14,94.19
2128,ἑός,"his, her own",,14,94.2
2129,πύθω,"to make rot, to rot",L,14,94.2
2130,δυναστεία,"power, lordship, sovereignty",,14,94.2
2131,πάροδος2,"a by-way, passage, first entrance by the chorus",L,14,94.2
2132,ἀπάτη,"a trick, fraud, deceit",,14,94.21
2133,προσθέω,to run towards,L,14,94.21
2134,ἤν,see! see there! lo!,,14,94.21
2135,διάβασις,"a crossing over, passage",L,14,94.22
2136,ὄγδοος,eighth,,14,94.22
2137,μαντεῖον,an oracle,,14,94.22
2138,ὑπερβαίνω,"to step over, mount, scale",L,14,94.23
2139,ἀναγγέλλω,"to carry back tidings of, report",L,14,94.23
2140,ἠθέω,"to sift, strain",L,14,94.23
2141,ἔνατος,ninth,,14,94.23
2142,εὐεργέτης,"a well-doer, benefactor",,14,94.24
2143,ἀπειλέω,[to force back],L,14,94.24
2144,ἀπειλέω2,threaten,L,14,94.24
2145,καταχράομαι,"to make full use of, apply; to finish off, execute",L,14,94.25
2146,ἁπλῶς,"singly, in one way",,14,94.25
2147,γνήσιος,"(born in wedlock); genuine, legitimate",,14,94.25
2148,εἰσωθέω,to thrust into,L,14,94.26
2149,ἀφορίζω,to mark off by boundaries,L,14,94.26
2150,ἐλλείπω,"to leave in, leave behind",L,14,94.26
2151,ἱκέτης,"one who comes to seek protection, a suppliant",,14,94.26
2152,προσδοκέω,to be thought besides,L,14,94.27
2153,μανία,"madness, frenzy",,14,94.27
2154,διαπορεύω,"to carry over, set across",L,14,94.27
2155,διορίζω,"to draw a boundary through, divide by limits, separate",L,14,94.28
2156,ἀπόρρητος,"forbidden, secret",,14,94.28
2157,ἐπιορκέω,"to swear falsely, forswear oneself",L,14,94.28
2158,μέθη,strong drink,,14,94.28
2159,ὑπομιμνήσκω,to remind,L,14,94.29
2160,χειροτονέω,"(to stretch out the hand), to vote, elect",L,14,94.29
2161,ἐκδέχομαι,to take,L,14,94.29
2162,κρατήρ,a mixing vessel,,14,94.3
2163,παραδείκνυμι,to exhibit side by side,L,14,94.3
2164,καταβάλλω,"to throw down, overthrow",L,14,94.3
2165,δειλία,cowardice,,14,94.31
2166,ἀναπείθω,"to bring over, convince",L,14,94.31
2167,λόγχη,"a spear-head, javelin-head",,14,94.31
2168,διασπάω,"to tear asunder, part forcibly",L,14,94.31
2169,ἅρμα,a chariot,,14,94.32
2170,δόκιμος,"assayed, examined, tested",L,14,94.32
2171,δῶμα,a house,,14,94.32
2172,ἐπαισχύνομαι,to be ashamed at,L,14,94.33
2173,ὡραῖος,produced at the right season (subst. ἡ ὡραία harvest time),,14,94.33
2174,σφάζω,"to slay, slaughter",L,14,94.33
2175,πρεσβύτης,age,L,14,94.34
2176,ἱερεῖον,"a victim, an animal for sacrifice",,14,94.34
2177,νήφω,to drink no wine,L,14,94.34
2178,ἔσωθεν,from within,,14,94.34
2179,ἐγγράφω,to mark in,L,14,94.35
2180,καταρτίζω,"to adjust, put in order, in battle array",L,14,94.35
2181,μωρός,"dull, sluggish, stupid",,14,94.35
2182,θυσιαστήριος,sacrificial,,14,94.36
2183,σαλπίζω,"to sound the trumpet, give signal by trumpet",L,14,94.36
2184,χοῖρος,"a young pig, porker",,14,94.36
2185,κρούω,"to strike, smite: to strike",L,14,94.37
2186,ἄκανθα,"a thorn, prickle",L,14,94.37
2187,ὀψία,"the latter part of day, evening",,14,94.37
2188,διαλογισμός,a balancing of accounts,L,14,94.37
2189,πόρνη,a prostitute,L,14,94.38
2190,κληρονομία,an inheritance,L,14,94.38
2191,μακρόθεν,from afar,,14,94.38
2192,πλευρά,a rib,,14,94.39
2193,ἐξαποστέλλω,to send quite away Pass.,L,14,94.39
2194,οἰκουμένη,the inhabited world,,14,94.39
2195,σωτήριος,"saving, delivering",,14,94.4
2196,πυκνός,"close, compact",,14,94.4
2197,στηρίζω,"to make fast, prop, fix, set",L,14,94.4
2198,ὀρφανός,an orphan,,14,94.4
2199,πάγος,"rock; frost, solid",,14,94.41
2200,διαμάχομαι,to fight,L,14,94.41
2201,μακροθυμία,"long-suffering, patience",L,14,94.41
2202,νεόω,"to renovate, renew",L,14,94.42
2203,ἀνόμοιος,"unlike, dissimilar",,14,94.42
2204,ὁπωσοῦν,"in any way whatever, in some way or other",,14,94.42
2205,ἐπαΐω,"to give ear to, perceive, understand",L,14,94.43
2206,τραγῳδία,a tragedy,L,14,94.43
2207,ἀκολασία,"licentiousness, intemperance",L,14,94.43
2208,δημοκρατέομαι,"to have a democratical constitution, live in a democracy",L,14,94.43
2209,συκοφάντης,"a false accuser, slanderer",,14,94.44
2210,μουσική,any art over which the Muses presided,,14,94.44
2211,μιμητικός,"good at imitating, imitative",,14,94.44
2212,ζωγράφος,one who paints from life,,14,94.45
2213,νοητός,"perceptible to the mind, thinkable",,14,94.45
2214,γεωμετρία,geometry,,14,94.45
2215,κηφήν,a drone,,14,94.46
2216,δηϊόω,"cut down, slay",L,13,94.46
2217,τειχίζω,to build a wall,L,13,94.46
2218,ἐπώχατο,were kept shut,,13,94.46
2219,βραδύς,slow,,13,94.47
2220,τείχισμα,a wall,L,13,94.47
2221,προέχω,"to hold before, to pretend; to jut out, to excel",L,13,94.47
2222,σφάλλω,"to make to fall, throw down, overthrow",L,13,94.47
2223,διακινδυνεύω,"to run all risks, make a desperate attempt, hazard all",L,13,94.48
2224,ὁπόταν,whensoever,F,13,94.48
2225,ὅμορος,"having the same borders with, marching with, bordering on",,13,94.48
2226,ἐξαγγέλλω,to send out,L,13,94.49
2227,σφενδόνη,a sling,,13,94.49
2228,προοράω,"to see before one, to take forethought",L,13,94.49
2229,βιάω,to constrain,L,13,94.49
2230,κατάδηλος,"quite manifest, plain, visible",,13,94.5
2231,πόλισμα,"a city, town",L,13,94.5
2232,προνοέω,"to perceive before, foresee",L,13,94.5
2233,ἀναμένω,"to wait for, await",L,13,94.51
2234,ταραχή,"trouble, disorder, confusion",,13,94.51
2235,προκαταλαμβάνω,"to seize beforehand, preoccupy",L,13,94.51
2236,πύργος,a tower,,13,94.51
2237,ὄντα,(things which exist) the present; the truth; property > εἰμί,,13,94.52
2238,στάδιος,standing firm,,13,94.52
2239,περιάγω,to lead,L,13,94.52
2240,τρισχίλιοι,three thousand,L,13,94.52
2241,διέξειμι,"go through, tell in detail",L,13,94.53
2242,πλησιάζω,to bring near,L,13,94.53
2243,συνακολουθέω,"to follow closely, to accompany",L,13,94.53
2244,ὁμονοέω,"to be of one mind, agree together, live in harmony",L,13,94.54
2245,ἄνοια,"want of understanding, folly",L,13,94.54
2246,πέρα,"beyond, across",,13,94.54
2247,περιπίπτω,"to fall around, so as to embrace",L,13,94.54
2248,ὁμόνοια,oneness of mind,L,13,94.55
2249,ἐνίστημι,"to put, set, place in",L,13,94.55
2250,ἄθυμος,"without heart, fainthearted",L,13,94.55
2251,μέτειμι,be among; (+dat and gen) have a share in,L,13,94.56
2252,ὑποδέχομαι,"to receive, entertain; to promise",L,13,94.56
2253,ἄγαμαι,"to wonder, be astonished",L,13,94.56
2254,ἀναγράφω,to engrave and set up,L,13,94.56
2255,ἐπιστάτης,one who stands near,,13,94.57
2256,τοιγάρ,"so then, wherefore, therefore, accordingly",,13,94.57
2257,ἄλογος,without,,13,94.57
2258,φιλοτιμία,"the character of the φιλότιμος, love of distinction, ambition",L,13,94.57
2259,ἀποσπάω,to tear,L,13,94.58
2260,σπειράομαι,to be coiled,L,13,94.58
2261,θαῦμα,"whatever one regards with wonder, a wonder, marvel",,13,94.58
2262,πλάνη,"a wandering, roaming",,13,94.59
2263,ὄνειρος,a dream,,13,94.59
2264,κρεμάννυμι,"to hang, hang up",L,13,94.59
2265,καταδικάζω,to give judgment against,L,13,94.59
2266,ἐπιγράφω,"scratch; (after Homer) inscribe, register",L,13,94.6
2267,ἀναβιβάζω,"to make go up, cause to mount",L,13,94.6
2268,πνέω,to blow,L,13,94.6
2269,κάμηλος,a camel,,13,94.6
2270,ἑρμηνεύς,interpreter,,13,94.61
2271,θανατόω,to put to death,L,13,94.61
2272,περιστερά,the common pigeon,,13,94.61
2273,ἄκρατος,"unmixed, sheer",L,13,94.62
2274,ἐμπαίζω,"to mock at, mock",L,13,94.62
2275,δαιμονίζομαι,to be possessed by a demon,L,13,94.62
2276,ἀντίδικος,"an opponent in a suit, defendant",,13,94.62
2277,ἐλεημοσύνη,"pity, mercy: a charity, alms",,13,94.63
2278,νίφω,to snow,L,13,94.63
2279,ἐπιζητέω,"to seek after, wish for, miss",L,13,94.63
2280,θερισμός,"reaping-time, harvest",,13,94.64
2281,ζύμη,leaven,,13,94.64
2282,τέκτων,any worker in wood,,13,94.64
2283,ἀπαρνέομαι,"to deny utterly, deny",L,13,94.64
2284,ὕψιστος,"highest, loftiest",,13,94.65
2285,δέησις,"an entreating, asking: a prayer, entreaty",,13,94.65
2286,ἀτενίζω,"to look intently, gaze earnestly",L,13,94.65
2287,ἑξῆς,"one after another, in order, in a row",,13,94.65
2288,δάκρυον,a tear,,13,94.66
2289,ψῦχος,cold,,13,94.66
2290,οἰκονόμος,one who manages a household,L,13,94.66
2291,χορός,a round dance,,13,94.67
2292,πρόσωθεν,from afar,,13,94.67
2293,φανός,"light, bright",L,13,94.67
2294,καταμένω,"to stay behind, stay",L,13,94.67
2295,καταντάω,"come down to, arrive",L,13,94.68
2296,πᾶγος,"Lat. pagus, district",,13,94.68
2297,ἐραστός,"beloved, lovely",,13,94.68
2298,κλῆσις,"a calling, call",,13,94.69
2299,ἀναστροφή,"a turning upside down, upsetting",,13,94.69
2300,δράκων,"dragon, serpent",,13,94.69
2301,νύκτωρ,by night,,13,94.69
2302,πολλαχοῦ,in many places,,13,94.7
2303,λέξις,"a speaking, saying, speech",,13,94.7
2304,μάθησις,"learning, the getting of knowledge",,13,94.7
2305,ἑστιάω,to receive at one's hearth,L,13,94.7
2306,πάππος,a grandfather,,13,94.71
2307,φιλοχρήματος,"loving money, fond of money",L,13,94.71
2308,ἐπιθυμητικός,"desiring, coveting, lusting after",,13,94.71
2309,σηκός,"a pen, fold",,13,94.72
2310,πολέμαρχος,"war lord, chieftain; at Athens, the third archon",L,13,94.72
2311,ἀμφοτέρωθεν,from both sides,,12,94.72
2312,παραπλέω,to sail by,L,12,94.72
2313,ὁρμή,"a violent movement onwards, an assault, attack, onset",,12,94.73
2314,ἀποικία,"a settlement far from home, a colony settlement",L,12,94.73
2315,ἐννέα,nine,,12,94.73
2316,συντρίβω,to rub together,L,12,94.73
2317,ἀναδέω,to bind,L,12,94.74
2318,εὐτυχία,"good luck, success, prosperity",L,12,94.74
2319,ὀρέγω,"to reach, stretch, stretch out",L,12,94.74
2320,ἔνδεια,"want, need, lack",L,12,94.74
2321,προχωρέω,"to go forward, advance",L,12,94.75
2322,σύνεσις,"comprehension, understanding",,12,94.75
2323,διαπλέω,to sail across,L,12,94.75
2324,ἐπίπονος,"painful, toilsome, laborious",,12,94.75
2325,ὑποψία,"suspicion, jealousy",,12,94.76
2326,ἄλλοθεν,from another place,,12,94.76
2327,δασύς,"thick with hair, hairy, shaggy, rough",,12,94.76
2328,ἑκατέρωθεν,"on each side, on either hand",,12,94.76
2329,κοῦφος,"light, nimble",,12,94.77
2330,ὀγδοήκοντα,eighty,,12,94.77
2331,σκευή,"equipment, attire, apparel, dress",,12,94.77
2332,διαπέμπω,"to send off in different directions, send to and fro, send about",L,12,94.77
2333,συνάρχω,to rule jointly with,L,12,94.78
2334,ἐλασσόω,to make less,L,12,94.78
2335,στόλος,an expedition; a voyage; equipment,,12,94.78
2336,συγγένεια,sameness of descent,,12,94.79
2337,ὑπεροράω,"to look over, look down upon",L,12,94.79
2338,προσχωρέω,"to go to, approach",L,12,94.79
2339,ἀποτελέω,"to bring quite to an end, complete",L,12,94.79
2340,πεῖρα,"a trial, attempt, essay, experiment",L,12,94.8
2341,μέτοικος,"settler from abroad, resident alien; adj. changing oneʼs abode",,12,94.8
2342,ξύλινος,"of wood, wooden",L,12,94.8
2343,κατακόπτω,"to cut down, cut in pieces, cut up",L,12,94.8
2344,ἐπακολουθέω,"to follow close upon, follow after",L,12,94.81
2345,ἐξανίστημι,to raise up: to make one rise,L,12,94.81
2346,ἅλυσις,a chain,,12,94.81
2347,ἕψω,"to boil, seethe",L,12,94.81
2348,σκευοφόρος,carrying baggage,L,12,94.82
2349,κατοικίζω,settle,L,12,94.82
2350,ἀλλοῖος,of another sort,,12,94.82
2351,ἐπιστατέω,to be set over,L,12,94.82
2352,διακωλύω,"to hinder, prevent",L,12,94.83
2353,ἄνθος,"a blossom, flower",,12,94.83
2354,κατάβασις,"a going down, way down, descent",,12,94.83
2355,προαιρέω,"to bring forth; (mid.) to choose, to prefer",L,12,94.83
2356,ἴχνος,"a track, footstep",,12,94.84
2357,κτῆμα,"anything gotten, a piece of property, a possession",,12,94.84
2358,μηδέποτε,never,,12,94.84
2359,ἀφορμή,a starting-point,,12,94.84
2360,ἀθυμέω,"to be disheartened, lose heart",L,12,94.85
2361,διεξέρχομαι,"to go through, pass through",L,12,94.85
2362,διαλαμβάνω,"to take severally, to divide, to intercept",L,12,94.85
2363,συνδοκέω,to seem good also,L,12,94.85
2364,εὐφυής,"well-grown, shapely, goodly",,12,94.86
2365,εὐδαιμονέω,"to be prosperous, well off, happy",L,12,94.86
2366,ἀτιμία,"dishonour, disgrace",L,12,94.86
2367,μετοικέω,"to change one's abode, remove to",L,12,94.86
2368,διασπείρω,"to scatter abroad, throw about",L,12,94.87
2369,δακρύω,"to weep, shed tears",L,12,94.87
2370,μάταιος,"vain, empty, idle, trifling, frivolous",,12,94.87
2371,νοσέω,"to be sick, ill, to ail",L,12,94.87
2372,τηνικαῦτα,"at that time, then",,12,94.88
2373,ἔτης,clansmen,,12,94.88
2374,εἴσοδος,"a way in, entrance",,12,94.88
2375,δύη,"woe, misery, anguish, pain",,12,94.88
2376,ταφή,burial,,12,94.89
2377,ὄλβιος,"happy, blest",,12,94.89
2378,οἰκίον,"house, palace (always plural)",L,12,94.89
2379,συγγιγνώσκω,"to think with, agree with",L,12,94.9
2380,κτῆνος,flocks and herds,L,12,94.9
2381,πυρά2,(fem.sg.) funeral-pyre,L,12,94.9
2382,ζώνη,"a belt, girdle",,12,94.9
2383,πυρός,wheat,,12,94.91
2384,στρατηγία,"the office, dignity [JT: I think this has been cut off]",L,12,94.91
2385,ἀντίος,set against,,12,94.91
2386,βαθύς,deep,,12,94.91
2387,προβάλλω,"to throw before, throw",L,12,94.92
2388,μαστιγόω,"to whip, flog",L,12,94.92
2389,ἐκτρέφω,"to bring up from childhood, rear up",L,12,94.92
2390,δρέπανον,a scythe,,12,94.92
2391,κριθή,"barley-corns, barley",,12,94.93
2392,βουλευτήριον,"a council-chamber, senate-house",L,12,94.93
2393,βρέχω,"to be wetted, get wet",L,12,94.93
2394,ἀετός,an eagle,L,12,94.93
2395,ἀνατολή,"a rising, rise",,12,94.94
2396,βέλος,"projectile; arrow, weapon",,12,94.94
2397,βύβλος,"the Egyptian papyrus; roll of papyrus, book",,12,94.94
2398,βαπτιστής,one that dips: a baptizer,L,12,94.94
2399,λυχνία,lampstand,,12,94.95
2400,γέεννα,ge-hinnom,,12,94.95
2401,δανείζω,"to put out money at usury, to lend",L,12,94.95
2402,βρῶσις,meat,L,12,94.95
2403,ἐμβλέπω,"to look in the face, look at",L,12,94.96
2404,σπλαγχνίζω,"feel pity, compassion",L,12,94.96
2405,ῥάβδος,"a rod, wand, stick, switch",,12,94.96
2406,οἰκοδεσπότης,"the master of the house, the good man of the house",L,12,94.96
2407,νύμφη,"a young wife, bride",,12,94.97
2408,πρόθεσις,a placing in public,L,12,94.97
2409,παράδοσις,"a handing down, transmission",,12,94.97
2410,ἀναπίπτω,to fall back,L,12,94.97
2411,ὅραμα,"that which is seen, a sight, spectacle",,12,94.98
2412,κολλάω,"to glue, cement",L,12,94.98
2413,ὑποκάτω,"below, under",F,12,94.98
2414,πληθύνω,"to make full, increase, multiply",L,12,94.98
2415,ἀπολούω,to wash off,L,12,94.99
2416,στήκω,to stand,L,12,94.99
2417,εὐσχήμων,"elegant in figure, mien and bearing, graceful",,12,94.99
2418,διαγίγνομαι,"to go through, pass",L,12,95
2419,σπλάγχνον,the inward parts,,12,95
2420,ἀπογραφή,"a writing off: a register, list",,12,95
2421,οἰκονομία,the management of a household,L,12,95
2422,ζωοποιέω,make alive,L,12,95.01
2423,παροιμία,"a by-word, common saying, proverb, maxim, saw",,12,95.01
2424,σκέλος,the leg,,12,95.01
2425,φθορά,"destruction, ruin, perdition",,12,95.01
2426,χορηγέω,to lead a chorus,L,12,95.02
2427,ἐπιστήμων,"knowing, wise, prudent",,12,95.02
2428,πέτομαι,to fly,L,12,95.02
2429,φάρμακον,"a drug, medicine",,12,95.02
2430,κεράννυμι,"to mix, mingle",L,12,95.03
2431,ποτός,"drunk, fit for drinking",L,12,95.03
2432,ἐπείπερ,seeing that,,12,95.03
2433,οἴμη,"a song, lay",,12,95.03
2434,πυρά,(n.pl.) watch-fires,L,12,95.04
2435,νεών,ship shed (νεώριον),,12,95.04
2436,οἴκησις,"the act of dwelling, habitation",L,12,95.04
2437,ἐπισκήπτω,"to make to lean upon, make a (deathbed) request",L,12,95.04
2438,νοσώδης,"sickly, diseased, ailing",,12,95.05
2439,ἀστρονομία,astronomy,L,12,95.05
2440,ἀπεικάζω,"to form from a model, to express, copy",L,12,95.05
2441,ποιητικός,"capable of making, creative, productive",L,12,95.05
2442,δημοτικός,"of or for the people, common; on the popular or democratic side",L,12,95.06
2443,νόησις,"intelligence, thought",,12,95.06
2444,εὔθυνα,"a setting straight, correction, chastisement",,12,95.06
2445,ὑπόλοιπος,"left behind, staying behind",L,11,95.06
2446,καρτερός,"strong, staunch, stout, sturdy;",,11,95.07
2447,πηλός,"clay, earth",,11,95.07
2448,ἀϋτή,"cry, shout",,11,95.07
2449,ὠθέω,"to thrust, push, shove, force onwards",L,11,95.07
2450,τροπαῖος,"of or for rout, defeat; causing rout",,11,95.08
2451,ἐπανέρχομαι,"to go back, return",L,11,95.08
2452,μεταχειρίζω,"to take in hand, have in hand, conduct, pursue, treat",L,11,95.08
2453,ἀνταποδίδωμι,"to give back, repay, tender in repayment",L,11,95.08
2454,καταφανής,"clearly seen, in sight",,11,95.09
2455,προσπίτνω,to fall upon,L,11,95.09
2456,σκευάζω,"to prepare, make ready",L,11,95.09
2457,πανταχόθεν,"from all places, from all quarters, on every side",,11,95.09
2458,κυκλόω,"to encircle, surround",L,11,95.09
2459,ἐπιθέω,to run at,L,11,95.1
2460,πολλαπλάσιος,"many times as many, many times more",,11,95.1
2461,περίοδος2,"a going round, a flank march",L,11,95.1
2462,διαδίδωμι,"to give from hand to hand, to pass on, hand over",L,11,95.1
2463,ἀπᾴδω,"to sing out of tune, be out of tune",L,11,95.11
2464,αἰγιαλός,"the sea-shore, beach, strand",L,11,95.11
2465,κόλπος,bosom; gulf,,11,95.11
2466,κακουργέω,"to do evil, work wickedness, deal basely",L,11,95.11
2467,καταλλάσσω,to change,L,11,95.12
2468,δίχα,"in two, asunder",,11,95.12
2469,ἀλείφω,"to anoint with oil, oil",L,11,95.12
2470,καταγορεύω,to denounce,L,11,95.12
2471,πῶ,where?,F,11,95.12
2472,δίειμι,"to go to and fro, roam about",L,11,95.13
2473,πάροδος,passer-by,L,11,95.13
2474,πήγνυμι,to make fast,L,11,95.13
2475,αὐλός,aulos (wind instrument resembling oboe),,11,95.13
2476,ἀπειρία,"want of skill, inexperience",,11,95.14
2477,ἀντιλαμβάνω,to receive instead of,L,11,95.14
2478,ἱέρεια,a priestess,,11,95.14
2479,τηλικόσδε,of such an age,,11,95.14
2480,ἐναργής,"visible, palpable, in bodily shape",,11,95.15
2481,ἀπαρχή,"the beginning of a sacrifice, the primal offering",L,11,95.15
2482,ὑπερέχω,"to hold sth over or above sth; to excel, outdo",L,11,95.15
2483,ἐφεξῆς,"in order, in a row, one after another",,11,95.15
2484,συλλήβδην,"collectively, in sum, in short",,11,95.16
2485,φήμη,"a voice from heaven, a prophetic voice",,11,95.16
2486,ἐπιλέγω,"to choose, pick out, select",L,11,95.16
2487,ἁρμοστής,one who arranges,,11,95.16
2488,βασίλειον,"a kingly dwelling, palace",L,11,95.16
2489,ἐπικουρέω,to act as an ally,L,11,95.17
2490,δυστυχία,"ill luck, ill fortune",L,11,95.17
2491,στήλη,a block of stone,L,11,95.17
2492,ἀπορρέω,to flow,L,11,95.17
2493,ἀπόδειξις,"a shewing forth, exhibiting",,11,95.18
2494,φορτίον,"a load, burden",L,11,95.18
2495,ναύκληρος,"a shipowner, ship-master",,11,95.18
2496,δούλη,slave,L,11,95.18
2497,ἤτοι,"now surely, truly, verily",,11,95.19
2498,γυναικεῖος,of or belonging to women,L,11,95.19
2499,ἐπιφαίνω,"to shew forth, display, shew off",L,11,95.19
2500,ποίημα,anything made,L,11,95.19
2501,ἄγαλμα,"a glory, delight, honour; a cult statue",L,11,95.2
2502,εὐωχέω,"to feast, entertain sumptuously",L,11,95.2
2503,εὐειδής,"well-shaped, goodly, beautiful, beauteous",,11,95.2
2504,κακοῦργος,"doing ill, mischievous, knavish, villanous",,11,95.2
2505,βόσκω,"to feed, tend",L,11,95.2
2506,πένθος,"grief, sadness, sorrow",,11,95.21
2507,γωνία,"a corner, angle",,11,95.21
2508,πῆχυς,the fore-arm,,11,95.21
2509,ὅμηρος,"a pledge for the maintenance of unity, a surety, a hostage",,11,95.21
2510,πέδη,a fetter,L,11,95.22
2511,σιγή,silence,L,11,95.22
2512,ῥύομαι,to draw to oneself,L,11,95.22
2513,σύνδουλος,a fellow-slave,L,11,95.22
2514,θείνω,"to strike, wound",L,11,95.23
2515,κλαυθμός,a weeping,L,11,95.23
2516,παντοῖος,of all sorts,,11,95.23
2517,ἀληθεύω,to speak truth,L,11,95.23
2518,τῆ,take,,11,95.24
2519,ὁμιλία,"a being together, communion, intercourse, converse, company",,11,95.24
2520,εὐπετής,falling well; favourable,,11,95.24
2521,φοῖνιξ,"a purple-red, purple; date palm",L,11,95.24
2522,ἑλκέω,"to drag about, tear asunder",L,11,95.24
2523,ἐγγυητής,"one who gives security, a surety",,11,95.25
2524,ἀνατέλλω,to make to rise up,L,11,95.25
2525,ἀγαλλιάω,to rejoice exceedingly,L,11,95.25
2526,ψευδοπροφήτης,"false, lying prophet",L,11,95.25
2527,ὑπαντάω,to come,L,11,95.26
2528,κλάδος,a young slip,,11,95.26
2529,καταβολή,a throwing,,11,95.26
2530,ἀλέκτωρ,a cock,L,11,95.26
2531,διαμερίζω,to distribute,L,11,95.27
2532,ἧ,(Cyr.) where,,11,95.27
2533,ἀγαθοποιέω,to do good,L,11,95.27
2534,μνῆμα,"a memorial, remembrance, record",L,11,95.27
2535,ἀσέλγεια,licentiousness,,11,95.28
2536,ὑστέρημα,"deficiency, need, want",,11,95.28
2537,ἀποκάλυψις,"an uncovering, a revelation",,11,95.28
2538,μαστός,one of the breasts,,11,95.28
2539,φωτίζω,"to enlighten, illuminate: to instruct, teach",L,11,95.28
2540,συμφωνία,concord,L,11,95.29
2541,ἐξουδενόω,to set at naught,L,11,95.29
2542,μοιχός,"an adulterer, paramour, debaucher",L,11,95.29
2543,ὁμοθυμαδόν,with one accord,,11,95.29
2544,μεταστρέφω,"to turn about, turn round, turn",L,11,95.3
2545,μετατίθημι,to place among,L,11,95.3
2546,σαῦλος,"swaggering, straddling",,11,95.3
2547,ἐπιποθέω,to yearn after,L,11,95.3
2548,καύχησις,reason to boast,,11,95.31
2549,καύχημα,"a boast, vaunt",,11,95.31
2550,χρηματισμός,"an oracular response, divine warning",L,11,95.31
2551,παιδαγωγός,a boy-ward;,L,11,95.31
2552,δοκιμασία,"an assay, examination, scrutiny",L,11,95.32
2553,πότος,"drinking, a drinking-bout, carousal",L,11,95.32
2554,μεγαλοπρεπής,"befitting a great man, magnificent",,11,95.32
2555,φιλομαθής,"fond of learning, eager after knowledge",L,11,95.32
2556,θαρσαλέος,"bold, of good courage, ready, daring, undaunted",,11,95.32
2557,κακόνοος,"ill-disposed, disaffected",,11,95.33
2558,λήγω,"to stay, abate",L,11,95.33
2559,ἑταίρα,a companion,,11,95.33
2560,κώμαρχος,leader of a village (κώμη); of revels (κῶμος),,11,95.33
2561,μηδαμῇ,not at all,,11,95.34
2562,δημότης,"one of the people, a commoner, plebeian",L,11,95.34
2563,τίμημα,"an estimate, valuation",L,11,95.34
2564,παιδιά,"childish play, pastime, amusement",L,11,95.34
2565,παιδικός,"of, for children",L,11,95.35
2566,ἀντιβολέω,to meet by chance,L,11,95.35
2567,χρῶμα,"the surface, skin: the colour of the skin, the complexion",,11,95.35
2568,δημοκρατικός,"of or for democracy; favoring, suited to democracy",L,11,95.35
2569,γυμνάσιον,(gymnastic) school; (pl.) exercises,L,11,95.35
2570,ἔφοδος,accessible,,10,95.36
2571,εἰσπλέω,"to sail into, enter",L,10,95.36
2572,ἄλφιτον,peeled,,10,95.36
2573,ἀνήκεστος,"not to be healed, incurable, irreparable, fatal",,10,95.36
2574,ἀπόκρισις,a separating; a reply,,10,95.37
2575,ὕλη,"wood, material",,10,95.37
2576,πρόσκειμαι,"to be placed at, by; to be attached to, devoted to",L,10,95.37
2577,κονιορτός,"dust stirred up, a cloud of dust",,10,95.37
2578,εἰσακούω,to hearken,L,10,95.37
2579,δίψα,thirst,L,10,95.38
2580,αὐτόθεν,from the very spot,,10,95.38
2581,συναγείρω,"to gather together, assemble",L,10,95.38
2582,ζωγρέω,"to take alive, revive",L,10,95.38
2583,ἀναβάλλω,(to throw up;) strike up (a song); delay,L,10,95.38
2584,ἐπιμελής,careful,,10,95.39
2585,ἐγγύτερος,nearer,,10,95.39
2586,πλίνθος,a brick,,10,95.39
2587,ῥώννυμι,"to strengthen, make strong and mighty",L,10,95.39
2588,κἄν,"and if, even if, although",,10,95.4
2589,κατορθόω,"to set upright, erect",L,10,95.4
2590,ῥαίω,"to break, shiver, shatter, wreck",L,10,95.4
2591,ἐμφανής,obvious,,10,95.4
2592,ἐπιβαίνω,to go upon,L,10,95.4
2593,στέρομαι,"to be wanting in, to lack, want",L,10,95.41
2594,ἀκόλουθος,"following, attending on",L,10,95.41
2595,μονόω,to make single,L,10,95.41
2596,παραφέρω,to bring to,L,10,95.41
2597,ἅλς,a lump of salt,L,10,95.41
2598,κόλαξ,"a flatterer, fawner",,10,95.42
2599,ἀοιδή,"song, a singing",,10,95.42
2600,πανήγυρις,"a general, festive assembly",,10,95.42
2601,εἰκῇ,without plan,,10,95.42
2602,γέρας,a gift of honour,,10,95.43
2603,θεωρία,"a looking at, viewing, beholding",,10,95.43
2604,δαπάνη,"outgoing, cost, expense, expenditure",,10,95.43
2605,θέμις,that which is laid down,,10,95.43
2606,διαλλαγή,"interchange, exchange",,10,95.43
2607,ὀδύρομαι,"to lament, bewail, mourn for",L,10,95.44
2608,κάτειμι,go down,L,10,95.44
2609,παρανομέω,"to transgress the law, act unlawfully",L,10,95.44
2610,λεία2,"booty, plunder",,10,95.44
2611,λεία,tool for smoothing stone,,10,95.44
2612,διανέμω,"to distribute, apportion",L,10,95.45
2613,ἐπανορθόω,"to set up again, restore",L,10,95.45
2614,τίσις,payment by way of return,,10,95.45
2615,ἄλλοθι,"elsewhere, in another place, in a strange",,10,95.45
2616,γνώριμος,"well-known, familiar; the notables (opp. δῆμος)",L,10,95.46
2617,ἐντίθημι,to put in,L,10,95.46
2618,αἰδέομαι,to be ashamed to do,L,10,95.46
2619,ἐκδύω,"to take off, strip off",L,10,95.46
2620,τραῦμα,"a wound, hurt",,10,95.46
2621,θεοπρόπος,"foretelling things by a spirit of prophecy, prophetic",,10,95.47
2622,παράπαν,"altogether, absolutely",,10,95.47
2623,ὀσμή,"a smell, scent, odour",,10,95.47
2624,στερεός,"stiff, stark, firm, solid",,10,95.47
2625,ἀπεῖπον,"to speak out, tell out, declare (Hom.), deny, refuse, forbid",,10,95.47
2626,ἁλίζω,"to gather together, to muster",L,10,95.48
2627,τόξον,a bow,,10,95.48
2628,ἐκτρέπω,"to turn out of the course, to turn aside",L,10,95.48
2629,ῥήγνυμι,"to break, break asunder",L,10,95.48
2630,ἀχάριστος,"ungracious, unpleasant, unpleasing",,10,95.49
2631,ὦμος,shoulder (with the upper arm),,10,95.49
2632,εὐνοῦχος,a eunuch,,10,95.49
2633,λούω,to wash,L,10,95.49
2634,ψυχρός,"cold, chill",,10,95.49
2635,στέλλω,"to set in order, to arrange, array, equip, make ready",L,10,95.5
2636,ἐξικνέομαι,"to reach, arrive at",L,10,95.5
2637,νότος,the south,,10,95.5
2638,μέτωπον,"the space between the eyes, the brow, forehead",,10,95.5
2639,βαίνω,"to walk, step",L,10,95.5
2640,ἄρδω,to water,L,10,95.51
2641,μέλι,honey,,10,95.51
2642,λάμπω,"to give light, shine, beam, be bright, brilliant, radiant",L,10,95.51
2643,θυμόω,to make angry,L,10,95.51
2644,ἀνειλέω,to roll up together,L,10,95.51
2645,ὅριον,"a boundary, limit",,10,95.52
2646,περίχωρος,round about a place,,10,95.52
2647,ἐξομολογέομαι,to confess in full,L,10,95.52
2648,παραλυτικός,paralytic,,10,95.52
2649,λύκος,a wolf,,10,95.53
2650,κῦμα,anything swollen,,10,95.53
2651,μήτις,"μή τις, no one",,10,95.53
2652,διωγμός,the chase,L,10,95.53
2653,φάντασμα,"an appearance, phantasm, phantom",L,10,95.53
2654,συμφωνέω,"to agree in sound, be in harmony",L,10,95.54
2655,μακροθυμέω,to be long-suffering,L,10,95.54
2656,σοῦ,shoo!,,10,95.54
2657,σεύω,"to put in quick motion: to drive, hunt, chase away",L,10,95.54
2658,ἐντρέπω,to turn about,L,10,95.54
2659,κλητός,"called, invited, welcome",,10,95.55
2660,ἀσπασμός,"a greeting, embrace, salutation",,10,95.55
2661,ἀκαθαρσία,"uncleanness, impurity",L,10,95.55
2662,κιβωτός,"a wooden box, chest, coffer",,10,95.55
2663,δευτερόω,do the second time: repeat,L,10,95.56
2664,ἐμφανίζω,"to make manifest, exhibit",L,10,95.56
2665,κυλίνδω,"to roll, roll along",L,10,95.56
2666,προσκαρτερέω,to persist obstinately in,L,10,95.56
2667,ἀποκόπτω,"to cut off, hew off",L,10,95.56
2668,δικαίωμα,an act by which wrong is set right,L,10,95.57
2669,συνόχωκα,to be held together,,10,95.57
2670,δακτύλιος,"a ring, seal-ring",,10,95.57
2671,λυσιτελής,paying what is due,,10,95.57
2672,ἄστρον,the stars,,10,95.57
2673,ἀπολύτρωσις,a ransoming,,10,95.58
2674,ἐλύω,to roll round,L,10,95.58
2675,ψεύστης,"a liar, cheat",L,10,95.58
2676,ἀλλάσσω,"to make other than it is, to change, alter",L,10,95.58
2677,ἐκλογή,"a picking out, choice, election",,10,95.59
2678,παρρησιάζομαι,"to speak freely, openly, boldly",L,10,95.59
2679,θέατρον,a place for seeing,,10,95.59
2680,παρεμβολή,"insertion, interpolation",,10,95.59
2681,κέντρον,any sharp point,,10,95.59
2682,χρηστότης,"goodness, honesty",L,10,95.6
2683,ἁγιασμός,"consecration, sanctification",L,10,95.6
2684,εὐάρεστος,"well-pleasing, acceptable",,10,95.6
2685,πόρνος,catamite,L,10,95.6
2686,πῶμα2,"a drink, a draught",,10,95.6
2687,πιστόν,pledge,L,10,95.61
2688,παντοκράτωρ,almighty,,10,95.61
2689,ἁγνός,full of religious awe,L,10,95.61
2690,δάκνω,to bite,L,10,95.61
2691,δέκατος,tenth,L,10,95.62
2692,νόθος,"a bastard; in Athens, also child of citizen father and alien mother",,10,95.62
2693,κυέω,"to bear in the womb, to be pregnant with",L,10,95.62
2694,καταδύω,"to go down, sink, set",L,10,95.62
2695,καίνω,"to kill, slay",L,10,95.62
2696,πλαίσιον,an oblong figure,,10,95.63
2697,χαράδρα,"a mountain stream, a torrent, which cuts itself",,10,95.63
2698,χαρίεις,"graceful, beautiful, lovely",,10,95.63
2699,χρηματιστικός,of or for traffic and money-making,L,10,95.63
2700,πάγκαλος,"all beautiful, good",L,10,95.63
2701,δοτέος,to be given,L,10,95.64
2702,ψευδοκύων,a sham Cynic,,10,95.64
2703,σκέψις,"a viewing, perception by the senses",,10,95.64
2704,ἀθρέω,"to look at, gaze at, observe, perceive",L,10,95.64
2705,χρηματιστής,"a man in business, money-getter, trafficker",L,10,95.64
2706,ὄψον,cooked meat,,10,95.65
2707,μυθολογέω,to tell mythic tales,L,10,95.65
2708,ἀλλοιόω,"to make different, to change, alter",L,10,95.65
2709,μίμημα,"anything imitated, a counterfeit, copy",L,10,95.65
2710,ἐγχωρέω,to give room,L,10,95.66
2711,φειδωλός,"sparing, thrifty",L,10,95.66
2712,μορία,the sacred olives,,10,95.66
2713,εὐπορία,an easy way,L,9,95.66
2714,φρούριον,"a watch-post, garrisoned fort, citadel",,9,95.66
2715,περίοικος,dwelling round,L,9,95.67
2716,παρατείνω,to stretch out along,L,9,95.67
2717,τριήραρχος,the captain of a trireme,L,9,95.67
2718,κατάγνυμι,"to break in pieces, shatter, shiver, crack",L,9,95.67
2719,περιπλέω,to sail,L,9,95.67
2720,ἐπιχώριος,"in or of the country, local, native",,9,95.68
2721,ἀκίνδυνος,"without danger, free from danger",L,9,95.68
2722,ἐπικρατέω,to rule over,L,9,95.68
2723,φρουρός,"a watcher, guard",,9,95.68
2724,ἀθυμία,"want of heart, faintheartedness",L,9,95.68
2725,ἔρυμα,"a fence, guard",,9,95.68
2726,ἐπινοέω,to think on,L,9,95.69
2727,περίοδος,"one who goes the rounds, patrol",L,9,95.69
2728,ληΐζομαι,"seize, carry off as booty",L,9,95.69
2729,σκυλεύω,to strip,L,9,95.69
2730,ἀνδραποδίζω,"to reduce to slavery, enslave",L,9,95.69
2731,παραυτίκα,"immediately, forthwith, straightway",,9,95.7
2732,κατακλείω,"to shut in, enclose",L,9,95.7
2733,ἐκεχειρία,"a holding of hands, a cessation of hostilities, armistice, truce",,9,95.7
2734,ἀπαλλαγή,"deliverance, release, relief from",,9,95.7
2735,εὔλογος,"having good reason, reasonable, sensible",,9,95.7
2736,ἔχθιστος,"most hated, most hateful",,9,95.71
2737,φιλονικέω,"to be fond of victory, engage in rivalry, be contentious",L,9,95.71
2738,καρτερέω,"to be steadfast, patient, staunch",L,9,95.71
2739,σύνθημα,"anything agreed upon, a preconcerted signal",L,9,95.71
2740,ἅλωσις,"a taking, capture, conquest, destruction",,9,95.71
2741,ἑπτακόσιοι,seven hundred,,9,95.72
2742,προσελαύνω,to drive,L,9,95.72
2743,εἰσηγέομαι,"to bring in, introduce",L,9,95.72
2744,προκρίνω,"to choose before others, choose by preference, prefer, select",L,9,95.72
2745,προσαναγκάζω,to force,L,9,95.72
2746,παρανομία,"transgression of law, decency",L,9,95.73
2747,σφενδονήτης,a slinger,,9,95.73
2748,περιποιέω,"to make to remain over and above, to keep safe, preserve",L,9,95.73
2749,ἔνδοθεν,from within,,9,95.73
2750,εἰσδέχομαι,"to take into, admit",L,9,95.73
2751,σύλλογος,an assembly,L,9,95.73
2752,πρεσβεία,"age, seniority; embassy",L,9,95.74
2753,ἀντιποιέω,"to do in return; mid. lay claim to, seek after",L,9,95.74
2754,συμβόλαιον,"a mark, contract, engagement, intercourse",,9,95.74
2755,ἀθανασία,immortality,L,9,95.74
2756,πέρας,"an end, limit, boundary",,9,95.74
2757,ἐνοχλέω,"to trouble, disquiet, annoy",L,9,95.75
2758,ἀκροατής,a hearer,L,9,95.75
2759,φιλονικία,"love of victory, rivalry, contentiousness",L,9,95.75
2760,ἀναίρω,to lift up,L,9,95.75
2761,ἐπαμύνω,"to come to aid, defend, assist",L,9,95.75
2762,ξενία,"the rights of a guest, hospitality, friendly entertainment",,9,95.76
2763,εὐεργετέω,"to do well, do good",L,9,95.76
2764,διαλείπω,to leave an interval between,L,9,95.76
2765,ζεύγνυμι,"to yoke, put to",L,9,95.76
2766,ἐρημόω,"to strip bare, to desolate, lay waste",L,9,95.76
2767,ποθέω,"to long for, yearn after",L,9,95.77
2768,ἀφθονία,freedom from envy,,9,95.77
2769,ἄτακτος,not in battle-order,,9,95.77
2770,πολλαχῆ,"many times, often",,9,95.77
2771,πικρός,"pointed, sharp, keen",,9,95.77
2772,μισθοφορά,receipt of wages,,9,95.78
2773,πολιά,grayness of hair,,9,95.78
2774,νοόω,convert into pure Intelligence,L,9,95.78
2775,ἐπέρομαι,to ask besides,L,9,95.78
2776,ὅρκιον,an oath,,9,95.78
2777,εὐτυχής,"well off, successful, lucky, fortunate, prosperous",,9,95.78
2778,αἰχμή,the point of a spear,L,9,95.79
2779,ὑπόκρισις,"a reply, answer; performance",L,9,95.79
2780,ἕζομαι,"to seat oneself, sit",L,9,95.79
2781,ἁλίζω2,to salt,L,9,95.79
2782,ἐπιτροπεύω,"to be a trustee, administrator, guardian, governor",L,9,95.79
2783,ἔφορος,"an overseer, guardian, ruler",,9,95.8
2784,εὐνομέομαι,"to have good laws, to be orderly",L,9,95.8
2785,ἀνευρίσκω,"to find out, make out, discover",L,9,95.8
2786,χαλκεύς,"a worker in copper, a smith",,9,95.8
2787,φρέαρ,a well,,9,95.8
2788,εὔζωνος,well-girdled,,9,95.81
2789,συμβιβάζω,to bring together,L,9,95.81
2790,ῥεῖθρον,"that which flows, a river, stream",,9,95.81
2791,ἀΐω,perceive,L,9,95.81
2792,ὑβριστής,"a violent, overbearing person, a wanton, insolent man",L,9,95.81
2793,ἔπιπλα,"implements, utensils, furniture, moveable property",,9,95.82
2794,καθήκω,"to have come; to suit, to belong to, be one’s duty",L,9,95.82
2795,φαρμακός,"one sacrificed, scapegoat",,9,95.82
2796,βρέφος,the babe in the womb,,9,95.82
2797,ἀντάω,"to come opposite to, meet face to face, meet with",L,9,95.82
2798,ἐνέχω,to hold within,L,9,95.83
2799,ἐλαφρός,"lightly, buoyantly",,9,95.83
2800,διαιτάω,act. to treat; to arbitrate; mid. to live (a certain way),L,9,95.83
2801,ἁνδάνω,"to please, delight, gratify",L,9,95.83
2802,ὑποδέω,to bind under: put shoes on,L,9,95.83
2803,ἴς,"sinew, tendon",,9,95.83
2804,φύλλον,a leaf;,,9,95.84
2805,θυμίαμα,that which is burnt as incense,,9,95.84
2806,οἷα,causal particle w pple.s see οἷος V 3,F,9,95.84
2807,ἀποδοκιμάω,to reject,L,9,95.84
2808,προσμένω,to bide,L,9,95.84
2809,πτέρυξ,the wing,,9,95.85
2810,ἀζήμιος,"free from further payment: without loss, scot-free",L,9,95.85
2811,ὀσφύς,the loin,,9,95.85
2812,βάσανος,the touch-stone,,9,95.85
2813,θυσιαστήριον,an altar,,9,95.85
2814,πλατεῖα,street,,9,95.86
2815,ἀμφιέννυμι,to put round,L,9,95.86
2816,μαργαρίτης,a pearl,,9,95.86
2817,λεπρός,"scaly, scabby, rough, leprous",,9,95.86
2818,δυσμή,setting,,9,95.86
2819,ἀγέλη,a herd,L,9,95.87
2820,εὐδοκία,"satisfaction, approval",L,9,95.87
2821,ζυγόν,anything which joins two,,9,95.87
2822,κραυγάζω,to bay,L,9,95.87
2823,ἀποτίθημι,"to put away, stow away",L,9,95.87
2824,κλάσμα,"that which is broken off, a fragment, morsel",,9,95.87
2825,ἵλαος,"propitious, gracious",,9,95.88
2826,τράχηλος,"the neck, throat",,9,95.88
2827,ἄφοδος,"a going away, departure",,9,95.88
2828,κατέναντα,"over against, opposite",,9,95.88
2829,σπήλαιον,"a grotto, cave, cavern",,9,95.88
2830,νομικός,"resting on law, conventional",,9,95.89
2831,ἀστραπή,"a flash of lightning, lightning",,9,95.89
2832,λαμπάς,a torch,,9,95.89
2833,διασκορπίζω,to scatter abroad,L,9,95.89
2834,ἄζυμος,unleavened,L,9,95.89
2835,καταμαρτυρέω,to bear witness against,L,9,95.9
2836,ἆ,ah!,,9,95.9
2837,ἰός,an arrow,,9,95.9
2838,οἴ,ah! woe!,F,9,95.9
2839,μένος,"might, force, strength, prowess, courage",L,9,95.9
2840,πανταχῆ,everywhere,,9,95.91
2841,χαλάω,"to slacken, loosen",L,9,95.91
2842,ἀρχισυνάγωγος,the ruler of a synagogue,,9,95.91
2843,ἀφροσύνη,"folly, thoughtlessness, senselessness",,9,95.91
2844,κατηχέω,"to sound, to instruct",L,9,95.91
2845,ὁσιότης,"piety, holiness",,9,95.92
2846,μονογενής,"only, single (child)",,9,95.92
2847,ἄβυσσος,"with no bottom, bottomless, unfathomed",L,9,95.92
2848,ἐκδίκησις,an avenging,,9,95.92
2849,παράδεισος,a park,,9,95.92
2850,χθές,yesterday,,9,95.92
2851,τυφλόω,"to blind, make blind",L,9,95.93
2852,λιθάζω,to fling stones,L,9,95.93
2853,τεκνίον,a little,,9,95.93
2854,μιαίνω,"to stain, to defile",L,9,95.93
2855,κατάπαυσις,"a putting to rest: a putting down, deposing",,9,95.93
2856,εἰδωλόθυτος,sacrificed to idols,,9,95.94
2857,προσφορά,"a bringing to, applying, application",L,9,95.94
2858,ἀδόκιμος,"not standing the test, spurious",L,9,95.94
2859,κενόω,"to empty out, drain",L,9,95.94
2860,πλεονάζω,to be more,L,9,95.94
2861,φιλόνικος,"fond of victory, contentious.",L,9,95.95
2862,κυβερνάω,to act as pilot,L,9,95.95
2863,ἐλεεινός,"finding pity, pitied",L,9,95.95
2864,ἐκκλησιάζω,"to hold an assembly, debate therein",L,9,95.95
2865,ἄμωμος,"without blame, blameless",,9,95.95
2866,ἀπατάω,"to cheat, trick, outwit, beguile",L,9,95.96
2867,ὁρατός,"to be seen, visible",,9,95.96
2868,μελέτη,"care, attention",,9,95.96
2869,βλαβερός,"hurtful, noxious, disadvantageous",L,9,95.96
2870,ἐγκρατής,in possession of power,,9,95.96
2871,ἀφομοιόω,to make like,L,9,95.97
2872,οὐρά,the tail,,9,95.97
2873,γυμνής,"a light-armed foot-soldier, slinger",L,9,95.97
2874,πέλτη,a small light shield,,9,95.97
2875,παρελαύνω,to drive by,L,9,95.97
2876,οὔποτε,never,,9,95.97
2877,συνέπομαι,"to follow along with, follow closely",L,9,95.98
2878,ἐπισιτίζομαι,to furnish oneself with food,L,9,95.98
2879,γέρρον,anything made of wicker-work,,9,95.98
2880,πειστέος,one must persuade,L,9,95.98
2881,πένομαι,to work for one's daily bread,L,9,95.98
2882,παρεγγυάω,to hand over,L,9,95.99
2883,πομπή,"conduct, escort, guidance",,9,95.99
2884,ἐκπορίζω,"to invent, contrive",L,9,95.99
2885,κάλπη,trot,,9,95.99
2886,νάπος,valley,,9,95.99
2887,δωροδοκέω,to accept as a present,L,9,96
2888,φυτόν,"that which has grown, a plant, tree",L,9,96
2889,ἀνελεύθερος,not fit for a free man,,9,96
2890,μαντικός,"prophetic, oracular",,9,96
2891,φορά,a carrying,L,9,96
2892,ἄμουσος,"without the Muses, without taste, unrefined, inelegant, rude, gross",,9,96.01
2893,ὀλοφύρομαι,"to lament, wail, moan, weep",L,9,96.01
2894,ἐατέος,to be suffered,,9,96.01
2895,φυλακικός,fitted for watching,L,9,96.01
2896,ἐκκηρύσσω,to proclaim by voice of herald,L,9,96.01
2897,προσβολή,"a putting to, application",L,8,96.01
2898,καταφέρω,to bring down,L,8,96.02
2899,σχολάζω,to have leisure,L,8,96.02
2900,ἀγγεῖον,"vessel, reservoir",L,8,96.02
2901,ἐπιβοηθέω,"to come to aid, to succour",L,8,96.02
2902,ὁμόσε,to one and the same place,F,8,96.02
2903,ἐνδέχομαι,to take upon oneself; to be possible,L,8,96.03
2904,ἠπειρώτης,"of the mainland, living there",,8,96.03
2905,ἀποχέω,to pour out,L,8,96.03
2906,πταίω,to make to stumble,L,8,96.03
2907,οἰκειότης,"kindred, relationship",L,8,96.03
2908,εἰσπίπτω,to fall into,L,8,96.03
2909,κάλως,"a reefing rope, reef",,8,96.04
2910,τυρός,cheese,,8,96.04
2911,ἐπικηρυκεύομαι,to send a message by a herald,L,8,96.04
2912,ὀκτακόσιοι,eight hundred,,8,96.04
2913,στέγω,"to cover closely, so as to keep",L,8,96.04
2914,συγκλείω,to shut,L,8,96.04
2915,νεωτερίζω,"to attempt anything new, make a violent",L,8,96.05
2916,φρουρά,"a looking out, watch, guard",,8,96.05
2917,ἔννομος,"within the law, lawful, legal",,8,96.05
2918,προκόπτω,to advance,L,8,96.05
2919,μωρία,"silliness, folly",,8,96.05
2920,ἑξακισχίλιοι,six thousand,,8,96.05
2921,ἐξέτασις,"a close examination, scrutiny, review",,8,96.06
2922,καταπίπτω,to fall,L,8,96.06
2923,ἐπικίνδυνος,"in danger, dangerous, insecure, precarious",,8,96.06
2924,ἀεκούσιος,"against one's will, involuntary",L,8,96.06
2925,ἱερόω,"to hallow, consecrate, dedicate",L,8,96.06
2926,φλόξ,a flame,,8,96.06
2927,δείλη,afternoon,,8,96.07
2928,κατασκάπτω,"to dig down, destroy utterly, rase to the ground, overthrow",L,8,96.07
2929,ἔσω,to the interior,F,8,96.07
2930,ὄρθρος,"day-break, dawn, cock-crow",,8,96.07
2931,νησιώτης,an islander,,8,96.07
2932,ἀπειλή,"boasts, threats",,8,96.07
2933,μισθωτός,hired,,8,96.08
2934,ζηλωτός,"to be emulated, worthy of imitation",,8,96.08
2935,εὐπορέω,"to prosper, thrive, be well off",L,8,96.08
2936,δύσκολος,hard to satisfy with food;,,8,96.08
2937,σπάνιος,"rare, scarce, scanty",,8,96.08
2938,ταῦρος,a bull,,8,96.08
2939,συλάω,to strip off,L,8,96.09
2940,κριτός,"picked out, chosen",,8,96.09
2941,καταχράω,"to suffice, see καταχράομαι end of entry",L,8,96.09
2942,δυσχεραίνω,to be unable to endure,L,8,96.09
2943,τροφός,"a feeder, rearer, nurse",L,8,96.09
2944,εὐμενής,"well-disposed, kindly",,8,96.1
2945,δισσός,"two-fold, double",,8,96.1
2946,θηριώδης,"full of wild beasts, infested by them",,8,96.1
2947,συμφορέω,"to bring together, to gather, collect, heap up",L,8,96.1
2948,καταδείκνυμι,to discover and make known,L,8,96.1
2949,παίδευσις,"education, a system of education",L,8,96.1
2950,διαμένω,"to remain by, stand by",L,8,96.11
2951,διορύσσω,to dig through,L,8,96.11
2952,ἀποχράω,"to suffice, be sufficient, be enough; to be content with",L,8,96.11
2953,πειθαρχέω,to obey one in authority,L,8,96.11
2954,ἅρπαξ,rapacious,,8,96.11
2955,τρυφάω,"to live softly, delicately, luxuriously, to fare sumptuously",L,8,96.11
2956,ὑπερήφανος,"overweening, arrogant, haughty",,8,96.12
2957,ἀρά,"a prayer, imprecation, curse",,8,96.12
2958,ἀρή,"bane, ruin",,8,96.12
2959,εὐήθεια,"goodness of heart, good nature, guilelessness, simplicity, honesty",,8,96.12
2960,λοιδορία,"railing, abuse",,8,96.12
2961,ἐρίζω,"to strive, wrangle, quarrel",L,8,96.12
2962,πόρος,"a means of passing/providing, provision",,8,96.13
2963,νεανικός,"youthful, fresh, active, vigorous",,8,96.13
2964,ἐπιμιμνήσκομαι,"to remember, think of; to mention",L,8,96.13
2965,ἐνδέω,"to bind in, on",L,8,96.13
2966,ἐνδέω2,to be in want of,L,8,96.13
2967,καταπαύω,"to lay to rest, put an end to",L,8,96.13
2968,ἀνατρέπω,to turn up,L,8,96.14
2969,ἐνύπνιον,a thing seen in sleep,,8,96.14
2970,μαρτύρομαι,"to call to witness, attest, invoke",L,8,96.14
2971,συντρέχω,"to run together so as to meet, to encounter",L,8,96.14
2972,δόσις,a giving,L,8,96.14
2973,πίων,"fat, plump",,8,96.14
2974,ὀστέον,bone,,8,96.15
2975,σιτέω,"take food, eat",L,8,96.15
2976,αὐχήν,"the neck, throat",,8,96.15
2977,ξενικός,"of or for a stranger, alien, mercenary, non-Attic; hospitable",,8,96.15
2978,κομάω,to let the hair grow long; give oneself airs,L,8,96.15
2979,προτεραῖος,on the day before,,8,96.15
2980,πυρή,any place where fire is kindled,L,8,96.16
2981,σβέννυμι,"to quench, put out",L,8,96.16
2982,πορνεύω,to prostitute,L,8,96.16
2983,ἄνειμι,"go up, reach",L,8,96.16
2984,πέριξ,"round about, all round",,8,96.16
2985,ἐπίτροπος,"one to whom a charge is entrusted, a trustee, administrator",,8,96.17
2986,παραβάλλω,to throw beside,L,8,96.17
2987,ἀράομαι,to pray to,L,8,96.17
2988,αὐλητής,a flute-player,,8,96.17
2989,ὑφίημι,to let down,L,8,96.17
2990,τρισσός,threefold,L,8,96.17
2991,πόσις,"a husband, spouse, mate",,8,96.18
2992,ἀήρ,"the lower air, the air",L,8,96.18
2993,στόρνυμι,spread,L,8,96.18
2994,σκολιός,"curved, winding, twisted, tangled",,8,96.18
2995,ἀτελής,without end,,8,96.18
2996,χειροποίητος,"made by hand, artificial",L,8,96.18
2997,φεύζω,to cry φεῦ,L,8,96.19
2998,μεθερμηνεύω,translate,L,8,96.19
2999,ὀδυρμός,"a complaining, lamentation",,8,96.19
3000,ἔνδυμα,a garment,,8,96.19
3001,προσκόπτω,to strike,L,8,96.19
3002,θησαυρίζω,to store,L,8,96.19
3003,μῆτις,"wisdom, counsel, cunning, craft",,8,96.2
3004,σαπρός,"rotten, putrid",,8,96.2
3005,καλύπτω,to cover with,L,8,96.2
3006,σχίσμα,"a cleft, a rent",,8,96.2
3007,κοράσιον,"a girl, maiden",,8,96.2
3008,ἀριθμέω,"to number, count",L,8,96.2
3009,συμβούλιον,counsel,,8,96.21
3010,ἤ2,exclam.,,8,96.21
3011,καρποφορέω,to bear fruit,L,8,96.21
3012,πτῶμα,a fall,L,8,96.21
3013,γογγύζω,"to mutter, murmur",L,8,96.21
3014,φιμόω,"to muzzle, shut up as with a muzzle",L,8,96.21
3015,καταπίνω,"to gulp, swallow down",L,8,96.22
3016,ἐπισυνάγω,to collect and bring to,L,8,96.22
3017,πραιτώριον,Castra Praetoriana,,8,96.22
3018,οἰκοδόμος,"a builder, an architect",L,8,96.22
3019,λέγος,lewd,,8,96.22
3020,γεμίζω,"to fill full of, to load",L,8,96.22
3021,διαστέλλω,"to put asunder, tear open",L,8,96.23
3022,εὐλογητός,blessed,,8,96.23
3023,ἄφθαρτος,"uncorrupted, incorruptible",,8,96.23
3024,ἀπειθής,disobedient,,8,96.23
3025,πρωτότοκος,first-born,,8,96.23
3026,μέτοχος,"sharing in, partaking of",,8,96.23
3027,ζηλωτής,"an emulator, zealous admirer",,8,96.24
3028,συναντάω,to meet face to face,L,8,96.24
3029,ἐκζητέω,"to seek out, enquire",L,8,96.24
3030,ἀντίκειμαι,"to be set over against, lie opposite",L,8,96.24
3031,βάπτω,to dip in water,L,8,96.24
3032,στῆθος,the breast,,8,96.25
3033,πραγματεύομαι,"to busy oneself, take trouble",L,8,96.25
3034,ἀπόκειμαι,to be laid away,L,8,96.25
3035,διϊσχυρίζομαι,"lean upon, rely on",L,8,96.25
3036,ἐπίγειος,terrestrial,,8,96.25
3037,παραμυθέομαι,to encourage,L,8,96.25
3038,διάλεκτος,"discourse: discussion, debate, arguing",L,8,96.26
3039,διαφθορά,"destruction, ruin, blight, death.",,8,96.26
3040,δεξιόομαι,"to greet with the right hand, welcome, greet",L,8,96.26
3041,διαχειρίζω,"to have in hand, conduct, manage, administer",L,8,96.26
3042,κείρω,to cut,L,8,96.26
3043,χάραγμα,any mark engraven,,8,96.26
3044,ἀνάσσω,"to be lord, master, owner, to rule, in",L,8,96.27
3045,ἄνεσις,"a loosening, relaxing",,8,96.27
3046,μνεία,"remembrance, memory",,8,96.27
3047,ἀπεκδέχομαι,"to expect anxiously, to look for, await",L,8,96.27
3048,ἁπλότης,"singleness: simplicity, frankness",,8,96.27
3049,φιλαδελφία,brotherly love,L,8,96.27
3050,ἐποικοδομέω,to build up,L,8,96.28
3051,φυσιόω,dispose one naturally,L,8,96.28
3052,ἐπιθυμητής,one who longs for,,8,96.28
3053,εὐσχημοσύνη,"gracefulness, decorum",,8,96.28
3054,δίψος,thirst,L,8,96.28
3055,ἐνέργεια,"action, operation, energy",L,8,96.28
3056,ἄγε,come! come on! well!,L,8,96.29
3057,ὁμοιότης,"likeness, resemblance",,8,96.29
3058,συνδέω,to bind together,L,8,96.29
3059,ὑπείκω,"to retire, withdraw, depart",L,8,96.29
3060,γλυκύς,sweet,,8,96.29
3061,εἰλικρινής,"unmixed, without alloy, pure",,8,96.29
3062,εἴδομαι,"are visible, appear",L,8,96.3
3063,γήλοφος,a hill,,8,96.3
3064,εὐδαιμονίζω,to call or account happy,L,8,96.3
3065,ἀνατείνω,"to stretch up, hold up",L,8,96.3
3066,ὀπισθοφυλακέω,"to guard the rear, form the rear-guard",L,8,96.3
3067,γονή,"produce, offspring",L,8,96.3
3068,λοχαγέω,"lead a λόχος, company",L,8,96.31
3069,ἰδέ,and,,8,96.31
3070,ἀνακαλέω,"call on, invoke; call back, recall",L,8,96.31
3071,πῶμα,"a lid, cover",,8,96.31
3072,ἀηδής,"unpleasant to the taste, distasteful",L,8,96.31
3073,ἤϊα,provisions for a journey,,8,96.32
3074,βιωτός,"to be lived, worth living",L,8,96.32
3075,διόλλυμι,"to destroy utterly, bring to naught",L,8,96.32
3076,βιώσκομαι,"to quicken, make or keep alive",L,8,96.32
3077,πάνδημος,"of all the people, common, vulgar",L,8,96.32
3078,ἀνελευθερία,illiberality,L,8,96.32
3079,τμῆμα,"a part cut off, a section, piece",,8,96.33
3080,δημιουργία,"a making, creating",L,8,96.33
3081,θέσις,"a setting, placing, arranging",,8,96.33
3082,γέννα,"descent, birth",L,8,96.33
3083,κλητέος,"to be called, named",,8,96.33
3084,ὕπαρ,a waking vision,,8,96.33
3085,προσστάζω,"to drop on, shed over",L,8,96.34
3086,μέθοδος,"a following after, pursuit",,8,96.34
3087,διαλεκτικός,skilled in logical argument,L,8,96.34
3088,ἀπληστία,"insatiate desire, greediness",,8,96.34
3089,φιλοκερδής,greedy of gain,L,8,96.34
3090,ἔξαρνος,denying;,,8,96.34
3091,αὐτόσε,"thither, to the very place",,7,96.35
3092,ἀκμή,"a point, edge",L,7,96.35
3093,ἀναχώρησις,"a drawing back, retiring, retreating",,7,96.35
3094,ἐπείγω,"to press down, weigh down; mid. hasten",L,7,96.35
3095,συνεκπλέω,to sail out along with,L,7,96.35
3096,χλωρός,greenish-yellow,,7,96.35
3097,εἰσβολή,"an inroad, invasion, attack",,7,96.35
3098,ἔφοδος3,"a way towards, approach",L,7,96.36
3099,ἐπιστέλλω,"to send to, send as a message",L,7,96.36
3100,εἴσπλοος,a sailing in,,7,96.36
3101,ἀντίπαλος,wrestling against,,7,96.36
3102,ναύαρχος,"the commander of a fleet, an admiral",,7,96.36
3103,τραυματίζω,to wound,L,7,96.36
3104,σύμβασις,"an agreement, arrangement, treaty",,7,96.37
3105,ἀποπειράομαι,"to make trial, essay",L,7,96.37
3106,κρήνη,"a well, spring, fountain",,7,96.37
3107,στενοχωρία,narrowness of space: want of room,,7,96.37
3108,πόντος,the sea,L,7,96.37
3109,κατάσκοπος,"one who keeps a look out, a scout, spy",,7,96.37
3110,σφός,"their, their own, belonging to them",,7,96.37
3111,ἀπροσδόκητος,"unexpected, unlooked for",,7,96.38
3112,προσμείγνυμι,to mingle,L,7,96.38
3113,τροπή,"a turn, turning",L,7,96.38
3114,σφαγή,"slaughter, butchery",,7,96.38
3115,προδοσία,"a giving up, betrayal, treason",,7,96.38
3116,συγγράφω,"to write down, describe, compose",L,7,96.38
3117,στατήρ,gold stater,,7,96.38
3118,ἀντιλογία,"contradiction, controversy, disputation",L,7,96.39
3119,ἔχθω,to hate,L,7,96.39
3120,αὐτοκράτωρ,one's own master,,7,96.39
3121,ἐνεδρεύω,to lie in wait for,L,7,96.39
3122,ῥητός,"stated, specified",,7,96.39
3123,ὁπλιτικός,"of or for a man-at-arms, fit to serve as hoplite",L,7,96.39
3124,συντελέω,"to bring quite to an end, complete, accomplish",L,7,96.39
3125,οἴκοθεν,"from one's house, from home",L,7,96.4
3126,βέβηλος,"allowable to be trodden, permitted to human use",,7,96.4
3127,εἰστίθημι,"to put into, place in",L,7,96.4
3128,θεῖος2,one's father's or mother's brother,,7,96.4
3129,οἰκιστής,"a coloniser, founder of a city",L,7,96.4
3130,ἐμπόριον,"trading station, market place",,7,96.4
3131,ἄποικος,away from home,,7,96.41
3132,ὅμιλος,"any assembled crowd, a throng of people",,7,96.41
3133,δοκός,a bearing-beam,,7,96.41
3134,τετράγωνος,"with four equal angles, rectangular",,7,96.41
3135,προδότης,"a betrayer, traitor",,7,96.41
3136,ἀνωφελής,"unprofitable, useless",,7,96.41
3137,λογάς,"gathered, picked, chosen",,7,96.41
3138,μῖσος,"hate, hatred",,7,96.42
3139,ἀνεκτός,"bearable, sufferable, tolerable",,7,96.42
3140,ἐπιφάνεια,"manifestation, visible surface",,7,96.42
3141,ἀκμάζω,"to be in full bloom, be at one's prime",L,7,96.42
3142,ὀλιγωρέω,to esteem little,L,7,96.42
3143,λυμαίνομαι2,"to treat with indignity, to outrage, to maltreat",,7,96.42
3144,μαντεία,"prophesying, prophetic power",,7,96.42
3145,ἐπίλοιπος,"still left, remaining",,7,96.43
3146,σύντομος,"cut short, abridged, concise, brief",L,7,96.43
3147,διοράω,"to see through, see clearly",L,7,96.43
3148,κατασκευή,preparation,,7,96.43
3149,ῥᾳστώνη,easiness,,7,96.43
3150,τεχνικός,"artistic, skilful, workmanlike",L,7,96.43
3151,προκινδυνεύω,to run risk before,L,7,96.44
3152,παραμελέω,"to pass by and disregard, to be disregardful of",L,7,96.44
3153,ἀκέραιος,unmixed; unharmed,L,7,96.44
3154,ἀστασίαστος,not disturbed by faction,,7,96.44
3155,συναγορεύω,"to join in advocating, advocate the same",L,7,96.44
3156,μαλακία,"softness, delicacy, effeminacy",,7,96.44
3157,ὕμνος,"a hymn, festive song",L,7,96.44
3158,θρῆνος,"a funeral-song, dirge, lament",L,7,96.45
3159,ἐκποδών,away from the feet,,7,96.45
3160,λίθινος,of stone,L,7,96.45
3161,παρακαταθήκη,a deposit entrusted to one's care,L,7,96.45
3162,ἄμαχος,without battle,L,7,96.45
3163,συναμφότεροι,both together,,7,96.45
3164,ἀργέω,"to lie idle, be unemployed, do nothing",L,7,96.45
3165,δημηγορέω,to speak in the assembly,L,7,96.46
3166,βοηθός,"assisting, auxiliary",L,7,96.46
3167,ἀφηγέομαι,to lead from,L,7,96.46
3168,ἐθελοντής,volunteer,,7,96.46
3169,μεσημβρία,"mid-day, noon; south",,7,96.46
3170,ἀπαγωγή,a leading away,,7,96.46
3171,κοίτη,the marriage-bed,,7,96.47
3172,τίω,to pay honour to,L,7,96.47
3173,δυάω,to plunge in misery,L,7,96.47
3174,ἰδιωτικός,"of or for a private person, unskilled, unprofessional",,7,96.47
3175,κῶμος,"a village festival: a revel, carousal, merry-making",,7,96.47
3176,συνωνέομαι,to collect by offering money,L,7,96.47
3177,ἡλίκος,as big as,,7,96.47
3178,ἐξεγείρω,to awaken,L,7,96.48
3179,ἐκκομίζω,to carry out,L,7,96.48
3180,ἄγρα,"a catching, hunting",L,7,96.48
3181,ἀκοντίζω,to hurl a javelin,L,7,96.48
3182,σῆμα,"a sign, mark, token",L,7,96.48
3183,πορφύρεος,"darkgleaming, dark;",,7,96.48
3184,προλέγω,pick before; foretell; proclaim,L,7,96.48
3185,ἡμίονος,a half-ass,,7,96.49
3186,ἀτρεκής,"real, genuine",,7,96.49
3187,ἠλίθιος,"idle, vain, random",,7,96.49
3188,ἵζω,"to make to sit, seat, place",L,7,96.49
3189,σῦκον,fig,L,7,96.49
3190,τρώγω,"to gnaw, nibble, munch",L,7,96.49
3191,κατήκοος,hearing; obedient; eavesdropping,,7,96.5
3192,διαβατός,to be crossed,L,7,96.5
3193,νομή,"a pasture, pasturage",,7,96.5
3194,ἀγγελία,"a message, tidings, news",L,7,96.5
3195,ἄφωνος,"voiceless, speechless, dumb, silent",,7,96.5
3196,ἐνοράω,"to see, remark, observe",L,7,96.5
3197,κληρόω,to appoint,L,7,96.5
3198,ὑποχείριος,"under the hand, in hand",L,7,96.51
3199,θαμβέω,"to be astounded, amazed",L,7,96.51
3200,ἀναμάρτητος,"without missing, unfailing, unerring",,7,96.51
3201,προσφιλής,"dear, beloved",L,7,96.51
3202,ποίμνη,a flock,L,7,96.51
3203,ἀναίτιος,not being the cause,,7,96.51
3204,ἐμπτύω,to spit into,L,7,96.51
3205,μεγαλοπρέπεια,"magnificence, elevation",,7,96.52
3206,ὄρνις,a bird,,7,96.52
3207,παραλύω,"to loose from the side, take off, detach",L,7,96.52
3208,πεντηκόντερος,ship with fifty oars,,7,96.52
3209,καταλεύω,to stone to death,L,7,96.52
3210,ἄπληστος,"not to be filled, insatiate",,7,96.52
3211,ἀχρεῖος,"useless, unprofitable, good for nothing",,7,96.52
3212,ζωός,"alive, living",,7,96.53
3213,σινδών,"sindon, a fine cloth",,7,96.53
3214,δέρμα,"the skin, hide",L,7,96.53
3215,ἔριον,wool,,7,96.53
3216,τέλλω,"to make to arise, accomplish (v. ἐπιτέλλω Hom.)",L,7,96.53
3217,ἐπισκιάζω,"to throw a shade upon, overshadow",L,7,96.53
3218,ἀλέξω,to ward,L,7,96.54
3219,κλίνω,"to make to bend, slope; recline",L,7,96.54
3220,υἱόω,make into a son,L,7,96.54
3221,ἅλας,salt,L,7,96.54
3222,μοιχάω,to have dalliance with,L,7,96.54
3223,ὑποπόδιον,a footstool,L,7,96.54
3224,ὀφειλέτης,a debtor,,7,96.54
3225,στέγη,a roof; a chamber,,7,96.55
3226,ἀνακλίνω,to lean,L,7,96.55
3227,βρυγμός,biting,L,7,96.55
3228,πυρετός,"burning heat, fiery heat",L,7,96.55
3229,εὔκοπος,"with easy labour, easy",,7,96.55
3230,συνανάκειμαι,to recline together at table,L,7,96.55
3231,τελωνέω,to be a tax-gatherer,L,7,96.55
3232,προσφωνέω,to call,L,7,96.56
3233,ξηρά,dry land,,7,96.56
3234,μοιχαλίς,an adulteress,,7,96.56
3235,ἀναπληρόω,to fill up,L,7,96.56
3236,ἄκαρπος,"without fruit, barren",L,7,96.56
3237,κόκκος,"a grain, seed",,7,96.56
3238,φάγων,glutton,L,7,96.57
3239,κλείς,"bar, bolt, key; collar bone; clausula",,7,96.57
3240,ἐνενήκοντα,ninety,,7,96.57
3241,ἀγάπησις,affection,L,7,96.57
3242,σίζω,to hiss,L,7,96.57
3243,σίον,the water-parsnep,,7,96.57
3244,θηλάζω,to suckle,L,7,96.57
3245,λιθοβολέω,"to pelt with stones, stone",L,7,96.58
3246,γαμίζω,to give in marriage,L,7,96.58
3247,μεγαλύνω,to make great,L,7,96.58
3248,ὠδίνω,to have the pains,L,7,96.58
3249,μήποτε,"never, on no account",,7,96.58
3250,καταράομαι,"to call down curses upon, imprecate upon",L,7,96.58
3251,βαρέω,"to weigh down, depress",L,7,96.58
3252,σπεῖρα,"coil, rope; military unit, Roman manipulus",,7,96.59
3253,ὄξος,poor wine; vinegar,,7,96.59
3254,ἐέ,exclamation of pain or grief,,7,96.59
3255,περιβλέπω,"to look round about, gaze around",L,7,96.59
3256,μάστιξ,"a whip, scourge",,7,96.59
3257,διανοίγω,to open,L,7,96.59
3258,προστρέχω,to run to,L,7,96.6
3259,συμπορεύομαι,to go,L,7,96.6
3260,νεότης,youth,,7,96.6
3261,προερέω,to say beforehand,L,7,96.6
3262,βουλευτής,"a councillor, senator",L,7,96.6
3263,μορφή,"form, shape",,7,96.6
3264,ἄμεμπτος,"not to be blamed, blameless",,7,96.6
3265,δυνάστης,"a lord, master, ruler",,7,96.61
3266,συγχαίρω,"to rejoice with, take part in joy",L,7,96.61
3267,ῥομφαία,"a large sword, scymitar",,7,96.61
3268,ὀδυνάω,"to cause pain or suffering, distress",L,7,96.61
3269,φίλημα,a kiss,L,7,96.61
3270,συναρπάζω,to seize and carry clean away,L,7,96.61
3271,ποιμαίνω,to be shepherd,L,7,96.61
3272,συλλογίζομαι,"to collect and bring at once before the mind, to compute fully, sum up",L,7,96.62
3273,πανουργία,"knavery, roguery, villany",L,7,96.62
3274,ψαλμός,a twitching,,7,96.62
3275,κυριεύω,to be lord,L,7,96.62
3276,πέτρος,a stone,,7,96.62
3277,ἐνίπτω,"to reprove, upbraid",L,7,96.62
3278,ἁγνίζω,to cleanse away,L,7,96.62
3279,μονή,"a staying, abiding, tarrying, stay",,7,96.63
3280,ξυλόω,to make of wood.,L,7,96.63
3281,ἄρος,"use, profit, help",,7,96.63
3282,συναθροίζω,"to gather together, assemble",L,7,96.63
3283,ζήτημα,that which is sought,,7,96.63
3284,ταπεινοφροσύνη,"lowliness, humility",,7,96.63
3285,ὄργυια,the length of the outstretched arms,L,7,96.64
3286,ἀόρατος,"unseen, not to be seen, invisible",,7,96.64
3287,παράβασις,"a going aside, deviation",,7,96.64
3288,νεκρόω,to make dead,L,7,96.64
3289,δοκιμή,"a proof, test: tried character",L,7,96.64
3290,οἰκτίρω,"to pity, feel pity for, have pity upon",L,7,96.64
3291,φθόγγος,"any clear, distinct sound",,7,96.64
3292,πεῖνα,"hunger, famine",L,7,96.65
3293,σαρκικός,"fleshly, sensual",L,7,96.65
3294,ἐπιταγή,imposition,,7,96.65
3295,εἰδωλολάτρης,"an idol-worshipper, idolater",,7,96.65
3296,πυρόω,"to burn with fire, burn up",L,7,96.65
3297,ἔκβασις,"a way out, egress",,7,96.65
3298,νόημα,"that which is perceived, a perception, thought",L,7,96.65
3299,στοιχεῖον,"sound; element, principle",,7,96.66
3300,κόσμιον,insignia,,7,96.66
3301,ἐπιπλήσσω,"to strike, to rebuke",L,7,96.66
3302,ἀποτίνω,"to pay back, repay, return",L,7,96.66
3303,γυμνήτης,naked,L,7,96.66
3304,φλυαρία,"silly talk, nonsense, foolery",,7,96.66
3305,ἐξοπλίζω,"to arm completely, accoutre",L,7,96.67
3306,λυπηρός,"painful, distressing",,7,96.67
3307,ἀλόγιστος,"unreasoning, inconsiderate, thoughtless, heedless",L,7,96.67
3308,ἀκόλαστος,"licentious, intemperate",L,7,96.67
3309,ἄμφω,both,F,7,96.67
3310,πλαισιόω,enclose in aframe,L,7,96.67
3311,τύρσις,a tower,,7,96.67
3312,οἰνοχόος,"a wine-pourer, cupbearer",L,7,96.68
3313,ἀμέλεια,"indifference, negligence",L,7,96.68
3314,ἄκυρος,without authority,L,7,96.68
3315,ἐγγυάω,"to give or hand over as a pledge, security",L,7,96.68
3316,φυτός,"shaped by nature, without art",L,7,96.68
3317,θεομισής,abominated by the gods,,7,96.68
3318,ὑπηρετικός,"of or for doing service, menial, subordinate",,7,96.68
3319,προσχράομαι,use besides; use,L,7,96.69
3320,μοχθηρός,"suffering hardship, in sore distress, miserable, wretched",,7,96.69
3321,ἀτιμόω,to dishonour,L,7,96.69
3322,ψόγος,"a blamable fault, a blemish, flaw",,7,96.69
3323,λωβάομαι,"to treat despitefully, to outrage, maltreat",L,7,96.69
3324,ἐλεός,"a kitchen-table, a board on which meat was cut up, a dresser",,7,96.69
3325,ἀλγέω,"to feel bodily pain, suffer",L,7,96.7
3326,μόνιμος,"staying in one's place, stable, steadfast",,7,96.7
3327,κωμῳδέω,"to represent in a comedy, to satirise, lampoon, libel",L,7,96.7
3328,γέννησις,"an engendering, producing",L,7,96.7
3329,γέννας,"mother's brother, uncle",L,7,96.7
3330,ταμία,"a housekeeper, housewife",,7,96.7
3331,δωμάτιον,"a chamber, bed-chamber",,7,96.7
3332,εἰσαγγέλλω,to go in and announce,L,7,96.71
3333,προπηλακίζω,to bespatter with mud,L,7,96.71
3334,ἀνιαρός,"grievous, troublesome, annoying",,7,96.71
3335,θεράπαινα,"a waiting maid, handmaid",,7,96.71
3336,διαρρήδην,"expressly, distinctly, explicitly",,7,96.71
3337,ὑφαιρέω,to seize underneath,L,7,96.71
3338,ἐπίτιμος,in possession of his rights and franchises,L,7,96.71
3339,κακηγορία,"evil-speaking, abuse, slander",,7,96.72
3340,φύλαρχος,chief officer of a φῡλή,L,7,96.72
3341,πολλοστός,one of many,,7,96.72
3342,πανστρατιά,a levy of the whole army,L,6,96.72
3343,πανστρατιᾷ,with the whole army,L,6,96.72
3344,ἐγχειρέω,to put one's hand in,L,6,96.72
3345,συμπλέκω,to twine,L,6,96.72
3346,ἐπίμαχος,"easily attacked, assailable",L,6,96.73
3347,σπανίζω,"to be rare, scarce, scanty",L,6,96.73
3348,οἰκοδόμημα,"a building, structure",L,6,96.73
3349,πετρώδης,"like rock; rocky, stony",,6,96.73
3350,συνετός,"intelligent, sagacious, wise",,6,96.73
3351,ἄγαν,"very, much, very much",L,6,96.73
3352,ἐπιπλέω,to sail upon,L,6,96.73
3353,ἐπιδιώκω,to pursue after,L,6,96.73
3354,ἡμίσεια,half (sc. μοῖρα),,6,96.74
3355,προὔργου,"serving for or towards a work, useful, serviceable",,6,96.74
3356,ἀσύνετος,"void of understanding, stupid",,6,96.74
3357,ἀΐδιος,"everlasting, eternal",L,6,96.74
3358,ἀνάπαυσις,"repose, rest",,6,96.74
3359,πιθανός,calculated to persuade;,,6,96.74
3360,πανδημεί,"with the whole people, in a mass",,6,96.74
3361,εἰσβαίνω,to go into,L,6,96.74
3362,ἄφνω,"unawares, of a sudden",L,6,96.75
3363,ἀπαίρω,"to lift off, carry off, take away, to remove from",L,6,96.75
3364,ἀφειδής,unsparing,,6,96.75
3365,γαλήνη,"stillness of the sea, calm",,6,96.75
3366,ταλαιπωρέω,"to go through hard labour, to suffer hardship",L,6,96.75
3367,ἀξιόχρεως,worthy of a thing,,6,96.75
3368,προλαμβάνω,"to take or seize beforehand, prefer, anticipate",L,6,96.75
3369,ἀκροβολίζομαι,"to throw from afar, to fight with missiles, to skirmish",L,6,96.75
3370,βοείη,"an ox-hide, ox-hide shield",L,6,96.76
3371,προσβαίνω,to step upon,L,6,96.76
3372,ἀπείργω,"to keep away from, debar from",L,6,96.76
3373,θνῄσκω,to die; see also ἀποθνῄσκω,L,6,96.76
3374,αὐτομολέω,to desert,L,6,96.76
3375,ἔνδηλος,"visible, manifest, clear",,6,96.76
3376,συνεχής,holding together,,6,96.76
3377,ὑπόσπονδος,"under a treaty, bound",,6,96.77
3378,σείω,"to shake, move to and fro",L,6,96.77
3379,περιτυγχάνω,"to light upon, fall in with, meet with",L,6,96.77
3380,ψιλόω,to strip bare,L,6,96.77
3381,μεθόριος,lying between as a boundary,,6,96.77
3382,σύνοδος,fellow-traveller,L,6,96.77
3383,σύνοδος2,"an assembly, meeting",L,6,96.77
3384,εὐπρεπής,"well-looking, goodly, comely",,6,96.77
3385,ἐπιστρατεύω,"to march against, make war upon",L,6,96.78
3386,ὄρυγμα,"a trench, ditch, moat",,6,96.78
3387,αἰφνίδιος,"unforeseen, sudden",L,6,96.78
3388,νάω,to flow,L,6,96.78
3389,δυσχερής,hard to take in hand,,6,96.78
3390,πιστόω,to make trustworthy,L,6,96.78
3391,στοά,"a roofed colonnade, piazza, cloister",,6,96.78
3392,μεταγιγνώσκω,"to change one's mind, to repent",L,6,96.78
3393,οἷπερ,whither,F,6,96.79
3394,προσκτάομαι,"to gain, get",L,6,96.79
3395,σιδηρόω,to overlay with iron,L,6,96.79
3396,ἀδελφιδέος,"a brother’s or sister’s son, a nephew",L,6,96.79
3397,περιέχω,"to encompass, embrace, surround",L,6,96.79
3398,περιφανής,seen all round,L,6,96.79
3399,πολέω,"to go about, range over",L,6,96.79
3400,πυλίς,a postern,L,6,96.79
3401,διακόπτω,"to cut in two, cut through",L,6,96.8
3402,ψόφος,"any inarticulate sound, a sound, noise",,6,96.8
3403,μηδέτερος,neither of the two,,6,96.8
3404,πρύτανις,"a prince, ruler, lord, chief",,6,96.8
3405,ἐπάρχω,to be governor of,L,6,96.8
3406,πρόοιδα,to know beforehand,L,6,96.8
3407,τολμηρός,hardihood,,6,96.8
3408,σύμφορος,"accompanying; suitable, useful, profitable",,6,96.8
3409,ἐπεῖδον,"to look upon, behold",L,6,96.81
3410,ἀνταγωνιστής,"an opponent, competitor, rival",,6,96.81
3411,ἐφικνέομαι,"to reach at, aim at",L,6,96.81
3412,προτιμάω,to honour,L,6,96.81
3413,περιμάχητος,"fought about, fought for",L,6,96.81
3414,μνηστεύω,"to woo, court, seek in marriage",L,6,96.81
3415,ὀνομαστός,"named, to be named",L,6,96.81
3416,ἐπειλέω,wind up,L,6,96.81
3417,διαφυλάσσω,"to watch closely, guard carefully",L,6,96.82
3418,δυναστεύω,to hold power,L,6,96.82
3419,διαμαρτάνω,to go astray from,L,6,96.82
3420,στέργω,to love,L,6,96.82
3421,μάτην,"in vain, idly, fruitlessly",,6,96.82
3422,περίεργος,careful overmuch,L,6,96.82
3423,προοίμιον,an opening,,6,96.82
3424,αὐτόχθων,sprung from the land itself,,6,96.83
3425,τελετή,initiation,,6,96.83
3426,κυρία,"authority; in Rome, comitia",,6,96.83
3427,ἀναρχία,lack of a leader,L,6,96.83
3428,αὐτάρκης,"sufficient in oneself, having enough, independent",,6,96.83
3429,σύμβολον,a sign,,6,96.83
3430,μεταλλάσσω,"to change, alter",L,6,96.83
3431,ἀρχηγός,"beginning, originating",,6,96.83
3432,ποθι,anywhere,F,6,96.84
3433,ἀριστεῖα,the prize of the best and bravest,,6,96.84
3434,παρατρέχω,to run by,L,6,96.84
3435,προτρέπω,to urge forwards,L,6,96.84
3436,ἑταιρεία,"companionship, association, brotherhood",,6,96.84
3437,ἀρχός,"a leader, chief, commander; the rectum, anus",,6,96.84
3438,συνοράω,to see together,L,6,96.84
3439,αἰκίζω,"to treat injuriously, to plague, torment",L,6,96.84
3440,συναναβαίνω,to go up with,L,6,96.85
3441,ἐκλύω,"to loose, release, set free, from",L,6,96.85
3442,σατράπης,"a satrap, viceroy",,6,96.85
3443,φλυαρέω,"to talk nonsense, play the fool",L,6,96.85
3444,μερίς,"a part, portion, share, parcel",,6,96.85
3445,ἐγγύθεν,from nigh at hand,,6,96.85
3446,προπίνω,to drink before,L,6,96.85
3447,μύριοι,ten thousand,,6,96.85
3448,ἀπογιγνώσκω,"depart from a judgment, give up a design",L,6,96.86
3449,ἐρυθρός,red,,6,96.86
3450,πρύμνα,"the hindmost part of a ship, the stern, poop",,6,96.86
3451,ὀρρωδέω,"to fear, dread, shrink from",L,6,96.86
3452,στασιώτης,the members of a party,,6,96.86
3453,δένδρεον,a tree,L,6,96.86
3454,δελφίς,the dolphin,,6,96.86
3455,διαχράομαι,to use constantly,L,6,96.86
3456,ἐκπηδάω,to leap out,L,6,96.87
3457,κιθάρα,"lyre, lute",,6,96.87
3458,ἱστορέω,to inquire into,L,6,96.87
3459,μακαρίζω,"to bless, to deem",L,6,96.87
3460,κυρέω,"to hit, light upon",L,6,96.87
3461,κάκη,"wickedness, vice",,6,96.87
3462,εὕδω,"to sleep, lie down to sleep",L,6,96.87
3463,προτείνω,"to stretch out before, hold before",L,6,96.88
3464,φρήν,"the midriff; heart, mind",L,6,96.88
3465,καταχέω,"to pour down upon, pour over",L,6,96.88
3466,τήκω,"to melt, melt down",L,6,96.88
3467,συναλίζω,"to bring together, collect",L,6,96.88
3468,κύβος,dice,,6,96.88
3469,ἀποκωλύω,to hinder,L,6,96.88
3470,σιτέομαι,"to take food, eat",L,6,96.88
3471,πάομαι,to acquire,L,6,96.89
3472,ἐξηγητής,"one who leads on, an adviser",,6,96.89
3473,ἄλκιμος,"strong, stout",L,6,96.89
3474,ἀπότομος,"cut off, abrupt, precipitous",,6,96.89
3475,ἥσυχος,"still, quiet, at rest, at ease, at leisure",,6,96.89
3476,ἐπαρκέω,"to ward off; to be sufficient, to prevail; to supply",L,6,96.89
3477,χῶμα,"earth thrown up, a bank, mound",,6,96.89
3478,προμαχεών,"a bulwark, rampart",L,6,96.89
3479,φάρμακος,"poisoner, sorcerer, magician",,6,96.9
3480,ἐκτίθημι,"to set out, place outside",L,6,96.9
3481,ἀρεστός,"acceptable, pleasing",,6,96.9
3482,θυόω,to fill with sweet smells,L,6,96.9
3483,ὀπτός,"roasted, broiled",L,6,96.9
3484,κάμινος,"an oven, furnace, kiln",,6,96.9
3485,χρέος,"that which one needs must pay, an obligation, debt",,6,96.9
3486,ὑγρός,"wet, moist, running, fluid",,6,96.9
3487,ῥῆσις,"a saying, speaking, speech",,6,96.91
3488,ψάλλω,"to touch sharply, to pluck, pull, twitch",L,6,96.91
3489,πόθος,"a longing, yearning, fond desire",L,6,96.91
3490,οὔτοι,indeed not,,6,96.91
3491,κράνος,a helmet,,6,96.91
3492,περίκειμαι,to lie round about,L,6,96.91
3493,κατατέμνω,"to cut in pieces, cut up",L,6,96.91
3494,ἀνδριάς,"the image of a man, a statue",,6,96.91
3495,διωρυχή,a digging through,,6,96.92
3496,ἕλος,"low ground by rivers, a marsh-meadow",,6,96.92
3497,ἐπιτείνω,to stretch upon,L,6,96.92
3498,πλάτος,"breadth, width",,6,96.92
3499,διφθέρα,"a prepared hide, tanned skin, piece of leather",,6,96.92
3500,θηρεύω,"to hunt, go hunting",L,6,96.92
3501,ἔμπαλιν,"backwards, back",,6,96.92
3502,χαλινός,"a bridle, bit",,6,96.93
3503,εὐθεῖα,(γραμμή) straight line,,6,96.93
3504,ἔχιδνα,"an adder, viper",,6,96.93
3505,ἀποθήκη,any place wherein to lay up,,6,96.93
3506,καταπατέω,"to trample down, trample under foot",L,6,96.93
3507,κάρφος,a dry stalk,,6,96.93
3508,πλατύς,"wide, broad",,6,96.93
3509,πενθερά,a mother-in-law,,6,96.93
3510,διαπεράω,to go over,L,6,96.94
3511,πήρα,"a leathern pouch, a wallet, scrip",,6,96.94
3512,φάγος,glutton,L,6,96.94
3513,στάχυς,an ear of corn,,6,96.94
3514,βλαστάνω,"to bud, sprout, grow",L,6,96.94
3515,ἄλευρον,wheaten flour,L,6,96.94
3516,συντέλεια,"a joint payment, joint contribution for public burdens",,6,96.94
3517,πίναξ,"a board, plank",,6,96.94
3518,κόφινος,a basket,,6,96.95
3519,κλοπή,theft,,6,96.95
3520,συλλαλέω,to talk,L,6,96.95
3521,διαστρέφω,"to turn different ways, to twist about, distort",L,6,96.95
3522,ἀδυνατέω,to want strength,L,6,96.95
3523,ψευδομαρτυρέω,"to be a false witness, bear false witness",L,6,96.95
3524,πολλαπλασίων,"many times as many, many times more",,6,96.95
3525,βδέλυγμα,an abomination,,6,96.95
3526,ἔλαιος,the wild olive,,6,96.96
3527,μύρω,"to flow, run, trickle",L,6,96.96
3528,καταφιλέω,"to kiss tenderly, to caress",L,6,96.96
3529,κεραμεύς,a potter,,6,96.96
3530,κόκκινος,scarlet,,6,96.96
3531,πλέκω,"to plait, twine, twist, weave, braid",L,6,96.96
3532,καταπέτασμα,"a curtain, veil",L,6,96.96
3533,ἱμάς,a leathern strap,,6,96.96
3534,δαμάζω,"to overpower, tame, conquer, subdue",L,6,96.97
3535,λεύω,to stone,L,6,96.97
3536,παρατηρέω,"to watch closely, observe narrowly, to watch one's opportunity",L,6,96.97
3537,κακοποιέω,"to do ill, play the knave",L,6,96.97
3538,πωρόω,"to petrify, turn into stone",L,6,96.97
3539,διεγείρω,wake up,L,6,96.97
3540,ἐξαυτῆς,"at the very point of time, at once",,6,96.97
3541,ἀποτάσσω,"to set apart, assign specially",L,6,96.97
3542,στενάζω,"to sigh often, sigh deeply",L,6,96.98
3543,βίβλος,the inner bark of the papyrus,,6,96.98
3544,πολυτελής,"very expensive, very costly",,6,96.98
3545,θερμαίνω,"to warm, heat",L,6,96.98
3546,ἔκστασις,"any displacement: entrancement, astonishment",,6,96.98
3547,θανάσιμος,deadly,,6,96.98
3548,συνεργέω,"to work together with, help in work, cooperate",L,6,96.98
3549,πληροφορέω,to fulfil,L,6,96.99
3550,καθότι,in what manner,,6,96.99
3551,σιωπή,silence,,6,96.99
3552,χρίω,to touch on the surface: to rub,L,6,96.99
3553,ἐξάρχω,"to begin with, make a beginning of",L,6,96.99
3554,ἐκμάσσω,"to wipe off, wipe away",L,6,96.99
3555,διαγγέλλω,"to give notice by a messenger, to send as a message",L,6,96.99
3556,βαλλάντιον,"a bag, pouch, purse",,6,96.99
3557,συνευδοκέω,to consent to,L,6,97
3558,παλαιόω,to make old,L,6,97
3559,περιζώννυμι,"gird round, mid. gird oneself with",L,6,97
3560,κῆπος,"a garden, orchard, plantation",,6,97
3561,ἴασις,"healing, a mode of healing, cure, remedy",,6,97
3562,ἀνάπηρος,"much maimed, crippled",,6,97
3563,βόειος,of an ox,L,6,97
3564,βόα,fish,,6,97
3565,ἐγκακέω,"to lose heart, grow weary",L,6,97.01
3566,ἐκδικέω,"to avenge, punish",L,6,97.01
3567,περιάπτω,"to tie, fasten, hang about",L,6,97.01
3568,ἀναπέμπω,to send up,L,6,97.01
3569,ξηρός,dry,,6,97.01
3570,διερμηνεύω,"to interpret, expound",L,6,97.01
3571,ἑρμηνεύω,to interpret,L,6,97.01
3572,θρέμμα,"a nursling, creature",,6,97.01
3573,ὑπόδειγμα,"a token, mark",L,6,97.02
3574,ἤτε,or also,,6,97.02
3575,λατρεία,"the state of a hired workman, service, servitude",,6,97.02
3576,συνήθεια,"habitual intercourse, acquaintance, society, intimacy",,6,97.02
3577,πρανής,"with the face downwards, lying on the front, falling forwards",,6,97.02
3578,συγχέω,"to pour together, commingle, confound",L,6,97.02
3579,προορίζω,"to determine beforehand, to predetermine, pre-ordain",L,6,97.02
3580,ἐπίθεσις,a laying on; an attack,,6,97.02
3581,σύνδεσμος,"a bond of union, bond, fastening",L,6,97.03
3582,ἐνδυναμόω,to strengthen,L,6,97.03
3583,ἐπεγείρω,"to awaken, rouse up",L,6,97.03
3584,σκληρύνω,to harden,L,6,97.03
3585,ἀνάθεμα,"anything devoted to evil, an accursed thing",L,6,97.03
3586,ἐγκράτεια,mastery over,,6,97.03
3587,προγιγνώσκω,"to know, perceive, learn",L,6,97.03
3588,δεσμώτης,"a prisoner, captive",L,6,97.04
3589,σφοδρός,"vehement, violent, excessive",,6,97.04
3590,ἀδιάλειπτος,"unintermitting, incessant",L,6,97.04
3591,ὁμοίωμα,"a likeness, image, resemblance, counterfeit",,6,97.04
3592,ἀσχημοσύνη,"want of form, ungracefulness",,6,97.04
3593,ἀλαζών,a vagabond,L,6,97.04
3594,ἀφθαρσία,incorruption,,6,97.04
3595,ὀδύνη,pain of body,,6,97.04
3596,μήπω,not yet,F,6,97.05
3597,πρόσκομμα,"a stumble, stumbling",,6,97.05
3598,ἐγκεντρίζω,"goad, spur on",L,6,97.05
3599,ἀνυπόκριτος,without dissimulation,,6,97.05
3600,ἐκλανθάνω,to escape notice utterly,L,6,97.05
3601,ψυχικός,of the soul,L,6,97.05
3602,γάλα,milk,,6,97.05
3603,λύσις,"a loosing, setting free, releasing, ransoming",,6,97.05
3604,πεποίθησις,"trust, confidence, boldness",,6,97.06
3605,χάριν,"for the sake of, because of (postposition + gen.)",,6,97.06
3606,ἐγκρίνω,to reckon in,L,6,97.06
3607,μεσίτης,"a mediator, umpire, arbitrator",,6,97.06
3608,πλησμονή,a filling,,6,97.06
3609,ὁμολογουμένως,conformably with,,6,97.06
3610,ἀγωγή,"a carrying away, carriage",L,6,97.06
3611,ἀναλογίζομαι,"to reckon up, sum up",L,6,97.06
3612,λήθη,"a forgetting, forgetfulness",,6,97.07
3613,στρεβλόω,to twist,L,6,97.07
3614,χάλαζα,hail,,6,97.07
3615,βασανισμός,torture,,6,97.07
3616,ἐρυμνός,"fenced, fortified",,6,97.07
3617,ἀνιάω,"to grieve, distress",L,6,97.07
3618,χιλός,"green fodder for cattle, forage, provender",,6,97.07
3619,ἀμαχεί,without resistance,,6,97.07
3620,ἀνερωτάω,to ask,L,6,97.08
3621,ταμιεύω,to be controller,L,6,97.08
3622,ἁμιλλάομαι,"to compete, vie, contend with",L,6,97.08
3623,κόρη,"a maiden, maid; pupil of the eye",,6,97.08
3624,ἀτάρ,"but, yet",,6,97.08
3625,ἀποκάμνω,"to grow quite weary, fail",L,6,97.08
3626,πολυπραγμονέω,"to be busy with many things, meddlesome",L,6,97.08
3627,γοητεύω,"to bewitch, beguile",L,6,97.08
3628,εὐωχία,"good cheer, feasting",,6,97.09
3629,ποτέρως,in which of two ways?,F,6,97.09
3630,ἀγνώς,"unknown, ignorant",L,6,97.09
3631,συντείνω,"to stretch together, strain, draw tight, brace up",L,6,97.09
3632,ἀπεργασία,"a finishing off, completing",L,6,97.09
3633,προίξ,"dowry, gift; adv. freely, unbribed",,6,97.09
3634,διόμνυμι,"to swear solemnly, to declare on oath that . .",L,6,97.09
3635,ἄγροικος,"of or in the country, rustic; boorish, rude",L,6,97.1
3636,ὁπῃοῦν,in any way whatever,F,6,97.1
3637,ἀναισχυντία,shamelessness,,6,97.1
3638,ἀνανδρία,want of manhood,,6,97.1
3639,συνδειπνέω,to dine,L,6,97.1
3640,γεωργία,"tillage, agriculture, farming",L,6,97.1
3641,παιδοποιία,procreation of children,L,6,97.1
3642,χροιά,"the surface of a body, the skin; the body",,6,97.1
3643,ἀνάρμοστος,"unsuitable, incongruous, disproportionate",,6,97.11
3644,ποικίλλω,"to work in various colours, to broider, work in embroidery",L,6,97.11
3645,ἠρέμα,"stilly, quietly, gently, softly",,6,97.11
3646,πάρεργον,"a bye-work, subordinate",L,6,97.11
3647,κυβερνητικός,good at steering,,6,97.11
3648,ποικιλία,"a marking with various colours, embroidering, embroidery",L,6,97.11
3649,ἐντίκτω,to bear,L,6,97.11
3650,προστήκομαι,"to stick fast to, cling to",L,6,97.11
3651,ζητητέος,to be sought,,6,97.12
3652,ἀλγηδών,"a sense of pain, pain, suffering",L,6,97.12
3653,ἀμφισβήτησις,"a dispute, controversy, debate",,6,97.12
3654,τρόφις,"well-fed, stout, large",L,6,97.12
3655,δοξαστός,"matter of opinion, conjectural",L,6,97.12
3656,ὀλιγαρχέω,to be member of an oligarchy,L,6,97.12
3657,σφόνδυλος,a vertebra,,6,97.12
3658,ἐκφορά,"a carrying out, funeral procession",,6,97.12
3659,ἀδοκίμαστος,"untried, unproved",L,6,97.13
3660,ἔαρ,spring,,5,97.13
3661,ἐγκαταλαμβάνω,to catch in,L,5,97.13
3662,ἔκπληξις,consternation,,5,97.13
3663,χοῖνιξ,"a choenix, a dry",,5,97.13
3664,εἰσπέμπω,"to send in, bring in, let in",L,5,97.13
3665,ἀξίωμα,"that of which one is thought worthy, an honour",,5,97.13
3666,παρατυγχάνω,"to happen to be near, be among",L,5,97.13
3667,ἀσαφής,indistinct,,5,97.13
3668,κατάλυσις,"a dissolving, dissolution; lodging, resting place",,5,97.14
3669,ἔγκειμαι,"to lie in, be wrapped in",L,5,97.14
3670,ἄπρακτος,"doing nothing, ineffectual, unprofitable",,5,97.14
3671,ἐπιδρομή,"a sudden inroad, a raid, attack",,5,97.14
3672,ἰσχυρίζομαι,"to make oneself strong, to be strong, gain force",L,5,97.14
3673,παραπίπτω,to fall beside,L,5,97.14
3674,ἀλέω,"to grind, bruise, pound",L,5,97.14
3675,ἀριστοποιέω,prepared for breakfast,L,5,97.14
3676,ἐμπρήθω,"to blow up, inflate",L,5,97.14
3677,ὑπονοέω,"to think secretly, suspect",L,5,97.15
3678,φυλακτήριον,"a guarded post, a fort",L,5,97.15
3679,ὁμαλός,"even, level",,5,97.15
3680,πλάγιον,"side, flank",,5,97.15
3681,συνεθίζω,to accustom,L,5,97.15
3682,προσδοκία,"a looking for, expectation",L,5,97.15
3683,κυκλέω,"to move round and round, wheel along",L,5,97.15
3684,διακομίζω,to carry over,L,5,97.15
3685,ἄτρακτος,a spindle; arrow,,5,97.15
3686,χερσόνησος,a land-island,,5,97.15
3687,καθύπερθε,"from above, down from above",,5,97.16
3688,περαιόω,"to carry to the opposite side, carry over",L,5,97.16
3689,αὐθήμερος,on the same day,,5,97.16
3690,κεντέω,"to prick, goad, spur on",L,5,97.16
3691,σχολαῖος,"at one's leisure, leisurely, tardy",,5,97.16
3692,κρατύνω,to strengthen,L,5,97.16
3693,ὀκνηρός,"shrinking, hesitating, backward, unready, timid",L,5,97.16
3694,σκεδάννυμι,"to scatter, disperse",L,5,97.16
3695,συναλλάσσω,"to bring into intercourse with, associate with",L,5,97.16
3696,συμμαχικός,of or for alliance,L,5,97.17
3697,εἴκω,give way,L,5,97.17
3698,προεῖδον,"to see beforehand, catch sight of",L,5,97.17
3699,σύνοικος,dwelling in the same house with,L,5,97.17
3700,ἄπωθεν,from afar,,5,97.17
3701,ἐνέδρα,"a sitting in: a lying in wait, ambush",,5,97.17
3702,εἰστρέχω,to run in,L,5,97.17
3703,συστρέφω,to twist up into a ball,L,5,97.17
3704,ὁρμίζω,"to bring to a safe anchorage, bring into harbour, to moor, anchor",L,5,97.17
3705,διΐημι,"drive, thrust through (a weapon); disband (an army)",L,5,97.18
3706,ἀγωγός,leading,L,5,97.18
3707,ἀπόστασις,a standing away from,,5,97.18
3708,αὐτόνομος,"living under one's own laws, independent",,5,97.18
3709,χοῦς2,"earth, dust, dirt",,5,97.18
3710,χοῦς,measure of capacity,,5,97.18
3711,προσέτι,"over and above, besides",,5,97.18
3712,ἐπιπάρειμι2,"go on high ground in parallel with,..",L,5,97.18
3713,κεραία,any thing projecting like a horn; a yard-arm,,5,97.18
3714,συναρμόζω,to fit together,L,5,97.18
3715,θεῖον,brimstone,,5,97.19
3716,ἀναγορεύω,"to proclaim publicly, see also ἀνεῖπον",L,5,97.19
3717,λήκυθος,"an oil-flask, oil-bottle",,5,97.19
3718,λῆψις,"a taking hold, seizing, catching, seizure",,5,97.19
3719,ἄδολος,"without fraud, guileless",L,5,97.19
3720,κυρόω,"to make valid, confirm, ratify, determine",L,5,97.19
3721,παρακέλευσις,"a calling out to, cheering on, exhorting, addressing",L,5,97.19
3722,ὑπόμνημα,"a remembrance, memorial",L,5,97.19
3723,ἡβάω,"to be at man's estate, to be in the prime of youth",L,5,97.19
3724,στέμμα,"a wreath, garland",,5,97.2
3725,ἐπίδειξις,"a shewing forth, making known",,5,97.2
3726,ἡμίθεος,"a half-god, demigod",,5,97.2
3727,ἀπονέμω,"to portion out, impart, assign",L,5,97.2
3728,ἀείμνηστος,ever to be remembered,L,5,97.2
3729,πρόδηλος,clear,L,5,97.2
3730,προγίγνομαι,to come forwards,L,5,97.2
3731,δασμός,"a division, distribution, sharing of spoil",,5,97.2
3732,ἱκετεία,supplication,,5,97.2
3733,ῥάθυμος,"light-hearted, easy-tempered, frivolous, careless",L,5,97.2
3734,ἅμιλλα,"a contest for superiority, a conflict",,5,97.21
3735,μοναρχία,"the rule of one, monarchy, sovereignty",L,5,97.21
3736,αἱρετός,that may be taken,L,5,97.21
3737,μεταπίπτω,"to fall differently, undergo a change",L,5,97.21
3738,περαίτερος,beyond,,5,97.21
3739,ἄβατος,"untrodden, impassable, inaccessible",L,5,97.21
3740,ἱλάσκομαι,to appease,L,5,97.21
3741,ἐπέκεινα,"on yonder side, beyond",,5,97.21
3742,γυμνικός,"of or for gymnastic exercises, gymnastic",L,5,97.21
3743,ἆθλος,a contest for a prize,L,5,97.22
3744,πειρατέος,one must attempt,L,5,97.22
3745,προφασίζομαι,to set up as a pretext,L,5,97.22
3746,διοίκησις,"government, administration",,5,97.22
3747,θέαμα,"that which is seen, a sight, show, spectacle",,5,97.22
3748,ἀρχικός,"of or for rule, fit for rule, skilled in government or command",,5,97.22
3749,ἀναρίθμητος,"not to be counted, countless",,5,97.22
3750,ὑπηρεσία,"the body of rowers and sailors, the ship's crew",,5,97.22
3751,ἄνανδρος,husbandless,,5,97.22
3752,κολακεύω,to flatter,L,5,97.23
3753,εὐσεβέω,"to live or act piously, religiously",L,5,97.23
3754,ἀναδείκνυμι,to lift up and shew,L,5,97.23
3755,εὐχερής,"easily handled, easy to deal with, easy",,5,97.23
3756,ἀταξία,"want of discipline, disorderliness",L,5,97.23
3757,ὑποκρίνω,"separate gradually, mid. to answer",L,5,97.23
3758,τοκεύς,"one who begets, a father",,5,97.23
3759,θεοπρόπιον,"a prophecy, oracle",,5,97.23
3760,ἔραμαι,"to love, to be in love with",L,5,97.23
3761,εἷμα,a garment,,5,97.23
3762,παρέξ,"outside, before",,5,97.24
3763,συνάπτω,to tie,L,5,97.24
3764,ἀνορθόω,"to set up again, restore, rebuild",L,5,97.24
3765,κατεῖπον,to speak against,,5,97.24
3766,εὐπάθεια,"the enjoyment of good things, comfort, ease",L,5,97.24
3767,ἐκδημέω,"to be abroad, to be on one's travels",L,5,97.24
3768,ἐκγίγνομαι,to be born of,L,5,97.24
3769,ἐκκλείω,to shut out from,L,5,97.24
3770,ὀχέω,"to uphold, sustain, endure",L,5,97.24
3771,διαδείκνυμι,"to shew clearly, shew plainly",L,5,97.25
3772,ἀντίον2,part of the loom,,5,97.25
3773,ἐκτελέω,"to bring quite to an end, to accomplish, achieve",L,5,97.25
3774,ἀπαθής,not suffering,,5,97.25
3775,πῇ,whither? in what way? how?,F,5,97.25
3776,θήρα,"a hunting of wild beasts, the chase",,5,97.25
3777,συντυγχάνω,"to meet with, fall in with",L,5,97.25
3778,χρηστηριάζω,"to give oracles, prophesy",L,5,97.25
3779,κάθοδος,"a going down, descent",,5,97.25
3780,φυή,"growth, stature",,5,97.25
3781,ἀγορεύω,"to speak in the assembly, harangue, speak",L,5,97.26
3782,ἑνδέκατος,the eleventh,,5,97.26
3783,θήκη,"a case to put anything in, a box, chest",,5,97.26
3784,σκύτινος,"leathern, made of leather",,5,97.26
3785,οὖρος,a fair wind,,5,97.26
3786,παραμείβω,"to leave on one side, pass by",L,5,97.26
3787,πάσσω,to sprinkle,L,5,97.26
3788,κατάρα,a curse,,5,97.26
3789,παλλακή,"concubine, mistress",,5,97.26
3790,οὐδός,a threshold,,5,97.27
3791,τρίπους,"three-footed, of or with three feet",L,5,97.27
3792,νόμισμα,"anything sanctioned by usage, a custom, institution",,5,97.27
3793,κάπηλος,"a retail-dealer, huckster, hawker, peddlar, higgler",,5,97.27
3794,δουλοσύνη,"slavery, slavish work",L,5,97.27
3795,νέκυς,"a dead body, a corpse, corse",,5,97.27
3796,ὀπτάω,"to roast, broil",L,5,97.27
3797,κάνεον,a basket of reed,,5,97.27
3798,κατακαλύπτω,to cover up,L,5,97.27
3799,θυρωρός,"a door-keeper, porter",,5,97.28
3800,λαγώς,hare,,5,97.28
3801,ἐπῳδή,"an enchantment, spell, charm",,5,97.28
3802,δαίς,feast,,5,97.28
3803,ἀγεννής,"of no family, low-born",L,5,97.28
3804,ἀναζητέω,"to examine into, investigate",L,5,97.28
3805,λέπρα,leprosy,,5,97.28
3806,λεύκη,white leprosy,,5,97.28
3807,ἑρπετόν,"a walking animal, quadruped",,5,97.28
3808,ἀναμείγνυμι,"mix up, mix together",L,5,97.28
3809,ἐμπόδιος,"at one's feet, coming in the way, meeting",,5,97.29
3810,ἐπιπέμπω,to send besides,L,5,97.29
3811,θερμός,"hot, warm",,5,97.29
3812,μεσόω,"to form the middle, be in",L,5,97.29
3813,παράκειμαι,to lie beside,L,5,97.29
3814,μνημόσυνον,"a remembrance, memorial, record",,5,97.29
3815,αἰσχροκερδής,sordidly greedy of gain,L,5,97.29
3816,κατατείνω,to stretch,L,5,97.29
3817,νομεύς,"a shepherd, herdsman; pl. ribs of a ship",,5,97.29
3818,ὁσάκις,"as many times as, as often as",,5,97.3
3819,ἀκρίς,"a locust, cricket, grasshopper",L,5,97.3
3820,γέννημα,that which is produced,L,5,97.3
3821,ἐθνικός,"foreign, heathen, gentile",,5,97.3
3822,ὀλιγόπιστος,of little faith,L,5,97.3
3823,θεμελιόω,"to lay the foundation of, found firmly",L,5,97.3
3824,ἄμμος,"sand, sandy ground",,5,97.3
3825,κατασκηνόω,to pitch one's camp,L,5,97.3
3826,ὅριος,of boundaries,,5,97.3
3827,κράσπεδον,"the edge, border, skirt",,5,97.31
3828,ἐμβριμάομαι,to snort in,L,5,97.31
3829,θρηνέω,"to sing a dirge, to wail",L,5,97.31
3830,σκορπίζω,"to scatter, disperse",L,5,97.31
3831,περίσσευμα,"that which remains over, abundance",,5,97.31
3832,μέριμνα,"care, thought",,5,97.31
3833,συμπνίγω,"to throttle, choke, press closely",L,5,97.31
3834,σίναπι,mustard,,5,97.31
3835,λάχανον,"garden-herbs, potherbs, vegetables, greens",,5,97.31
3836,ἐρέσσω,to row,L,5,97.31
3837,ἄρρωστος,"weak, sickly",,5,97.32
3838,κακολογέω,"to speak ill of, to revile, abuse",L,5,97.32
3839,ὁδηγός,a guide,,5,97.32
3840,ὁδηγέω,to lead,L,5,97.32
3841,μοιχεία,adultery,,5,97.32
3842,ἑπτάκις,seven times,,5,97.32
3843,βάρος,weight,,5,97.32
3844,ληνός,"vat, trough",L,5,97.32
3845,ἐμπορία,"commerce, trade, traffic",L,5,97.32
3846,ἐπιγραφή,an inscription,,5,97.33
3847,πρωτοκλισία,the first seat at table,,5,97.33
3848,καταβάτης,one who dismounts,,5,97.33
3849,καταιβάτης,as descending in thunder and lightning,,5,97.33
3850,σκοτίζω,to make dark,L,5,97.33
3851,νυστάζω,"to nod in sleep, to nap, slumber",L,5,97.33
3852,ληϊστός,"to be carried off as booty, to be won by force",,5,97.33
3853,διαρρήγνυμι,"to break through, cleave asunder",L,5,97.33
3854,κολαφίζω,to buffet,L,5,97.33
3855,ἕκτη,the sixth of a stater,,5,97.33
3856,βάσις,"a stepping, step",,5,97.34
3857,σπαράσσω,"to tear, rend in pieces, mangle",L,5,97.34
3858,πάντοθεν,"from all quarters, from every side",,5,97.34
3859,σπόρος,a sowing,,5,97.34
3860,ἀλαλάζω,to raise the war-cry,L,5,97.34
3861,περιτρέχω,"to run round and round, run round",L,5,97.34
3862,γαζοφυλάκιον,a treasury,L,5,97.34
3863,λεπτός,"(husked, threshed) fine, thin, delicate, subtle",,5,97.34
3864,ἀγρυπνέω,"to lie awake, be wakeful",L,5,97.34
3865,ἄρωμα2,"arable land, corn-land",,5,97.35
3866,ἄρωμα,any spice,,5,97.35
3867,τρόμος,"a trembling, quaking, quivering",,5,97.35
3868,παρακολουθέω,"to follow beside, follow closely",L,5,97.35
3869,ἀγαλλίασις,"great joy, exultation",L,5,97.35
3870,γηράσκω,"to grow old, become old",L,5,97.35
3871,ἄφοβος,without fear,,5,97.35
3872,νηστεία,a fast [JT: cut off?],,5,97.35
3873,δεκτός,acceptable,,5,97.35
3874,βάτος,a bramble-bush,,5,97.36
3875,ἱματισμός,"clothing, apparel",,5,97.36
3876,ἔνδοξος,held in esteem,,5,97.36
3877,τρυφή,"softness, delicacy, daintiness",L,5,97.36
3878,συμφύω,to make to grow together,L,5,97.36
3879,διαπορέω,to be quite at a loss,L,5,97.36
3880,πατέω,"to tread, walk",L,5,97.36
3881,ποίμνιος,frequented by flocks,L,5,97.36
3882,ἀνακύπτω,to lift up the head,L,5,97.36
3883,συνεσθίω,eat together,L,5,97.36
3884,μόσχος,a young shoot,,5,97.37
3885,ἕλκος,a wound,,5,97.37
3886,κριτήριον,a means for judging,,5,97.37
3887,προτρέχω,to run forward,L,5,97.37
3888,ἐπισκοπή,"a watching over, visitation",,5,97.37
3889,ἀκαταστασία,"instability, anarchy, confusion",L,5,97.37
3890,παγίς,a trap,,5,97.37
3891,ἀνάμνησις,"a calling to mind, recollection",,5,97.37
3892,ἔμφοβος,terrible,,5,97.37
3893,παρακύπτω,to stoop sideways,L,5,97.38
3894,ὀθόνιον,a piece of fine linen,,5,97.38
3895,δεκάτη,a tenth part; tithe,L,5,97.38
3896,ἅλλομαι,"to spring, leap, bound",L,5,97.38
3897,ἀνέρχομαι,to go up,L,5,97.38
3898,ὀψάριον,fish,,5,97.38
3899,διδακτός,"taught, learnt",L,5,97.38
3900,χαμαί,"on the earth, on the ground",,5,97.38
3901,προσαιτέω,to ask besides,L,5,97.38
3902,παράκλητος,called to one's aid,L,5,97.39
3903,κλῆμα,"a vine-twig, vine-branch",,5,97.39
3904,οὐδέπω,"and not yet, not as yet",F,5,97.39
3905,ἀποστολή,a sending off,,5,97.39
3906,ἅδην,to satiety,L,5,97.39
3907,ᾅδης,Hades [> ᾍδης],L,5,97.39
3908,παραγγελία,a command,L,5,97.39
3909,διαδέχομαι,to receive one from another,L,5,97.39
3910,σκήνωμα,quarters,L,5,97.39
3911,λυμαίνομαι,[cleanse from dirt],L,5,97.39
3912,ἀνθύπατος,a proconsul,,5,97.4
3913,ὑετός,rain,,5,97.4
3914,ὑποστέλλω,to draw in,L,5,97.4
3915,ἐπίσκοπος,"one who watches over, an overseer, guardian",,5,97.4
3916,στοιχέω,to go in a line,L,5,97.4
3917,ἀκρίβεια,"exactness, minute accuracy, precision",L,5,97.4
3918,εὐθυμέω,to be of good cheer,L,5,97.4
3919,ἄγκυρα,anchor,L,5,97.4
3920,ἁγιωσύνη,"holiness, sanctity",L,5,97.4
3921,φθαρτός,perishable,,5,97.41
3922,ἐπονομάζω,to give a surname: to name,L,5,97.41
3923,ἐφάπαξ,once for all,,5,97.41
3924,ἦτε,"surely, doubtless",,5,97.41
3925,συνήδομαι,to rejoice together,L,5,97.41
3926,υἱοθεσία,adoption as a son,L,5,97.41
3927,φύραμα,that which is mixed,,5,97.41
3928,κῦρος,"supreme power, authority",,5,97.41
3929,κάμπτω,"to bend, curve",L,5,97.41
3930,οἰκτιρμός,"pity, compassion",L,5,97.41
3931,λειτουργός,one who performed a λειτουργία,,5,97.42
3932,ὀνειδισμός,"reproach, Ep. Rom.",,5,97.42
3933,εὐπρόσδεκτος,acceptable.,,5,97.42
3934,ἀνέγκλητος,"not accused, without reproach, void of offence",,5,97.42
3935,μετασχηματίζω,to change the form of,L,5,97.42
3936,ἄγαμος,"unmarried, unwedded, single",L,5,97.42
3937,γλωσσός,"talking, chattering",L,5,97.42
3938,ὑποταγή,"subordination, subjection, submission",,5,97.42
3939,πτωχεία,"beggary, mendacity",,5,97.42
3940,πέρυσι,"a year ago, last year",,5,97.43
3941,ὑπόστασις,"that which settles at the bottom, sediment",L,5,97.43
3942,ἐπιχορηγέω,to supply besides,L,5,97.43
3943,πανοῦργος,"ready to do anything wicked, knavish, villanous",L,5,97.43
3944,περιποίησις,"a keeping safe, preservation",L,5,97.43
3945,ἄθεος,"without god, denying the gods",L,5,97.43
3946,σκοτόω,"to make dark, to blind",L,5,97.43
3947,ἀσωτία,"prodigality, wastefulness",,5,97.43
3948,σκοπός,"one that watches, one that looks after",L,5,97.43
3949,γόης,"one who howls out enchantments, a sorcerer, enchanter",,5,97.44
3950,εὐλάβεια,"discretion, caution, circumspection",L,5,97.44
3951,διηνεκής,"continuous, unbroken",,5,97.44
3952,ζόφος,"the gloom of the world below, nether darkness",,5,97.44
3953,φαντάζω,"make visible, present to the eye",L,5,97.44
3954,ἔμφυτος,"implanted, innate, natural",,5,97.44
3955,ἰού,ho!,,5,97.44
3956,καταλαλέω,"to talk loudly, to blab",L,5,97.44
3957,ἀντίχριστος,Antichrist,,5,97.44
3958,χρυσόω,"to make golden, gild",L,5,97.44
3959,ὄρνεον,a bird,,5,97.45
3960,βύσσινος,made of βύσσος,,5,97.45
3961,καταπράσσω,"to accomplish, execute",L,5,97.45
3962,πέλτης,the Nile-fish,,5,97.45
3963,μελίνη,millet,,5,97.45
3964,ὀβολός,an obol,,5,97.45
3965,παλτός,"brandished, hurled",,5,97.45
3966,δίφρος,the chariot (board); seat,,5,97.45
3967,διέχω,to keep apart,L,5,97.45
3968,ἡλικιώτης,"an equal in age, fellow, comrade",,5,97.46
3969,κερδαλέος,"having an eye to gain, wily, crafty, cunning",,5,97.46
3970,πορευτέος,to be traversed,L,5,97.46
3971,προφύλαξ,an advanced guard,L,5,97.46
3972,ἐπήκοος,listening,,5,97.46
3973,συμπροθυμέομαι,"to have equal desire with, share in eagerness with",L,5,97.46
3974,ὁδοποιέω,"to make a road, guide",L,5,97.46
3975,ὑφηγέομαι,"to go just before, to guide, lead",L,5,97.46
3976,συνομολογέω,"to say the same thing with, to agree with",L,5,97.46
3977,ἀποδύω,to strip off,L,5,97.47
3978,σφαγιάζομαι,"to slay a victim, sacrifice",L,5,97.47
3979,θρασύς,"bold, spirited, courageous, confident",,5,97.47
3980,κατορύσσω,to bury in the earth,L,5,97.47
3981,ἐπιψηφίζω,to put a question to the vote,L,5,97.47
3982,ἐνάπτω,"to bind on, to kindle",L,5,97.47
3983,ἀγορανόμος,a clerk of the market,L,5,97.47
3984,ἐφόδιος,for a journey,,5,97.47
3985,ἀσχολία,"an occupation, business, want of leisure",,5,97.47
3986,σχέτλιος,unwearying,,5,97.47
3987,θητεύω,to be a serf,L,5,97.48
3988,μόριον,"a piece, portion, section",,5,97.48
3989,ἀποδειλιάω,"to play the coward, to flinch from danger",L,5,97.48
3990,ἐνταυθοῖ,"hither, here",,5,97.48
3991,κωμῳδία,a comedy,L,5,97.48
3992,χειροτέχνης,"a handicraftsman, artisan",L,5,97.48
3993,φορτικός,of the nature of a burden,L,5,97.48
3994,ἀξία,the worth,,5,97.48
3995,βούλευμα,"a deliberate resolution, purpose, design, plan",L,5,97.48
3996,ἀνυπόδητος,"unshod, barefoot",,5,97.49
3997,ὀλιγάκις,"but few times, seldom",,5,97.49
3998,αὐλητρίς,a flute-girl,,5,97.49
3999,μάκαρ,"blessed, happy",,5,97.49
4000,ἀργία,"idleness, laziness",,5,97.49
4001,κολακεία,"flattery, fawning",,5,97.49
4002,ἰατρεύω,"to treat medically, to cure",L,5,97.49
4003,γελωτοποιέω,"to create, make laughter",L,5,97.49
4004,τομή,"stump, section",,5,97.49
4005,ὄργανος,working,L,5,97.49
4006,ἐπιλήσμων,"apt to forget, forgetful",,5,97.5
4007,ἔμφρων,in one's mind,,5,97.5
4008,ἀνομολογέομαι,to agree upon,L,5,97.5
4009,μόριος,of burial,,5,97.5
4010,ἐξιόω,clean from rust,L,5,97.5
4011,ταινία,"a band, riband, fillet",,5,97.5
4012,συμπότης,"a fellow-drinker, boon-companion",,5,97.5
4013,πάρεργος,"beside the main subject, subordinate, incidental",L,5,97.5
4014,τραγῳδοποιός,"a maker of tragedies, a tragic poet, tragedian",,5,97.5
4015,εὔκολος,"easily satisfied, contented with one's food",,5,97.51
4016,ἀσύμφορος,"inconvenient, inexpedient, useless",,5,97.51
4017,ἐδωδή,"food, meat, victuals",,5,97.51
4018,πειθώ,persuasion,,5,97.51
4019,ἐπαινέτης,"a commender, admirer",,5,97.51
4020,καταψεύδομαι,"to tell lies against, speak falsely of",L,5,97.51
4021,ἀκουστέον,one must hear,L,5,97.51
4022,προσάπτω,"to fasten to, attach, grant, ascribe",L,5,97.51
4023,γραφικός,capable of drawing,L,5,97.51
4024,καταδέχομαι,"to receive, admit",L,5,97.52
4025,τραγικός,"(goat-like); tragic, majestic, pompous",,5,97.52
4026,γεωμετρικός,"of or for geometry, geometrical; skilled in geometry",,5,97.52
4027,φιλοθεάμων,"fond of seeing, fond of shows, plays",L,5,97.52
4028,σαφήνεια,"distinctness, perspicuity",,5,97.52
4029,συνοίομαι,to hold the same opinion with,L,5,97.52
4030,ἀντίστροφος,"turned so as to face one another: correlative, coordinate, counterpart",,5,97.52
4031,περιφορά,meats carried round,L,5,97.52
4032,εἰσαγγελία,an impeachment,L,5,97.52
4033,δυστυχής,"unlucky, unfortunate",,5,97.52
4034,δυστύχημα,"a piece of ill luck, a failure",L,5,97.53
4035,τριηραρχία,the command of a trireme,L,5,97.53
4036,συμπρίασθαι,"to buy together, buy up",L,5,97.53
4037,καταπολεμέω,to war down,L,4,97.53
4038,λῃστεύω,to be a robber: to carry on a piratical,L,4,97.53
4039,ἐκκρούω,to knock out,L,4,97.53
4040,προσπλέω,to sail towards,L,4,97.53
4041,ἐχυρός,"strong, secure",,4,97.53
4042,ἀτριβής,not rubbed,,4,97.53
4043,ἐκπολιορκέω,to force a besieged town to surrender,L,4,97.53
4044,ἀνασπάω,"to draw up, pull up",L,4,97.53
4045,συναίρω,to take up together,L,4,97.54
4046,εὔελπις,"of good hope, hopeful, cheerful, sanguine",,4,97.54
4047,ἀποκνέω,to shrink from,L,4,97.54
4048,περιρρέω,to flow round,L,4,97.54
4049,φράσσω,"to fence in, hedge round",L,4,97.54
4050,μηκύνω,"to lengthen, prolong, extend",L,4,97.54
4051,ὑπόμνησις,a reminding,L,4,97.54
4052,δόκησις,"an opinion, belief, conceit, fancy",L,4,97.54
4053,ὑποδεής,"somewhat deficient, inferior;",,4,97.54
4054,δημαγωγός,a popular leader,L,4,97.54
4055,ἐφορμέω,to lie moored at,L,4,97.54
4056,ἑκκαίδεκα,sixteen,L,4,97.55
4057,καταδιώκω,to pursue closely,L,4,97.55
4058,πολιορκία,"a besieging, siege",,4,97.55
4059,ἐξαναχωρέω,"to go out of the way, withdraw, retreat",L,4,97.55
4060,κακοπαθέω,"to suffer ill, to be in ill plight, be in distress",L,4,97.55
4061,ἐπιχείρησις,"an attempt, attack",,4,97.55
4062,ἐπιβιβάζω,to put,L,4,97.55
4063,ἐπιτρέχω,to run upon,L,4,97.55
4064,ἀκόντιον,javelin,L,4,97.55
4065,πρόχειρος,"at hand, ready",,4,97.55
4066,κύκλωσις,a surrounding,,4,97.55
4067,ἀνασείω,"to shake back, swing to and fro, move up and down",L,4,97.55
4068,ἀποδέω2,"to be in want of, lack",L,4,97.56
4069,αἱμασιά,a wall,L,4,97.56
4070,βεβαιότης,"firmness, steadfastness, stability, assurance, certainty",L,4,97.56
4071,συνεισέρχομαι,to enter along with,L,4,97.56
4072,κρίνον,a lily,,4,97.56
4073,λαμπρότης,"brilliancy, splendour",,4,97.56
4074,μέτειμι2,"go among, go after",L,4,97.56
4075,ἀλλόφυλος,"of another tribe, foreign",L,4,97.56
4076,πυλόω,to furnish with gates,L,4,97.56
4077,ἔπαλξις,a means of defence,,4,97.56
4078,ὄρομαι,"to watch, keep watch and ward",L,4,97.56
4079,οὐδαμόθεν,"from no place, from no side",,4,97.56
4080,ἵππαρχος,a general of cavalry,,4,97.57
4081,μνησικακέω,"to remember wrongs done one, remember past injuries",L,4,97.57
4082,ἐπιθαλάσσιος,"situated, living on the coast",,4,97.57
4083,πρόξενος,"a public ξένος, guest or friend of the state",L,4,97.57
4084,πέλας,"near, hard by, close",,4,97.57
4085,προΐσχω,"hold before, hold out",L,4,97.57
4086,αὐτονομία,"freedom to use one's own laws, independence",L,4,97.57
4087,σκάπτω,"to dig, delve",L,4,97.57
4088,ἀντικαθίστημι,to lay down,L,4,97.57
4089,ἀγάλλω,"to make glorious, glorify, exalt",L,4,97.57
4090,ἀκοντιστής,"a darter, javelin-man",L,4,97.57
4091,λέβης,a kettle,,4,97.57
4092,νεύω,to nod,L,4,97.58
4093,εὐκλεής,"of good report, famous, glorious",,4,97.58
4094,ἐπαραρίσκω,to fit to,L,4,97.58
4095,βούλησις,a willing,L,4,97.58
4096,ναυπηγία,shipbuilding,,4,97.58
4097,ἐγχειρίδιον,"dagger; (later) handle, tool, manual",L,4,97.58
4098,παραθαρσύνω,"to embolden, cheer on, encourage",L,4,97.58
4099,ἀμφορεύς,"an amphora, jar, urn",,4,97.58
4100,ἐπιμείγνυμι,add by mixing,L,4,97.58
4101,κατατρέχω,to run down,L,4,97.58
4102,μάχιμος,"fit for battle, warlike",L,4,97.58
4103,παράδοξος,"contrary to opinion, incredible, paradoxical",L,4,97.59
4104,σεμνύνω,"to exalt, magnify",L,4,97.59
4105,σκώπτω,"to hoot, mock, jeer, scoff at",L,4,97.59
4106,ἐγκώμιος,"native to a village (κώμη), laudatory (κῶμος)",,4,97.59
4107,πρόσταγμα,"an ordinance, command",,4,97.59
4108,δορυφορέω,to attend as a bodyguard,L,4,97.59
4109,καλλίας,tame ape,,4,97.59
4110,καλλιόω,make more beautiful,L,4,97.59
4111,ἀποτυγχάνω,to fail in hitting,L,4,97.59
4112,θηράω,to hunt,L,4,97.59
4113,συμμαρτυρέω,to bear witness with,L,4,97.59
4114,φιλόξενος,"loving strangers, hospitable",L,4,97.59
4115,πραΰνω,"make soft, mild",L,4,97.6
4116,ἄταφος,unburied,,4,97.6
4117,ἐπονειδίζω,to reproach,L,4,97.6
4118,ἐπονείδιστος,"to be reproached, shameful, ignominious",,4,97.6
4119,ἐπιφανής,"coming to light, appearing; remarkable, distinguished",,4,97.6
4120,ἀμνημονέω,to be unmindful,L,4,97.6
4121,ὑπερηφανία,"arrogance, disdain",,4,97.6
4122,ὑποφαίνω,to bring to light from under,L,4,97.6
4123,τλάω,"to take upon oneself, to bear, suffer, undergo",L,4,97.6
4124,προφέρω,to bring before,L,4,97.6
4125,ὑπόκειμαι,to lie under,L,4,97.6
4126,συμπλέω,to sail in company with,L,4,97.6
4127,προσπολεμέω,"to carry on war against, be at war with another",L,4,97.61
4128,ὁμαλής,level,,4,97.61
4129,ἐπαράομαι,to imprecate curses upon,L,4,97.61
4130,ἐπισκευάζω,"to get ready, to equip, fit out",L,4,97.61
4131,ἐκμανθάνω,to learn thoroughly,L,4,97.61
4132,ἀποκλίνω,to turn off,L,4,97.61
4133,πατρικός,"derived from one's fathers, paternal, hereditary",L,4,97.61
4134,παροξύνω,"to urge, prick",L,4,97.61
4135,ἀγνώμων,"ill-judging, senseless",L,4,97.61
4136,λῆμμα,"anything received, income",,4,97.61
4137,δεῖνα,"such an one, a certain one",F,4,97.61
4138,φροντίς,"thought, care, heed, attention",L,4,97.62
4139,θεωρικός,of or for θεωρία,,4,97.62
4140,ἀτακτέω,"to be undisciplined, disorderly",L,4,97.62
4141,ἐφόδιον,travelling-allowance,,4,97.62
4142,ῥαθυμία,"easiness of temper, taking things easily",L,4,97.62
4143,ναυτιλία,"sailing, seamanship",,4,97.62
4144,ἀπόγονος,"born or descended from, offspring",,4,97.62
4145,ἀποθαυμάζω,marvel much at a thing,L,4,97.62
4146,ἀρτύω,"to arrange, devise, prepare",L,4,97.62
4147,ἄπλετος,"boundless, immense",,4,97.62
4148,ἐπωνυμία,"name, title; derived, significant name, nickname",,4,97.62
4149,ἐκδείκνυμι,"to shew forth, exhibit, display",L,4,97.62
4150,σῦριγξ,a pipe,,4,97.63
4151,χέω,to pour,L,4,97.63
4152,κιθαρῳδός,"one who plays and sings to the cithara, a harper",,4,97.63
4153,λίσσομαι,"to beg, pray, entreat, beseech",L,4,97.63
4154,μετέπειτα,"afterwards, thereafter",,4,97.63
4155,ἄνολβος,"unblest, wretched, luckless",,4,97.63
4156,ἐπεισέρχομαι,to come in besides,L,4,97.63
4157,ἄχαρις,without grace,,4,97.63
4158,ἀπονοστέω,"to return, come home",L,4,97.63
4159,ἐκπίμπλημι,to fill up,L,4,97.63
4160,μόρος,"man's appointed doom, fate, destiny",,4,97.63
4161,τόνος,"rope, cord, brace; stretching, raising, exertion, pitch",,4,97.63
4162,ἀψευδής,"without lie and deceit, truthful, sincere, trusty",,4,97.64
4163,ἑπτακαίδεκα,seventeen,L,4,97.64
4164,ἡμιτάλαντον,a half-talent,,4,97.64
4165,κυκλοτερής,made round by turning,,4,97.64
4166,περιοικέω,to dwell round,L,4,97.64
4167,χαρακτήρ,a mark engraved,,4,97.64
4168,ἔμπλεος,quite full of,,4,97.64
4169,ῥιζόω,to make to strike root,L,4,97.64
4170,πανοπλία,suit of armour of a ὁπλίτης,L,4,97.64
4171,λόγιον,"an announcement, oracle",L,4,97.64
4172,ἐξορύσσω,to dig out,L,4,97.64
4173,πᾶσις,"acquisition, possession",,4,97.64
4174,ἐνωμοτία,"a band of sworn soldiers, a company in the Spartan army",,4,97.65
4175,συσσίτιον,"a common meal, public mess",L,4,97.65
4176,διαμετρέω,"to measure through, out",L,4,97.65
4177,κίβδηλος,"adulterated, spurious, base",,4,97.65
4178,ἐξανδραποδίζω,to reduce to utter slavery,L,4,97.65
4179,ἀντίτυπος,repelled,,4,97.65
4180,πῆμα,"suffering, misery, calamity, woe, bane",,4,97.65
4181,δίζημαι,"to seek out, look for",L,4,97.65
4182,οὐρός,a trench,,4,97.65
4183,εὔξενος,"kind to strangers, hospitable",L,4,97.65
4184,βραχίων,the arm,,4,97.65
4185,ὀσφραίνομαι,"to catch scent of, smell, scent, track",L,4,97.66
4186,σοφίζω,"to make wise, instruct",L,4,97.66
4187,κατειλέω,"to force into a narrow space, to coop up",L,4,97.66
4188,ἕννυμι,to put clothes on,L,4,97.66
4189,ἐπανάγκης,it is necessary,,4,97.66
4190,λωΐων,"more desirable, more agreeable",,4,97.66
4191,καθαγίζω,"to devote, dedicate, offer",L,4,97.66
4192,προσίστημι,"to place near, bring near",L,4,97.66
4193,κατασβέννυμι,"to put out, quench",L,4,97.66
4194,ἐπανίστημι,to set up again,L,4,97.66
4195,ἁμαρτάς,error,,4,97.66
4196,ἀνύω,"to effect, achieve, accomplish, complete",L,4,97.66
4197,ἀντιστασιώτης,one of the opposite faction,,4,97.67
4198,κρηπίς,a half-boot,,4,97.67
4199,ἀγοραῖος,"in, of the market",L,4,97.67
4200,πτύω,to spit out,L,4,97.67
4201,προσωτέρω,"further on, further",F,4,97.67
4202,ὀνειροπόλος,interpreter of dreams,,4,97.67
4203,ἡσύχιος,"still, quiet, at rest, at ease",,4,97.67
4204,αἰδοῖον,"the genitals, pudenda",L,4,97.67
4205,ἔλεγος,"a song of mourning, a lament",,4,97.67
4206,ὀρεινός,"mountainous, hilly",,4,97.67
4207,ἔκκειμαι,to be cast out,L,4,97.67
4208,ἧλιξ,of the same age,,4,97.67
4209,ἀνάγνωσις,recognition,,4,97.68
4210,θοίνη,"a meal, feast, banquet, dinner",,4,97.68
4211,βιβρώσκω,"to eat, eat up",L,4,97.68
4212,ἐνύπνιος,in dreams appearing,,4,97.68
4213,ἐξήκω,to have reached,L,4,97.68
4214,λειμών,"any moist, grassy place, a meadow, mead, holm",,4,97.68
4215,σκαιός,"left, on the left side",,4,97.68
4216,ἁλής,"assembled, thronged, in a mass, all at once",L,4,97.68
4217,ἄρκτος,a bear,,4,97.68
4218,μέση,mese,,4,97.68
4219,ὠνή,"a buying, purchasing",,4,97.68
4220,διάδοχος,succeeding,,4,97.69
4221,καταποντίζω,"to throw into the sea, drown therein",L,4,97.69
4222,οἶκτος,"pity, compassion",L,4,97.69
4223,μεσόγαια,"the inland parts, interior",,4,97.69
4224,ἀνεπιτήδειος,"unserviceable, unfit",,4,97.69
4225,ἑστία,"the hearth of a house, fireside; family",,4,97.69
4226,εὐρύς,"wide, broad",,4,97.69
4227,περιθέω,to run round,L,4,97.69
4228,ἄσφαλτος,"asphalt, bitumen",,4,97.69
4229,φάρσος,"a part, portion",,4,97.69
4230,ἀκίνητος,"unmoved, motionless",L,4,97.69
4231,ἀνώτερος,higher,,4,97.69
4232,μηρός,the thigh,,4,97.7
4233,μέδιμνος,the medimnus,,4,97.7
4234,σήσαμον,sesame seed,,4,97.7
4235,βάλανος,an acorn,,4,97.7
4236,καρπός2,the wrist,,4,97.7
4237,πρῷρα,"the forepart of a ship, a ship's head, prow, bow",,4,97.7
4238,καλάμη,the stalk,,4,97.7
4239,γόμος,"a ship's freight, burden, tonnage",,4,97.7
4240,σκῆπτρον,a staff,,4,97.7
4241,πατριά,"lineage, pedigree, by the father's side",L,4,97.7
4242,μόχθος,"toil, hard work hardship, distress, trouble",,4,97.7
4243,προφαίνω,"to bring forth, bring to light, shew forth, manifest, display",L,4,97.7
4244,κορέννυμι,"to sate, satiate, satisfy",L,4,97.71
4245,ἀνήκω,to have come up to,L,4,97.71
4246,σάγαρις,a single edged axe,,4,97.71
4247,ἁμῶς,in some way or other,,4,97.71
4248,μετοικεσία,the Removal,L,4,97.71
4249,ἀνακάμπτω,to bend back,L,4,97.71
4250,τρίβος,"a worn or beaten track, path, attrition, delay, exercise",,4,97.71
4251,ἀξίνη,an axe-head,,4,97.71
4252,ἄσβεστος,"unquenchable, inextinguishable",,4,97.71
4253,ἐκπειράζω,to tempt,L,4,97.71
4254,ῥύμη,"the force, swing, rush",,4,97.71
4255,δόμα,gift,,4,97.71
4256,ἀλώπηξ,a fox,,4,97.72
4257,ἐνθύμησις,"consideration, esteem",,4,97.72
4258,νυμφών,the bridechamber,,4,97.72
4259,ἐπίβλημα,"that which is thrown over, tapestry, hangings",L,4,97.72
4260,σκύλλω,"to rend, mangle",L,4,97.72
4261,ἐκτινάσσω,to shake out,L,4,97.72
4262,γεννητός,begotten,L,4,97.72
4263,σάκκος,"a coarse hair-cloth, sackcloth",,4,97.72
4264,ἅδος,"satiety, loathing",L,4,97.72
4265,βασίλισσα,queen,,4,97.72
4266,ἄνυδρος,"wanting water, waterless",,4,97.72
4267,καυματίζω,to burn,L,4,97.73
4268,πρόσκαιρος,"for a season, temporary",,4,97.73
4269,ζυμόω,to leaven,L,4,97.73
4270,μαθητεύω,to be pupil,L,4,97.73
4271,ἀποκεφαλίζω,behead,L,4,97.73
4272,κυνάριον,"a little dog, whelp",,4,97.73
4273,σφυρίς,nose-bag,,4,97.73
4274,μεταμορφόω,to transform,L,4,97.73
4275,γονυπετέω,"to fall on the knee, to fall down before",L,4,97.73
4276,κῆνσος,the tax,,4,97.73
4277,μύλος,a millstone,,4,97.73
4278,ὀφέλλω,"[Epic, Aeolic] owe > ὀφείλω",L,4,97.73
4279,πνίγω,"to choke, throttle, strangle",L,4,97.74
4280,σχάζω,to let loose,L,4,97.74
4281,κατακυριεύω,to gain dominion over,L,4,97.74
4282,φραγμός,"a fencing in, blocking up",L,4,97.74
4283,δεῦτε,hither! come on! come here!,,4,97.74
4284,πρωτοκαθεδρία,the first seat,,4,97.74
4285,προσήλυτος,one that has arrived at,,4,97.74
4286,κολοβόω,"to dock, curtail, shorten",L,4,97.74
4287,κατακλυσμός,"a deluge, inundation",,4,97.74
4288,κόλασις,"chastisement, correction, punishment",,4,97.74
4289,ἀλάβαστος,"globular vase for perfumes, also ἀλάβαστρον",L,4,97.74
4290,γένημα,produce,L,4,97.74
4291,περίλυπος,deeply grieved,,4,97.75
4292,κρανίον,"the upper part of the head, the skull",,4,97.75
4293,ἀπέναντι,"opposite, against",,4,97.75
4294,πλάνος,"leading astray, deceiving, (noun) wandering",,4,97.75
4295,ἀσφαλίζω,"fortify; to make safe, secure",L,4,97.75
4296,κύπτω,"to bend forward, stoop down",L,4,97.75
4297,πλοιάριον,"a skiff, boat",L,4,97.75
4298,προσκεφάλαιον,"a cushion for the head, pillow",,4,97.75
4299,τρέμω,to tremble,L,4,97.75
4300,εὔκαιρος,"well-timed, in season, seasonable",,4,97.75
4301,ῥαντίζω,to purify,L,4,97.75
4302,ἐκθαμβέω,"to amaze, astonish; mid. to be amazed",L,4,97.75
4303,τρίζω,"to utter a shrill cry, to scream, cry",L,4,97.76
4304,εἰρηνεύω,"to bring to peace, reconcile",L,4,97.76
4305,ἱκανόω,"to make sufficient, qualify",L,4,97.76
4306,ἀναπηδάω,"to leap up, start up",L,4,97.76
4307,ἀτιμάω,"to dishonour, treat lightly",L,4,97.76
4308,μεσονύκτιος,of or at midnight,,4,97.76
4309,κεράμιον,"an earthenware vessel, a jar",,4,97.76
4310,σπάω,to draw,L,4,97.76
4311,ἀναθεματίζω,to devote,L,4,97.76
4312,πορφύρα,the purple-fish,,4,97.76
4313,στεῖρα,a ship's keel,,4,97.76
4314,στεῖρα2,a cow that has not calved; a woman that is barren,,4,97.77
4315,ὀπτασία,a vision,,4,97.77
4316,σκιρτάω,"to spring, leap, bound",L,4,97.77
4317,κραταιόω,"strengthen, mid. prevail",L,4,97.77
4318,ἡγεμονεύω,"to be or act as ἡγεμών, to go before, lead the way",L,4,97.77
4319,φάτνη,"a manger, crib, feeding-trough",,4,97.77
4320,εὐλαβής,"taking hold well, holding fast",,4,97.77
4321,ὀψώνιον,provisions,,4,97.77
4322,ἦχος,sound,,4,97.77
4323,συμπληρόω,to help to fill,L,4,97.77
4324,σκορπίον,heliotropium,,4,97.77
4325,παραθέω,to run beside,L,4,97.77
4326,διανόημα,"a thought, notion",L,4,97.78
4327,ἀστράπτω,"to lighten, hurl lightnings",L,4,97.78
4328,συνάγνυμι,"to break together, break to pieces, shiver, shatter",L,4,97.78
4329,σιτευτός,"fed up, fatted",L,4,97.78
4330,χάσμα,"a yawning hollow, chasm, gulf",,4,97.78
4331,χῆρος,bereaved,,4,97.78
4332,εὐγενής,"well-born, of noble race, of high descent",,4,97.78
4333,λοιμός,"a plague, pestilence",,4,97.78
4334,αἰχμαλωτίζω,take prisoner,L,4,97.78
4335,ἐξουσιάζω,to exercise authority over,L,4,97.78
4336,ἐκτενής,"intense, zealous, instant",,4,97.78
4337,περιιάπτω,to wound all round,L,4,97.78
4338,ἐπιφωνέω,"to mention by name, tell of",L,4,97.79
4339,αἴτημα,"a request, demand",L,4,97.79
4340,ψηλαφάω,to feel,L,4,97.79
4341,ἀντλέω,"to bale out bilge-water, bale the ship",L,4,97.79
4342,κολυμβήθρα,a swimming-bath,,4,97.79
4343,παιδάριον,"a young, little boy",L,4,97.79
4344,κρίθινος,made of or from barley,,4,97.79
4345,μάννα,"manna, a morsel, grain",,4,97.79
4346,γογγυσμός,a murmuring,L,4,97.79
4347,δεκαπέντε,fifteen,L,4,97.79
4348,σύρω,"to draw, drag",L,4,97.79
4349,ὑπερῷον,"the upper part of the house, the upper story",,4,97.8
4350,ὅρασις,"seeing, the act of sight",,4,97.8
4351,ὠδίς,the pangs,,4,97.8
4352,πατριάρχης,the father,L,4,97.8
4353,διαπονέω,to work out with labour,L,4,97.8
4354,δίδημι,"to bind, fetter",L,4,97.8
4355,βλάσφημος,evil-speaking,L,4,97.8
4356,πάροικος,dwelling beside,L,4,97.8
4357,μετακαλέω,to call away to another place,L,4,97.8
4358,ἀστεῖος,of the town,,4,97.8
4359,ἀνατρέφω,"to feed up, nurse up, educate",L,4,97.8
4360,σινάς,destructive,,4,97.8
4361,σφάγιον,"a victim, offering",,4,97.81
4362,πικρία,bitterness,,4,97.81
4363,δορκάς,a kind of deer,,4,97.81
4364,ἐκνίζω,"to wash out, purge away",L,4,97.81
4365,κατασείω,"to shake down, throw down",L,4,97.81
4366,ἐπινεύω,to nod,L,4,97.81
4367,τεχνίτης,"an artificer, artisan, craftsman, skilled workman",L,4,97.81
4368,ἱερόσυλος,"a temple-robber, sacrilegious person",,4,97.81
4369,τρόφιμος,nourishing,L,4,97.81
4370,ποίμνιον,a flock,L,4,97.81
4371,ξυρέω,to shave,L,4,97.81
4372,ἐγκόπτω,"to hinder, thwart",L,4,97.81
4373,θρησκεία,religious worship,,4,97.82
4374,παραχειμάζω,to winter in,L,4,97.82
4375,πηδάλιον,a rudder,,4,97.82
4376,εὐοδόω,to help on the way,L,4,97.82
4377,φυσικός,"natural, native",L,4,97.82
4378,ἐκκαίω,to burn out,L,4,97.82
4379,σκληρότης,hardness,,4,97.82
4380,παιδευτής,"a teacher, instructor, preceptor",L,4,97.82
4381,ἐκκλίνω,to bend out of the regular line,L,4,97.82
4382,ἔνδειξις,a pointing out,,4,97.82
4383,μακαρισμός,"a pronouncing happy, blessing",,4,97.82
4384,καταλλαγή,exchange,,4,97.82
4385,περισσεία,"surplus, abundance",,4,97.83
4386,σύμφυτος,"born with one, congenital, innate, natural, inborn, inbred",L,4,97.83
4387,φανή,a torch a torch-procession,L,4,97.83
4388,σάρκινος,"of flesh, in the flesh",L,4,97.83
4389,νομοθεσία,"lawgiving, legislation",L,4,97.83
4390,παραζηλόω,provoke to jealousy,L,4,97.83
4391,ἐκκλάω,break off,L,4,97.83
4392,κεντρίζω,"to prick, goad",L,4,97.83
4393,κατακαυχάομαι,to boast against,L,4,97.83
4394,σύμβουλος,"an adviser, counsellor",,4,97.83
4395,προγράφω,to write before,L,4,97.83
4396,ἀγαθωσύνη,"goodness, kindness",L,4,97.84
4397,πλουτίζω,"to make wealthy, enrich",L,4,97.84
4398,μιμητός,to be imitated,,4,97.84
4399,ἐπιστολεύς,secretary,,4,97.84
4400,πλεονέκτης,one who has,,4,97.84
4401,σύμφωνος,"agreeing in sound, in unison",,4,97.84
4402,ἀσχημονέω,"to behave unseemly, disgrace oneself, to be put to shame",L,4,97.84
4403,ἑδραῖος,"sitting, sedentary",,4,97.84
4404,μολύνω,"to stain, sully, defile",L,4,97.84
4405,ὑποφέρω,to carry away under,L,4,97.84
4406,εἰδωλολατρεία,idolatry,,4,97.84
4407,διαίρεσις,"a dividing, division",,4,97.84
4408,ἐνεργής,productive,,4,97.85
4409,ἀσχήμων,"misshapen, unseemly, shameful",,4,97.85
4410,συγκεράννυμι,"to mix up with, commingle",L,4,97.85
4411,χοϊκός,of earth,,4,97.85
4412,ἐρύω,"to drag along the ground, drag, draw",L,4,97.85
4413,κάλυμμα,a head-covering,,4,97.85
4414,ἐνδημέω,to live in,L,4,97.85
4415,ἀγρυπνία,"sleeplessness, waking, watching",L,4,97.85
4416,ἰσότης,equality,,4,97.85
4417,ἐρεθίζω,"to rouse to anger, rouse to fight, irritate",L,4,97.85
4418,κανών,any straight rod,,4,97.85
4419,στῦλος,a pillar,,4,97.85
4420,ἐξαγοράζω,to buy up,L,4,97.86
4421,κυριότης,dominion,,4,97.86
4422,συνεγείρω,to help in raising,L,4,97.86
4423,ἄλυπος,without pain,L,4,97.86
4424,ἀνεψιός,"a first-cousin, cousin",,4,97.86
4425,πλάνης,"a wanderer, roamer, rover",,4,97.86
4426,ἀνυπότακτος,not made subject,,4,97.86
4427,ἀνδραποδιστής,"a slave-dealer, kidnapper",,4,97.86
4428,κτίσμα,"anything created, a creature",,4,97.86
4429,ὑπόνοια,a hidden thought,L,4,97.86
4430,ἄσπιλος,"without spot, spotless",,4,97.86
4431,ἀπαίδευτος,uneducated,,4,97.87
4432,ἄρτιος,"suitable, exactly fitted; ἀρτίως = ἄρτι, just now",,4,97.87
4433,αὐθάδης,"self-willed, wilful, dogged, stubborn, contumacious, presumptuous",,4,97.87
4434,ἔννοια,"a thought in the mind, notion, conception",L,4,97.87
4435,ὁρκωμοσία,"a swearing, an oath",,4,97.87
4436,ἀμίαντος,undefiled,,4,97.87
4437,τράγος,a he-goat,,4,97.87
4438,ὀπή,"an opening, hole",,4,97.87
4439,κλέος,"a rumour, report; fame, glory",,4,97.87
4440,κατακλύζω,"to dash over, flood, deluge, inundate",L,4,97.87
4441,ἴασπις,jasper,,4,97.87
4442,κυκλόθεν,from all around,,4,97.87
4443,καῦμα,burning heat,,4,97.88
4444,διπλόω,to double,L,4,97.88
4445,στρεπτός,"flexible, pliant",,4,97.88
4446,μισθοφόρος,receiving wages,,4,97.88
4447,εὐώδης,"sweet-smelling, fragrant",,4,97.88
4448,πρηνής,"with the face downwards, head-foremost (LSJ πρανής)",,4,97.88
4449,διελαύνω,to drive through,L,4,97.88
4450,καινόω,"to make new, innovate",L,4,97.88
4451,δρεπανηφόρος,bearing a scythe,,4,97.88
4452,πελταστικός,skilled in the use of the πέλτη,,4,97.88
4453,προσᾴδω,to sing to,L,4,97.88
4454,ἐκπίνω,to drink out,L,4,97.88
4455,προελαύνω,to ride on,L,4,97.89
4456,θωρακίζω,to arm with a breastplate,L,4,97.89
4457,τράγημα,that which is eaten for eating's sake,,4,97.89
4458,φιλοφρονέομαι,"to treat affectionately, to shew kindness to",L,4,97.89
4459,φιλικός,"friendly, mark of friendship",L,4,97.89
4460,ἀνακοινόω,to communicate,L,4,97.89
4461,ἐξορμάω,"to send forth, send to war",L,4,97.89
4462,λέχομαι,lie down,L,4,97.89
4463,τελέθω,"to come into being, to be quite",L,4,97.89
4464,οἰωνός,"a large bird, bird of prey",,4,97.89
4465,καταθύω,to sacrifice,L,4,97.89
4466,κήλη,a tumor,,4,97.89
4467,πότης,"a drinker, tippler, toper",L,4,97.9
4468,αἴξ,a goat,L,4,97.9
4469,διαμπερές,"through and through, right through, clean through",,4,97.9
4470,ὄχθη,"a rising ground, a bank, dyke",,4,97.9
4471,ἐγχέω,to pour in,L,4,97.9
4472,ἔκπωμα,"a drinking-cup, beaker",,4,97.9
4473,ψοφέω,"to make an inarticulate noise, to sound, make a noise",L,4,97.9
4474,διασκηνέω,separate and retire each to his billet,L,4,97.9
4475,ὄσπριον,pulse,,4,97.9
4476,ἀποσκεδάννυμι,"to scatter abroad, disperse",L,4,97.9
4477,ὄκνος,"shrinking, hesitation, unreadiness, sluggishness",L,4,97.9
4478,ὀμφαλός,the navel,,4,97.91
4479,βάδην,step by step,,4,97.91
4480,τριχῆ,"in three parts, in three ways",L,4,97.91
4481,σμῆνος,a beehive,L,4,97.91
4482,ἀναθορυβέω,"to cry out loudly, shout in applause",L,4,97.91
4483,ἀμελής,"careless, heedless, negligent",,4,97.91
4484,ἀποτρέχω,to run off,L,4,97.91
4485,κοῖλος,"hollow, hollowed",,4,97.91
4486,σύσκηνος,"one who lives in the same tent, a messmate",L,4,97.91
4487,παῦλα,"rest, a resting-point, stop, end, pause",L,4,97.91
4488,διαφανής,"seen through, transparent",L,4,97.91
4489,σωφρονίζω,"to recall a person to his senses, chasten; moderate",L,4,97.91
4490,εὐτύχημα,"a piece of good luck, a happy issue, a success",L,4,97.92
4491,καταθέω,to run down,L,4,97.92
4492,κωμάζω,"to go about with a party of revellers, to revel, make merry",L,4,97.92
4493,παμπόνηρος,"all-depraved, thoroughly knavish",L,4,97.92
4494,τριπλάσιος,"thrice as many, thrice as much, thrice as great as",,4,97.92
4495,ἐκτέμνω,to cut out,L,4,97.92
4496,ποιητός,made,L,4,97.92
4497,γραφεύς,a painter,L,4,97.92
4498,δυσμαθής,hard to learn,,4,97.92
4499,ἀντωμοσία,an oath,,4,97.92
4500,ῥητέος,one must mention,,4,97.92
4501,μιαρός,stained,,4,97.92
4502,αἰνίσσομαι,to speak in riddles,L,4,97.93
4503,καταδαρθάνω,to fall asleep,L,4,97.93
4504,συνήθης,dwelling,,4,97.93
4505,αἶσχος,"shame, disgrace",L,4,97.93
4506,ἀναβιόω,"to come to life again, return to life",L,4,97.93
4507,ἀνταδικέω,"injure in return, retaliate upon",L,4,97.93
4508,τροφεύς,one who rears,L,4,97.93
4509,καλλωπίζω,to make the face beautiful;,L,4,97.93
4510,πρώην,"lately, just now",,4,97.93
4511,ὑπερφυής,"overgrown, enormous",L,4,97.93
4512,ἀγριαίνω,"to be angered, provoked, chafed",L,4,97.93
4513,ἄκλητος,"uncalled, unbidden",L,4,97.94
4514,ὑπεραποθνῄσκω,to die for,L,4,97.94
4515,λύγξ2,"hiccup, retching",,4,97.94
4516,λύρα,lyre,,4,97.94
4517,σύστασις,"a putting together, composition",L,4,97.94
4518,φυλακτέος,to be watched,L,4,97.94
4519,ἐλλόγιμος,held in account,L,4,97.94
4520,σκοτεινός,dark,L,4,97.94
4521,ἐρώτημα,"that which is asked, a question",,4,97.94
4522,εὐφημέω,to use words of good omen,L,4,97.94
4523,γοητεία,"juggling, cheatery",,4,97.94
4524,ἐρώτησις,a questioning,,4,97.94
4525,ἐπιστημόω,make wise,L,4,97.95
4526,ἐπάνειμι,to return,L,4,97.95
4527,αὔλειος,of or belonging to the courtyard (αὐλή),,4,97.95
4528,προσβλέπω,to look at,L,4,97.95
4529,κηλέω,"to charm, bewitch, enchant, beguile, fascinate",L,4,97.95
4530,σκήπτω,"to prop, stay",L,4,97.95
4531,ἀλγεινός,"giving pain, painful, grievous",L,4,97.95
4532,ἀποσβέννυμι,"to put out, extinguish, quench",L,4,97.95
4533,συννοέω,to meditate,L,4,97.95
4534,πάππας,papa,,4,97.95
4535,πάππης,papa,,4,97.95
4536,παρακατατίθημι,deposit property with,L,4,97.95
4537,ἀποδοτέος,"one must give back, refer, assign",,4,97.96
4538,οἰκοδομικός,practised or skilful in building,L,4,97.96
4539,χορδή,"gut, gut string, sausage",,4,97.96
4540,ἀνανεύω,to throw the head back,L,4,97.96
4541,μῶν,but surely not? is it so?,,4,97.96
4542,ἑστίασις,"a feasting, banqueting, entertainment",,4,97.96
4543,μήτοι,not (μή τοι),,4,97.96
4544,ἀδυνατόω,debilitate,L,4,97.96
4545,ὑφάντης,a weaver,,4,97.96
4546,ἐμφύω,to implant,L,4,97.96
4547,παιδευτέος,to be educated,L,4,97.96
4548,ἀναγκαστέος,to be compelled,,4,97.96
4549,ἀποδεκτέος,one must receive from others,,4,97.97
4550,ταμίας,"master, controller, treasurer",,4,97.97
4551,τραγῳδέω,to act a tragedy,L,4,97.97
4552,τραγῳδός,a goat-singer,,4,97.97
4553,προσοιστέος,to be added to,,4,97.97
4554,ἀπαιδευσία,want of education,L,4,97.97
4555,φῦσα,"a pair of bellows, bellows",,4,97.97
4556,τεκτονικός,practised,,4,97.97
4557,ἀποσκοπέω,look steadily at,L,4,97.97
4558,μνήμων,mindful,,4,97.97
4559,κακουργία,"wickedness, villainy, malice",,4,97.97
4560,προπολεμέω,to make war for,L,4,97.98
4561,τοῖος,"quality, such, such-like",,4,97.98
4562,βαφή,a dipping,,4,97.98
4563,ῥύμμα,"anything for washing, soap",,4,97.98
4564,δεινόω,to make terrible: to exaggerate,L,4,97.98
4565,πολυπραγμοσύνη,"the character and conduct of the πολυπράγμων, curiosity, officiousness, meddlesomeness",,4,97.98
4566,ἕδρα,a sitting-place,,4,97.98
4567,ἀριστοκρατία,"the rule of the best, an aristocracy",L,4,97.98
4568,δριμύς,"piercing, sharp, keen",,4,97.98
4569,ἐμμελής,"sounding in unison, in tune",,4,97.98
4570,φιλήκοος,fond of hearing,L,4,97.98
4571,τειχίον,a wall,L,4,97.98
4572,ἀντιτείνω,"to stretch out in return, to offer in return, to repay",L,4,97.99
4573,πραγματεία,"the careful prosecution of an affair, diligent study, hard work",L,4,97.99
4574,μετέρχομαι,to come,L,4,97.99
4575,ἀμβλυώσσω,to be dim-sighted,L,4,97.99
4576,καταντικρύ,right opposite (adv or prep),,4,97.99
4577,ὄστρακον,an earthen vessel,,4,97.99
4578,ἀθλιότης,"suffering, wretchedness",L,4,97.99
4579,ἄκεντρος,"without sting, stingless",L,4,97.99
4580,ἀποπίμπλημι,to fill up,L,4,97.99
4581,κναφεῖον,a fuller's shop,,4,97.99
4582,ἀντίδοσις,"a giving in return, exchange",,4,97.99
4583,συκοφαντία,vexatious or dishonest prosecution,,4,97.99
4584,ἐπιβολή,a throwing,,4,98
4585,κρύβδην,secretly,,4,98
4586,ἐργαστήριον,"any place in which work is done: a workshop, manufactory",,4,98
4587,μήνυσις,laying of information,,4,98
4588,προσγράφω,"to write besides, add in writing",L,4,98
4589,συγκαταλύω,to join in putting down,L,4,98
4590,σύνδικος,"one who helps in a court of justice, an advocate",L,4,98
4591,σιτοπώλης,"corn-merchant, corn-factor",,4,98
4592,δημοτεύομαι,to be a δημότης,L,4,98
4593,προσφοιτάω,to go,L,4,98
4594,ἐξεγγυάω,to free,L,4,98
4595,κύρβεις,triangular tablets,,4,98
4596,ἐκβολή,a throwing out,,3,98.01
4597,ἐπιβοάω,to call upon,L,3,98.01
4598,συνεπάγω,to lead together against,L,3,98.01
4599,τιμωρός,upholding honour;,L,3,98.01
4600,ἐγκύπτω,to stoop down and peep in,L,3,98.01
4601,ἀποπίπτω,to fall off from,L,3,98.01
4602,πολλαχόθεν,from many places,,3,98.01
4603,ἀποκληρόω,to choose by lot from,L,3,98.01
4604,τριακόντορος,a thirty-oared ship,,3,98.01
4605,ἁλώσιμος,easy to capture/comprehend/beguile,,3,98.01
4606,καταπλήσσω,to strike down,L,3,98.01
4607,ἐπίπλοος2,"(n) sailing against, bearing down",L,3,98.01
4608,ὀκέλλω,to run,L,3,98.01
4609,χαλεπότης,"difficulty, ruggedness",,3,98.01
4610,παραπέμπω,"to send past, convey past",L,3,98.01
4611,παραβοηθέω,to come up to help,L,3,98.02
4612,τακτός,"ordered, prescribed",L,3,98.02
4613,μάσσω,to knead,L,3,98.02
4614,εὐπραγία,"well-doing, well-being, welfare, success",L,3,98.02
4615,ἀμφίβολος,"put round, encompassing",,3,98.02
4616,συναλλαγή,an interchange,,3,98.02
4617,παράσπονδος,contrary to a treaty,,3,98.02
4618,ἐφορμάω,"to stir up, rouse against",L,3,98.02
4619,ἐκτρέχω,to run out,L,3,98.02
4620,ἐφέλκω,"to draw on, drag",L,3,98.02
4621,τεχνόω,instruct in an art,L,3,98.02
4622,περιπέμπω,to send round,L,3,98.02
4623,εὐνή,a bed,,3,98.02
4624,δοράτιον,(small) spear (dim. of δόρυ),,3,98.02
4625,ἀπέραντος,"boundless, infinite",,3,98.02
4626,παρείκω,to give way,L,3,98.02
4627,σιτοδεία,want of corn,L,3,98.03
4628,ἀποδέω,to bind fast,L,3,98.03
4629,διατρέφω,to sustain continually,L,3,98.03
4630,ὑπόσχεσις,"an undertaking, engagement, promise",,3,98.03
4631,προπυνθάνομαι,"to learn by inquiring before, hear beforehand",L,3,98.03
4632,ἐπιτηρέω,to look out for,L,3,98.03
4633,ἀστυγείτων,near or bordering on a city,,3,98.03
4634,ὑποπέμπω,to send under,L,3,98.03
4635,νουμηνία,"the new moon, the first of the month",,3,98.03
4636,ὁλκάς,"a trading vessel, merchantman",,3,98.03
4637,ἐναυλίζω,to dwell,L,3,98.03
4638,ἀνέλπιστος,"unhoped for, unlooked for",,3,98.03
4639,ἐλλιπής,"wanting, lacking, defective",,3,98.03
4640,ἐκπορθέω,to pillage,L,3,98.03
4641,καταδέω,"to bind, take prisoner, convict, cast a spell on",L,3,98.03
4642,καταδέω2,"to want, lack, need",L,3,98.04
4643,παραίνεσις,"an exhortation, address",L,3,98.04
4644,ἐπικτάομαι,to gain,L,3,98.04
4645,προσβοηθέω,"to come to aid, come up with succour",L,3,98.04
4646,ἀπράγμων,free from business,,3,98.04
4647,σφαλερός,likely to make one stumble,,3,98.04
4648,προμήθεια,"foresight, forethought",,3,98.04
4649,ἐναντίωμα,"an obstacle, hindrance",,3,98.04
4650,περιτειχίζω,to wall all round,L,3,98.04
4651,ἀνάλωτος,"not to be taken, invincible, impregnable",,3,98.04
4652,ἀμαχητί,without battle,L,3,98.04
4653,ὑπεξέρχομαι,"to go out from under: to go out secretly, withdraw, retire",L,3,98.04
4654,μετάστασις,"a removing, removal",,3,98.04
4655,συμμένω,"to hold together, keep together",L,3,98.04
4656,ῥεῦμα,"that which flows, a flow, stream, current",,3,98.04
4657,συμβοηθέω,"to render joint aid, join in assisting",L,3,98.04
4658,ἀποστροφή,a turning back,,3,98.05
4659,ὕποπτος,viewed with suspicion or jealousy; suspecting,,3,98.05
4660,κρύφα,without the knowledge of,,3,98.05
4661,ἀποδοχή,"a receiving back, having restored to one",,3,98.05
4662,κατακτάομαι,"to get for oneself entirely, gain possession of",L,3,98.05
4663,βεβαίωσις,confirmation,L,3,98.05
4664,ἐπίνοια,a thinking on,L,3,98.05
4665,ἀντιπέρας,"over against, on the other side",,3,98.05
4666,ἀντιπέρα,the opposite coast,,3,98.05
4667,ἑπτακισχίλιοι,seven-thousand,,3,98.05
4668,δῆθεν,"really, in very truth",,3,98.05
4669,ἀρτάω,to fasten to,L,3,98.05
4670,φυσάω,to puff,L,3,98.05
4671,πνοή,"a blowing, blast, breeze",L,3,98.05
4672,δειπνοποιέω,to give a dinner,L,3,98.05
4673,σύμμεικτος,"commingled, promiscuous",,3,98.05
4674,ἐξαρτύω,"to get ready, equip thoroughly, fit out",L,3,98.06
4675,συγκαθίστημι,to bring into place together,L,3,98.06
4676,διαφαίνω,"to shew through, let",L,3,98.06
4677,ἔδαφος,"the bottom, foundation, base",,3,98.06
4678,μοχλός,a bar,L,3,98.06
4679,πίθος,a wine-jar,,3,98.06
4680,ἀνασκευάζω,to pack up the baggage,L,3,98.06
4681,τέμενος,"a piece of land cut off, assigned as a domain",L,3,98.06
4682,ταλαιπωρία,"hard work, hardship, suffering, distress",,3,98.06
4683,πρέσβεια,old woman,L,3,98.06
4684,πρυτανεύω,to hold the presidency,L,3,98.06
4685,δωδέκατος,the twelfth,,3,98.06
4686,συνᾴδω,to sing with,L,3,98.06
4687,ἀντιστρατοπεδεύω,to encamp over against,L,3,98.06
4688,νεώτατος,youngest,,3,98.06
4689,πρεπόντως,"in fit manner, meetly, beseemingly, gracefully",,3,98.07
4690,ἐκφοβέω,"to frighten away, affright",L,3,98.07
4691,προϋπάρχω,take the initiative in,L,3,98.07
4692,βοεικός,of or for oxen,L,3,98.07
4693,νυκτερινός,"by night, nightly",,3,98.07
4694,ὑπολύω,to loosen beneath,L,3,98.07
4695,προσκάθημαι,to be seated by,L,3,98.07
4696,ἐπισπάω,to draw,L,3,98.07
4697,κλῖμαξ,a ladder,,3,98.07
4698,καταγηράσκω,to grow old,L,3,98.07
4699,καινότης,"newness, freshness",,3,98.07
4700,σύγγραμμα,"a writing, a written paper",L,3,98.07
4701,σύνθεσις,"a putting together, composition, combination",L,3,98.07
4702,φιλοκίνδυνος,"fond of danger, adventurous",L,3,98.07
4703,ἐνάμιλλος,"engaged in equal contest with, a match for",,3,98.07
4704,μῆλον,a sheep,,3,98.07
4705,μῆλον2,tree-fruit,,3,98.08
4706,οἰκτρός,"pitiable, in piteous plight",L,3,98.08
4707,συμπολιτεύω,to live as fellow-citizens,L,3,98.08
4708,ἐπακτός,"brought in, imported",,3,98.08
4709,πρωτεύω,"to be the first, hold the first place",L,3,98.08
4710,ἐπικουρία,"aid, succour",,3,98.08
4711,μείρομαι,to receive as one's portion,L,3,98.08
4712,ἀποκαλέω,"to call back, recall",L,3,98.08
4713,φιλόπονος,"loving labour, laborious, industrious, diligent",L,3,98.08
4714,μισθαρνέω,to work,L,3,98.08
4715,κύκνος,a swan,,3,98.08
4716,ἰσόθεος,"equal to the gods, godlike",,3,98.08
4717,πορεῖν,"have offered, given",,3,98.08
4718,ἐπαφρόδιτος,"lovely, charming",,3,98.08
4719,ἐπίδοσις,"a giving over and above, a voluntary contribution",,3,98.08
4720,ἀναμφισβήτητος,"undisputed, indisputable",,3,98.08
4721,μικρότης,"smallness: littleness, meanness, pettiness",,3,98.09
4722,μυέω,to initiate into the mysteries,L,3,98.09
4723,φιλάνθρωπος,"loving mankind, humane, benevolent, kindly",L,3,98.09
4724,ἀποικίζω,to send away from home,L,3,98.09
4725,περιλαμβάνω,"to seize around, embrace",L,3,98.09
4726,συναδικέω,to join in wrong,L,3,98.09
4727,παραλείφω,to bedaub as with ointment,L,3,98.09
4728,ἔπηλυς,one who comes to,,3,98.09
4729,μακρολογέω,"to speak at length, use many words",L,3,98.09
4730,ὕπειμι,be under,L,3,98.09
4731,διαρρίπτω,to cast,L,3,98.09
4732,χρονόω,make temporal,L,3,98.09
4733,ἀκλεής,"without fame, inglorious, unsung",L,3,98.09
4734,θρυλέω,"chatter, babble; repeat over and over",L,3,98.09
4735,πεζεύω,"to go on foot, walk",L,3,98.09
4736,ἐξαιρετός,"that can be taken out, removable",,3,98.1
4737,ἀριστεῖος,"belonging to the bravest, bestowed as the prize of valour",,3,98.1
4738,δεσποτικός,"of or for a master; inclined to tyranny, despotic",L,3,98.1
4739,αὐτόχειρ,with one's own hand,,3,98.1
4740,σύγχυσις,"a commixture, confusion",,3,98.1
4741,καθέλκω,to draw,L,3,98.1
4742,ἔκδοτος,"given up, delivered over, surrendered",,3,98.1
4743,ῥοπή,"inclination downwards, the sinking of the scale",,3,98.1
4744,ἁβροκόμης,"with delicate [JT: is this cut off?] [SM: with delicate hair, I suspect]",L,3,98.1
4745,βραδυτής,slowness,,3,98.1
4746,συνταράσσω,"to throw all together into confusion, to confound, disturb, trouble",L,3,98.1
4747,ἀφετέος,one must dismiss,,3,98.1
4748,παροικέω,to dwell beside,L,3,98.1
4749,ἐγκαθίστημι,to place,L,3,98.1
4750,ὀχληρός,"troublesome, irksome, importunate",,3,98.1
4751,ἀριστεύω,to be best,L,3,98.1
4752,ἐπίορκος,"sworn falsely, perjured",,3,98.11
4753,ἀναδέχομαι,"to take up, catch, receive",L,3,98.11
4754,συμπονέω,to work with,L,3,98.11
4755,προσθήκη,"an addition, appendage, appendix",,3,98.11
4756,ἐπισφαλής,"prone to fall, unstable, precarious",,3,98.11
4757,ἀκρασία2,incontinence,L,3,98.11
4758,ἀκρασία,"bad mixture, ill temperature",L,3,98.11
4759,ἐπανίημι,to let loose at,L,3,98.11
4760,μοχθηρία,"bad condition, badness",,3,98.11
4761,στρατιωτικός,of or for soldiers,L,3,98.11
4762,ἀθῷος,"unpunished, scot-free",L,3,98.11
4763,ἀπέχθεια,hatred,,3,98.11
4764,διερωτάω,to cross-question,L,3,98.11
4765,ποτή,flight,,3,98.11
4766,περιουσία,supersum,L,3,98.11
4767,κονιάω,to plaster,L,3,98.12
4768,λῆρος,"silly talk, nonsense, trumpery",,3,98.12
4769,σύνταξις,"a putting together, arranging, arrangement, organisation, order",L,3,98.12
4770,παραχωρέω,"to go aside, make room, give place, retire",L,3,98.12
4771,ἐξίτηλος,"going out, losing colour, fading, evanescent",,3,98.12
4772,λόγιος,versed in tales,,3,98.12
4773,οἰκειόω,to make one's own,L,3,98.12
4774,καταστροφή,an overturning,,3,98.12
4775,αἰχμοφόρος,"one who trails a pike, a spearman",L,3,98.12
4776,ὑπερτίθημι,"to communicate; mid. to surpass, to defer",L,3,98.12
4777,ἀναβοάω,"to shout aloud, utter a loud cry",L,3,98.12
4778,δέσποινα,"the mistress, lady of the house",L,3,98.12
4779,ἀπομάχομαι,to fight from,L,3,98.12
4780,ἀγχοῦ,"near, nigh",L,3,98.12
4781,ἐπιδέχομαι,to admit besides,L,3,98.12
4782,νομάς,roaming about for pasture,,3,98.12
4783,προσπταίω,to strike against,L,3,98.13
4784,ἐπελαύνω,to drive upon,L,3,98.13
4785,ἐντείνω,to stretch,L,3,98.13
4786,λήϊον,standing crop,,3,98.13
4787,συγκομίζω,to carry,L,3,98.13
4788,νοστέω,to come,L,3,98.13
4789,καταδοκέω,to suppose,L,3,98.13
4790,διθύραμβος,the dithyramb;,,3,98.13
4791,σχοινίον,a cord,,3,98.13
4792,ἐπαιτιάομαι,"to bring a charge against, accuse",L,3,98.13
4793,ἵμερος,a longing,,3,98.13
4794,περιχαρής,exceeding joyous,,3,98.13
4795,ἀπορρίπτω,"to throw away, put away",L,3,98.13
4796,φθονερός,"envious, jealous, grudging",,3,98.13
4797,ἄτη,"bewilderment, infatuation, reckless impulse",,3,98.13
4798,ἐπιδέω2,to want,L,3,98.13
4799,ἐπιδέω,to bind on,L,3,98.14
4800,κατορρωδέω,"to be dismayed at, dread greatly",L,3,98.14
4801,ἐφέστιος,"at one's own fireside, at home",,3,98.14
4802,νεόγαμος,"newly married, a young husband",L,3,98.14
4803,παροράω,"to look at by the way, notice, remark",L,3,98.14
4804,ἀνδρίς,woman,,3,98.14
4805,κλώψ,a thief,,3,98.14
4806,χρεών,necessity; it is necessary,,3,98.14
4807,πῆρος,"loss of strength, dotage",,3,98.14
4808,περιημεκτέω,"to be much aggrieved, to chafe greatly at",L,3,98.14
4809,θεσπίζω,"to declare by oracle, prophesy, divine",L,3,98.14
4810,ἀναπτύσσω,to unfold,L,3,98.14
4811,ἡμιπλίνθιον,"a half-plinth, a brick",,3,98.14
4812,ἐξεύρημα,"a thing found out, an invention",,3,98.14
4813,ὁμόγλωσσος,speaking the same tongue,L,3,98.14
4814,καταφαίνω,"to declare, make known",L,3,98.15
4815,φάτις,"a voice from heaven, the voice of an oracle, an oracle",,3,98.15
4816,μετεξέτεροι,"some among many, certain persons",,3,98.15
4817,ὕπνον,lichen,,3,98.15
4818,διασκεδάννυμι,"to scatter abroad, scatter to the winds, disperse",L,3,98.15
4819,καθυπέρτερος,above,,3,98.15
4820,συμβολή,"a coming together, meeting, joining",,3,98.15
4821,ἀθλέω,"to contend, to struggle, to be an athlete, to hold games",L,3,98.15
4822,χάλκειος,of copper,,3,98.15
4823,σορός,a vessel for holding,,3,98.15
4824,ἄφιξις,an arrival,,3,98.15
4825,ἀντιδίδωμι,"to give in return, repay",L,3,98.15
4826,ἀναισιμόω,"to use up, use, consume",L,3,98.15
4827,ἴλη,"a crowd, band, troop",,3,98.15
4828,περιέπω,to treat with great care,L,3,98.15
4829,δαιτυμών,"one that is entertained, an invited guest",,3,98.15
4830,κόμη,"the hair, hair of the head",,3,98.16
4831,ἀνασῴζω,"recover what is lost, rescue",L,3,98.16
4832,περιλείπομαι,"to be left remaining, remain over, survive",L,3,98.16
4833,τεσσαρεσκαιδέκατος,fourteenth,,3,98.16
4834,μήλη,a probe,,3,98.16
4835,ἦμαρ,day,,3,98.16
4836,ἀκροθίνιον,"the topmost part of a heap, the choice part, first-fruits",L,3,98.16
4837,θεοσεβής,"fearing God, religious",,3,98.16
4838,καταβιβάζω,"to make to go down, bring down, bring down",L,3,98.16
4839,ὁμομήτριος,born of the same mother,L,3,98.16
4840,ἀντιπράσσω,"to act against, seek to counteract",L,3,98.16
4841,καθιερόω,"to dedicate, devote, hallow",L,3,98.16
4842,συγγραφή,a writing,L,3,98.16
4843,παιγνία,"play, sport, a game",,3,98.16
4844,ἔξοδος2,promoting the passage (med.),L,3,98.16
4845,ἐνιδρύω,to set in,L,3,98.16
4846,μνάομαι,be mindful of; woo,L,3,98.17
4847,ἰθύς,"straight, direct",,3,98.17
4848,συνάπας,all together,,3,98.17
4849,φοινίκεος,"purple-red, purple",L,3,98.17
4850,τειχέω,to build walls,L,3,98.17
4851,ἀνδραγαθία,"bravery, manly virtue, the character of a brave honest man",,3,98.17
4852,ἀσινής,"unhurt, unharmed",,3,98.17
4853,γόνος,"that which is begotten, offspring, a child",L,3,98.17
4854,δοκή,"a vision, fancy",L,3,98.17
4855,ἐγχειρίζω,"to put into one's hands, entrust",L,3,98.17
4856,ἄγγος,a vessel,L,3,98.17
4857,ἐκφαίνω,"to shew forth, bring to light, disclose, reveal, make manifest",L,3,98.17
4858,ἀνδρόω,to rear up into manhood,L,3,98.17
4859,θηρευτής,"a hunter, huntsman",,3,98.17
4860,ἐνεός,"dumb, deaf and dumb",,3,98.17
4861,ὀκτωκαίδεκα,eighteen,L,3,98.18
4862,ἀνακαίω,to light up,L,3,98.18
4863,τιάρα,a tiara,,3,98.18
4864,κατεύχομαι,to pray earnestly,L,3,98.18
4865,θέρμος,"lupine, Lupinus albus",,3,98.18
4866,παραγωγή,"a leading by, past, astray; dialect variation, misleading argument",L,3,98.18
4867,μετοχή,"participation, communion",,3,98.18
4868,πρυτανεῖον,"the presidents' hall, town-hall",,3,98.18
4869,σμύρνα,myrrh,,3,98.18
4870,ἀποδοκεῖ,it seems good not,,3,98.18
4871,πεντηκόντορος,a ship of burden with fifty oars,,3,98.18
4872,πρᾶσις,"a selling, sale",,3,98.18
4873,κιθαρίζω,to play the cithara,L,3,98.18
4874,καπηλεύω,to be a retail-dealer,L,3,98.18
4875,ὑποθήκη,"a suggestion, counsel, warning, piece of advice",L,3,98.18
4876,συμβουλή,"counsel, consultation, deliberation, debate",,3,98.18
4877,δειμαίνω,"to be afraid, in a fright",L,3,98.19
4878,στρουθός,the sparrow,,3,98.19
4879,πέμμα,any kind of dressed food;,,3,98.19
4880,ναυτίλλομαι,"to sail, go by sea",L,3,98.19
4881,ἔμπηρος,"crippled, maimed",,3,98.19
4882,δέμω,to build,L,3,98.19
4883,λιβανωτός,"frankincense, the gum of the tree",,3,98.19
4884,ἔλυτρον,"the case, sheath, reservoir",,3,98.19
4885,ἀνοικοδομέω,to build up,L,3,98.19
4886,χορεύω,to dance a round,L,3,98.19
4887,πλῆκτρον,anything to strike with,,3,98.19
4888,λίνεος,"of flax, flaxen, linen",,3,98.19
4889,ἐπενδύνω,to put on,L,3,98.19
4890,πωλέομαι,"to go up and down, go to and fro",L,3,98.19
4891,ἄμορφος,"misshapen, unsightly",,3,98.19
4892,διέξοδος,"a way out through, an outlet, passage, channel",L,3,98.2
4893,μᾶζα,a barley-cake,,3,98.2
4894,ὄρχησις,"dancing, the dance",,3,98.2
4895,μίξις,"mixing, mingling",,3,98.2
4896,προσαπόλλυμι,to destroy besides,L,3,98.2
4897,παροίχομαι,to have passed by,L,3,98.2
4898,ἐπόμνυμι,"to swear after, swear accordingly",L,3,98.2
4899,στέρνον,"the breast, chest",,3,98.2
4900,στόμιον,"mouth, cavity, bridle-bit",L,3,98.2
4901,δατέομαι,to divide among themselves,L,3,98.2
4902,δεκατέσσαρες,fourteen,L,3,98.2
4903,δερμάτινος,"of skin, leathern",L,3,98.2
4904,ἐλεήμων,"pitiful, merciful, compassionate",,3,98.2
4905,εὐνοέω,to be well-inclined,L,3,98.2
4906,παρεκτός,besides,,3,98.2
4907,ἀγγαρεύω,"press one to serve as an ἄγγαρος, generally, press into service",L,3,98.2
4908,σκυθρωπός,"angry-looking, of sad countenance, sullen",,3,98.21
4909,ἀρκετός,sufficient,,3,98.21
4910,διαβλέπω,to look straight before one,L,3,98.21
4911,σταφυλή,a bunch of grapes,,3,98.21
4912,πτῶσις,"a falling, fall",L,3,98.21
4913,ἐξώτερος,"outer, utter",,3,98.21
4914,πυρέσσω,to be ill of a fever,L,3,98.21
4915,φωλεός,"a hole, den",,3,98.21
4916,ποδαπός,from what country?,F,3,98.21
4917,κρημνός,an overhanging bank,,3,98.21
4918,ὑπάντησις,coming to meet,,3,98.21
4919,τελώνιον,a custom-house,L,3,98.21
4920,συντηρέω,to preserve together,L,3,98.21
4921,διαφημίζω,to spread abroad,L,3,98.21
4922,σποδός,"wood-ashes, embers",,3,98.21
4923,σπόριμος,"sown, to be sown, fit for sowing",,3,98.21
4924,τίλλω,to pluck,L,3,98.22
4925,σαρόω,to sweep clean,L,3,98.22
4926,ἀποπνίγω,"to choke, throttle",L,3,98.22
4927,παχύνω,"to thicken, fatten",L,3,98.22
4928,ἐκριζόω,to root out,L,3,98.22
4929,ἐκλάμπω,to shine,L,3,98.22
4930,πολύτιμος,very costly,L,3,98.22
4931,κοπάζω,to grow weary,L,3,98.22
4932,εἰσθέω,"to run into, run up",L,3,98.22
4933,κυλλός,"crooked, crippled",,3,98.22
4934,κατισχύω,"to have power over, overpower, prevail against",L,3,98.22
4935,παρακούω,to hear beside,L,3,98.22
4936,ποσάκις,how many times? how often?,,3,98.22
4937,συναιρέω,to grasp,L,3,98.22
4938,ὀφειλή,a debt,,3,98.22
4939,καρδιόω,hearten,L,3,98.23
4940,συζεύγνυμι,"to yoke together, couple",L,3,98.23
4941,σκληροκαρδία,hardness of heart,L,3,98.23
4942,ἄπους,without foot,,3,98.23
4943,καύσων,burning heat,,3,98.23
4944,λύτρον,a price paid,,3,98.23
4945,κολλυβιστής,a small money-changer,,3,98.23
4946,καθέδρα,a seat,,3,98.23
4947,ἐπανάγω,"to bring up: to stir up, excite",L,3,98.23
4948,ἐξεσθίω,"to eat away, eat up",L,3,98.23
4949,φονάω,"to be athirst for blood, to be murderous",L,3,98.23
4950,δεσμεύω,"to fetter, put in chains",L,3,98.23
4951,πλατύνω,"to widen, make wide",L,3,98.23
4952,θροέω,to cry aloud,L,3,98.23
4953,ψύχω,"to breathe, blow",L,3,98.23
4954,ἐρήμωσις,making desolate,,3,98.23
4955,φέγγος,"light, splendour, lustre",,3,98.24
4956,χρονίζω,to spend time,L,3,98.24
4957,ἀπάντησις,escort,,3,98.24
4958,ἀδημονέω,to be sorely troubled,L,3,98.24
4959,πῖον,"fat, rich milk",,3,98.24
4960,ὠτίον,"(little) ear, little handle",,3,98.24
4961,λαλιά,"talking, talk, chat",L,3,98.24
4962,ἀπονίζω,wash off,L,3,98.24
4963,χλαμύς,a short mantle,,3,98.24
4964,χολή,"gall, bile",,3,98.24
4965,παραπορεύομαι,to go beside,L,3,98.24
4966,σπόγγος,a sponge,,3,98.24
4967,ἐντυλίσσω,to wrap up,L,3,98.24
4968,ἀποκυλίω,to roll away,L,3,98.24
4969,ἒ,woe! woe!,,3,98.24
4970,γραπτός,marked as with letters,L,3,98.24
4971,αὗ,bow wow,,3,98.25
4972,ἔα,ha! oho!,,3,98.25
4973,ἀπόκρυφος,"hidden, concealed",,3,98.25
4974,ἐπιλύω,"to loose, untie",L,3,98.25
4975,λαῖλαψ,"a tempest, furious storm, hurricane",,3,98.25
4976,ῥύσις,"a flowing, flow",,3,98.25
4977,μεγιστᾶνες,"great men, grandees",,3,98.25
4978,εὐκαιρέω,to devote one's leisure,L,3,98.25
4979,συμπόσιον,"a drinking-party, symposium",,3,98.25
4980,βαπτισμός,"a dipping in water, ablution",L,3,98.25
4981,ἄλαλος,speechless,L,3,98.25
4982,λευκόν,"(subst.) eggwhite, white of the eye, white dress,..",,3,98.25
4983,ἀπόδοτος,liable to be repaid,,3,98.25
4984,βάτος3,"Hebr. measure, bath",,3,98.25
4985,ὁλοκαύτωμα,"a whole burnt-offering, holocaust",L,3,98.25
4986,ἄφετος,"let loose, at large, ranging at will",,3,98.26
4987,κατάλυμα,"an inn, lodging",,3,98.26
4988,συναποθνῄσκω,to die together with,L,3,98.26
4989,ἀββα,father,L,3,98.26
4990,ἀχειροποίητος,not wrought by hands,,3,98.26
4991,περικαλύπτω,to cover all round,L,3,98.26
4992,ῥάπισμα,"a stroke, a slap on the face",,3,98.26
4993,συσταυρόομαι,to be crucified with,L,3,98.26
4994,ἐκπνέω,to breathe out,L,3,98.26
4995,μακαρία,"happiness, bliss",,3,98.26
4996,ἐπιβλέπω,"to look upon, look attentively",L,3,98.26
4997,λύτρωσις,ransoming,,3,98.26
4998,κατευθύνω,"to make straight, keep straight",L,3,98.26
4999,λᾶας,stone,,3,98.26
5000,πόντιος,of the sea,L,3,98.26
